ISO-10303-21;
HEADER;
/* Generated by software containing ST-Developer
 * from STEP Tools, Inc. (www.steptools.com) 
 */

FILE_DESCRIPTION(
/* description */ (''),
/* implementation_level */ '2;1');

FILE_NAME(
/* name */ 'ScopeBuddyEnclosure.step',
/* time_stamp */ '2026-08-07T13:10:45+02:00',
/* author */ (''),
/* organization */ (''),
/* preprocessor_version */ 'ST-DEVELOPER v20.1',
/* originating_system */ 'Autodesk Translation Framework v15.8.0.0',
/* authorisation */ '');

FILE_SCHEMA (('AUTOMOTIVE_DESIGN { 1 0 10303 214 3 1 1 }'));
ENDSEC;

DATA;
#10=MECHANICAL_DESIGN_GEOMETRIC_PRESENTATION_REPRESENTATION('',(#23,#24),
#11028);
#11=ITEM_DEFINED_TRANSFORMATION($,$,#3769,#4009);
#12=ITEM_DEFINED_TRANSFORMATION($,$,#3952,#4010);
#13=(
REPRESENTATION_RELATIONSHIP($,$,#11042,#11041)
REPRESENTATION_RELATIONSHIP_WITH_TRANSFORMATION(#11)
SHAPE_REPRESENTATION_RELATIONSHIP()
);
#14=(
REPRESENTATION_RELATIONSHIP($,$,#11043,#11041)
REPRESENTATION_RELATIONSHIP_WITH_TRANSFORMATION(#12)
SHAPE_REPRESENTATION_RELATIONSHIP()
);
#15=CONTEXT_DEPENDENT_SHAPE_REPRESENTATION(#13,#11039);
#16=CONTEXT_DEPENDENT_SHAPE_REPRESENTATION(#14,#11040);
#17=NEXT_ASSEMBLY_USAGE_OCCURRENCE('Front:1','Front:1','Front:1',#11045,
#11046,'Front:1');
#18=NEXT_ASSEMBLY_USAGE_OCCURRENCE('Back:1','Back:1','Back:1',#11045,#11047,
'Back:1');
#19=SHAPE_REPRESENTATION_RELATIONSHIP('SRR','None',#11042,#21);
#20=SHAPE_REPRESENTATION_RELATIONSHIP('SRR','None',#11043,#22);
#21=ADVANCED_BREP_SHAPE_REPRESENTATION('',(#25),#11026);
#22=ADVANCED_BREP_SHAPE_REPRESENTATION('',(#26),#11027);
#23=STYLED_ITEM('',(#11060),#25);
#24=STYLED_ITEM('',(#11060),#26);
#25=MANIFOLD_SOLID_BREP('Front',#3743);
#26=MANIFOLD_SOLID_BREP('Back',#3744);
#27=B_SPLINE_SURFACE_WITH_KNOTS('',3,3,((#7937,#7938,#7939,#7940,#7941,
#7942,#7943,#7944,#7945,#7946,#7947,#7948,#7949,#7950,#7951,#7952,#7953,
#7954,#7955,#7956,#7957,#7958,#7959,#7960,#7961,#7962,#7963,#7964,#7965,
#7966,#7967,#7968,#7969,#7970,#7971,#7972,#7973,#7974,#7975,#7976,#7977,
#7978,#7979,#7980,#7981,#7982,#7983,#7984,#7985,#7986,#7987,#7988,#7989,
#7990,#7991,#7992),(#7993,#7994,#7995,#7996,#7997,#7998,#7999,#8000,#8001,
#8002,#8003,#8004,#8005,#8006,#8007,#8008,#8009,#8010,#8011,#8012,#8013,
#8014,#8015,#8016,#8017,#8018,#8019,#8020,#8021,#8022,#8023,#8024,#8025,
#8026,#8027,#8028,#8029,#8030,#8031,#8032,#8033,#8034,#8035,#8036,#8037,
#8038,#8039,#8040,#8041,#8042,#8043,#8044,#8045,#8046,#8047,#8048),(#8049,
#8050,#8051,#8052,#8053,#8054,#8055,#8056,#8057,#8058,#8059,#8060,#8061,
#8062,#8063,#8064,#8065,#8066,#8067,#8068,#8069,#8070,#8071,#8072,#8073,
#8074,#8075,#8076,#8077,#8078,#8079,#8080,#8081,#8082,#8083,#8084,#8085,
#8086,#8087,#8088,#8089,#8090,#8091,#8092,#8093,#8094,#8095,#8096,#8097,
#8098,#8099,#8100,#8101,#8102,#8103,#8104),(#8105,#8106,#8107,#8108,#8109,
#8110,#8111,#8112,#8113,#8114,#8115,#8116,#8117,#8118,#8119,#8120,#8121,
#8122,#8123,#8124,#8125,#8126,#8127,#8128,#8129,#8130,#8131,#8132,#8133,
#8134,#8135,#8136,#8137,#8138,#8139,#8140,#8141,#8142,#8143,#8144,#8145,
#8146,#8147,#8148,#8149,#8150,#8151,#8152,#8153,#8154,#8155,#8156,#8157,
#8158,#8159,#8160)),.UNSPECIFIED.,.F.,.F.,.F.,(4,4),(4,1,1,1,1,1,1,1,1,
1,1,1,1,1,1,1,1,1,1,1,1,1,1,1,1,1,1,1,1,1,1,1,1,1,1,1,1,1,1,1,1,1,1,1,1,
1,1,1,1,1,1,1,1,4),(0.,0.0321584099938629),(11.8553612635793,12.8418906022434,
13.8284199409074,14.8149492795714,15.8014786182354,16.7880079568995,17.7745372955635,
18.7610666342275,19.7475959728916,20.7341253115556,21.7206546502196,22.7071839888837,
23.6937133275477,24.6802426662117,25.6667720048758,26.6533013435398,27.6398306822038,
28.6263600208678,29.6128893595319,30.5994186981959,31.5859480368599,32.572477375524,
33.559006714188,34.545536052852,35.5320653915161,36.5185947301801,37.5051240688441,
38.4916534075082,39.4781827461722,40.4647120848362,41.4512414235002,42.4377707621643,
43.4243001008283,44.4108294394923,45.3973587781564,46.3838881168204,47.3704174554844,
48.3569467941485,49.3434761328125,50.3300054714765,51.3165348101406,52.3030641488046,
53.2895934874686,54.2761228261326,55.2626521647967,56.2491815034607,57.2357108421247,
58.2222401807888,59.2087695194528,60.1952988581168,61.1818281967809,62.1683575354449,
63.1548868741089,64.141416212773),.UNSPECIFIED.);
#28=B_SPLINE_SURFACE_WITH_KNOTS('',3,3,((#8262,#8263,#8264,#8265,#8266,
#8267,#8268,#8269,#8270,#8271,#8272,#8273,#8274,#8275,#8276,#8277,#8278,
#8279,#8280,#8281,#8282,#8283,#8284,#8285,#8286,#8287,#8288,#8289,#8290,
#8291,#8292,#8293,#8294,#8295,#8296,#8297,#8298,#8299,#8300,#8301,#8302,
#8303,#8304,#8305,#8306,#8307,#8308,#8309,#8310,#8311,#8312,#8313,#8314,
#8315,#8316,#8317),(#8318,#8319,#8320,#8321,#8322,#8323,#8324,#8325,#8326,
#8327,#8328,#8329,#8330,#8331,#8332,#8333,#8334,#8335,#8336,#8337,#8338,
#8339,#8340,#8341,#8342,#8343,#8344,#8345,#8346,#8347,#8348,#8349,#8350,
#8351,#8352,#8353,#8354,#8355,#8356,#8357,#8358,#8359,#8360,#8361,#8362,
#8363,#8364,#8365,#8366,#8367,#8368,#8369,#8370,#8371,#8372,#8373),(#8374,
#8375,#8376,#8377,#8378,#8379,#8380,#8381,#8382,#8383,#8384,#8385,#8386,
#8387,#8388,#8389,#8390,#8391,#8392,#8393,#8394,#8395,#8396,#8397,#8398,
#8399,#8400,#8401,#8402,#8403,#8404,#8405,#8406,#8407,#8408,#8409,#8410,
#8411,#8412,#8413,#8414,#8415,#8416,#8417,#8418,#8419,#8420,#8421,#8422,
#8423,#8424,#8425,#8426,#8427,#8428,#8429),(#8430,#8431,#8432,#8433,#8434,
#8435,#8436,#8437,#8438,#8439,#8440,#8441,#8442,#8443,#8444,#8445,#8446,
#8447,#8448,#8449,#8450,#8451,#8452,#8453,#8454,#8455,#8456,#8457,#8458,
#8459,#8460,#8461,#8462,#8463,#8464,#8465,#8466,#8467,#8468,#8469,#8470,
#8471,#8472,#8473,#8474,#8475,#8476,#8477,#8478,#8479,#8480,#8481,#8482,
#8483,#8484,#8485)),.UNSPECIFIED.,.F.,.F.,.F.,(4,4),(4,1,1,1,1,1,1,1,1,
1,1,1,1,1,1,1,1,1,1,1,1,1,1,1,1,1,1,1,1,1,1,1,1,1,1,1,1,1,1,1,1,1,1,1,1,
1,1,1,1,1,1,1,1,4),(0.,0.0321584099938629),(14.3984001269718,15.3849294656358,
16.3714588042999,17.3579881429639,18.3445174816279,19.331046820292,20.317576158956,
21.30410549762,22.2906348362841,23.2771641749481,24.2636935136121,25.2502228522762,
26.2367521909402,27.2232815296042,28.2098108682682,29.1963402069323,30.1828695455963,
31.1693988842603,32.1559282229244,33.1424575615884,34.1289869002524,35.1155162389165,
36.1020455775805,37.0885749162445,38.0751042549086,39.0616335935726,40.0481629322366,
41.0346922709007,42.0212216095647,43.0077509482287,43.9942802868927,44.9808096255568,
45.9673389642208,46.9538683028848,47.9403976415489,48.9269269802129,49.9134563188769,
50.899985657541,51.886514996205,52.873044334869,53.8595736735331,54.8461030121971,
55.8326323508611,56.8191616895252,57.8056910281892,58.7922203668532,59.7787497055172,
60.7652790441813,61.7518083828453,62.7383377215093,63.7248670601734,64.7113963988374,
65.6979257375014,66.6844550761655),.UNSPECIFIED.);
#29=B_SPLINE_SURFACE_WITH_KNOTS('',3,3,((#8615,#8616,#8617,#8618,#8619,
#8620,#8621,#8622,#8623,#8624,#8625,#8626,#8627,#8628,#8629,#8630,#8631,
#8632,#8633,#8634,#8635,#8636,#8637,#8638,#8639,#8640,#8641,#8642,#8643,
#8644,#8645,#8646,#8647,#8648,#8649,#8650,#8651,#8652,#8653,#8654,#8655,
#8656,#8657,#8658,#8659,#8660,#8661,#8662,#8663,#8664,#8665,#8666,#8667,
#8668,#8669,#8670),(#8671,#8672,#8673,#8674,#8675,#8676,#8677,#8678,#8679,
#8680,#8681,#8682,#8683,#8684,#8685,#8686,#8687,#8688,#8689,#8690,#8691,
#8692,#8693,#8694,#8695,#8696,#8697,#8698,#8699,#8700,#8701,#8702,#8703,
#8704,#8705,#8706,#8707,#8708,#8709,#8710,#8711,#8712,#8713,#8714,#8715,
#8716,#8717,#8718,#8719,#8720,#8721,#8722,#8723,#8724,#8725,#8726),(#8727,
#8728,#8729,#8730,#8731,#8732,#8733,#8734,#8735,#8736,#8737,#8738,#8739,
#8740,#8741,#8742,#8743,#8744,#8745,#8746,#8747,#8748,#8749,#8750,#8751,
#8752,#8753,#8754,#8755,#8756,#8757,#8758,#8759,#8760,#8761,#8762,#8763,
#8764,#8765,#8766,#8767,#8768,#8769,#8770,#8771,#8772,#8773,#8774,#8775,
#8776,#8777,#8778,#8779,#8780,#8781,#8782),(#8783,#8784,#8785,#8786,#8787,
#8788,#8789,#8790,#8791,#8792,#8793,#8794,#8795,#8796,#8797,#8798,#8799,
#8800,#8801,#8802,#8803,#8804,#8805,#8806,#8807,#8808,#8809,#8810,#8811,
#8812,#8813,#8814,#8815,#8816,#8817,#8818,#8819,#8820,#8821,#8822,#8823,
#8824,#8825,#8826,#8827,#8828,#8829,#8830,#8831,#8832,#8833,#8834,#8835,
#8836,#8837,#8838)),.UNSPECIFIED.,.F.,.F.,.F.,(4,4),(4,1,1,1,1,1,1,1,1,
1,1,1,1,1,1,1,1,1,1,1,1,1,1,1,1,1,1,1,1,1,1,1,1,1,1,1,1,1,1,1,1,1,1,1,1,
1,1,1,1,1,1,1,1,4),(0.,0.0321584099938621),(11.8553612635793,12.8418906022433,
13.8284199409074,14.8149492795714,15.8014786182354,16.7880079568995,17.7745372955635,
18.7610666342275,19.7475959728916,20.7341253115556,21.7206546502196,22.7071839888836,
23.6937133275477,24.6802426662117,25.6667720048757,26.6533013435398,27.6398306822038,
28.6263600208678,29.6128893595319,30.5994186981959,31.5859480368599,32.572477375524,
33.559006714188,34.545536052852,35.532065391516,36.5185947301801,37.5051240688441,
38.4916534075081,39.4781827461722,40.4647120848362,41.4512414235002,42.4377707621643,
43.4243001008283,44.4108294394923,45.3973587781564,46.3838881168204,47.3704174554844,
48.3569467941484,49.3434761328125,50.3300054714765,51.3165348101405,52.3030641488046,
53.2895934874686,54.2761228261326,55.2626521647967,56.2491815034607,57.2357108421247,
58.2222401807888,59.2087695194528,60.1952988581168,61.1818281967808,62.1683575354449,
63.1548868741089,64.1414162127729),.UNSPECIFIED.);
#30=B_SPLINE_SURFACE_WITH_KNOTS('',3,3,((#8940,#8941,#8942,#8943,#8944,
#8945,#8946,#8947,#8948,#8949,#8950,#8951,#8952,#8953,#8954,#8955,#8956,
#8957,#8958,#8959,#8960,#8961,#8962,#8963,#8964,#8965,#8966,#8967,#8968,
#8969,#8970,#8971,#8972,#8973,#8974,#8975,#8976,#8977,#8978,#8979,#8980,
#8981,#8982,#8983,#8984,#8985,#8986,#8987,#8988,#8989,#8990,#8991,#8992,
#8993,#8994,#8995),(#8996,#8997,#8998,#8999,#9000,#9001,#9002,#9003,#9004,
#9005,#9006,#9007,#9008,#9009,#9010,#9011,#9012,#9013,#9014,#9015,#9016,
#9017,#9018,#9019,#9020,#9021,#9022,#9023,#9024,#9025,#9026,#9027,#9028,
#9029,#9030,#9031,#9032,#9033,#9034,#9035,#9036,#9037,#9038,#9039,#9040,
#9041,#9042,#9043,#9044,#9045,#9046,#9047,#9048,#9049,#9050,#9051),(#9052,
#9053,#9054,#9055,#9056,#9057,#9058,#9059,#9060,#9061,#9062,#9063,#9064,
#9065,#9066,#9067,#9068,#9069,#9070,#9071,#9072,#9073,#9074,#9075,#9076,
#9077,#9078,#9079,#9080,#9081,#9082,#9083,#9084,#9085,#9086,#9087,#9088,
#9089,#9090,#9091,#9092,#9093,#9094,#9095,#9096,#9097,#9098,#9099,#9100,
#9101,#9102,#9103,#9104,#9105,#9106,#9107),(#9108,#9109,#9110,#9111,#9112,
#9113,#9114,#9115,#9116,#9117,#9118,#9119,#9120,#9121,#9122,#9123,#9124,
#9125,#9126,#9127,#9128,#9129,#9130,#9131,#9132,#9133,#9134,#9135,#9136,
#9137,#9138,#9139,#9140,#9141,#9142,#9143,#9144,#9145,#9146,#9147,#9148,
#9149,#9150,#9151,#9152,#9153,#9154,#9155,#9156,#9157,#9158,#9159,#9160,
#9161,#9162,#9163)),.UNSPECIFIED.,.F.,.F.,.F.,(4,4),(4,1,1,1,1,1,1,1,1,
1,1,1,1,1,1,1,1,1,1,1,1,1,1,1,1,1,1,1,1,1,1,1,1,1,1,1,1,1,1,1,1,1,1,1,1,
1,1,1,1,1,1,1,1,4),(0.,0.0321584099938621),(14.3984001269718,15.3849294656359,
16.3714588042999,17.3579881429639,18.3445174816279,19.331046820292,20.317576158956,
21.30410549762,22.2906348362841,23.2771641749481,24.2636935136121,25.2502228522762,
26.2367521909402,27.2232815296042,28.2098108682683,29.1963402069323,30.1828695455963,
31.1693988842604,32.1559282229244,33.1424575615884,34.1289869002524,35.1155162389165,
36.1020455775805,37.0885749162445,38.0751042549086,39.0616335935726,40.0481629322366,
41.0346922709007,42.0212216095647,43.0077509482287,43.9942802868928,44.9808096255568,
45.9673389642208,46.9538683028848,47.9403976415489,48.9269269802129,49.9134563188769,
50.899985657541,51.886514996205,52.873044334869,53.8595736735331,54.8461030121971,
55.8326323508611,56.8191616895252,57.8056910281892,58.7922203668532,59.7787497055172,
60.7652790441813,61.7518083828453,62.7383377215093,63.7248670601734,64.7113963988374,
65.6979257375014,66.6844550761655),.UNSPECIFIED.);
#31=B_SPLINE_SURFACE_WITH_KNOTS('',3,3,((#9293,#9294,#9295,#9296,#9297,
#9298,#9299,#9300,#9301,#9302,#9303,#9304,#9305,#9306,#9307,#9308,#9309,
#9310,#9311,#9312,#9313,#9314,#9315,#9316,#9317,#9318,#9319,#9320,#9321,
#9322,#9323,#9324,#9325,#9326,#9327,#9328,#9329,#9330,#9331,#9332,#9333,
#9334,#9335,#9336,#9337,#9338,#9339,#9340,#9341,#9342,#9343,#9344,#9345,
#9346,#9347,#9348),(#9349,#9350,#9351,#9352,#9353,#9354,#9355,#9356,#9357,
#9358,#9359,#9360,#9361,#9362,#9363,#9364,#9365,#9366,#9367,#9368,#9369,
#9370,#9371,#9372,#9373,#9374,#9375,#9376,#9377,#9378,#9379,#9380,#9381,
#9382,#9383,#9384,#9385,#9386,#9387,#9388,#9389,#9390,#9391,#9392,#9393,
#9394,#9395,#9396,#9397,#9398,#9399,#9400,#9401,#9402,#9403,#9404),(#9405,
#9406,#9407,#9408,#9409,#9410,#9411,#9412,#9413,#9414,#9415,#9416,#9417,
#9418,#9419,#9420,#9421,#9422,#9423,#9424,#9425,#9426,#9427,#9428,#9429,
#9430,#9431,#9432,#9433,#9434,#9435,#9436,#9437,#9438,#9439,#9440,#9441,
#9442,#9443,#9444,#9445,#9446,#9447,#9448,#9449,#9450,#9451,#9452,#9453,
#9454,#9455,#9456,#9457,#9458,#9459,#9460),(#9461,#9462,#9463,#9464,#9465,
#9466,#9467,#9468,#9469,#9470,#9471,#9472,#9473,#9474,#9475,#9476,#9477,
#9478,#9479,#9480,#9481,#9482,#9483,#9484,#9485,#9486,#9487,#9488,#9489,
#9490,#9491,#9492,#9493,#9494,#9495,#9496,#9497,#9498,#9499,#9500,#9501,
#9502,#9503,#9504,#9505,#9506,#9507,#9508,#9509,#9510,#9511,#9512,#9513,
#9514,#9515,#9516)),.UNSPECIFIED.,.F.,.F.,.F.,(4,4),(4,1,1,1,1,1,1,1,1,
1,1,1,1,1,1,1,1,1,1,1,1,1,1,1,1,1,1,1,1,1,1,1,1,1,1,1,1,1,1,1,1,1,1,1,1,
1,1,1,1,1,1,1,1,4),(0.,0.0321584099938629),(11.8553612635793,12.8418906022433,
13.8284199409074,14.8149492795714,15.8014786182354,16.7880079568995,17.7745372955635,
18.7610666342275,19.7475959728916,20.7341253115556,21.7206546502196,22.7071839888837,
23.6937133275477,24.6802426662117,25.6667720048757,26.6533013435398,27.6398306822038,
28.6263600208678,29.6128893595319,30.5994186981959,31.5859480368599,32.572477375524,
33.559006714188,34.545536052852,35.5320653915161,36.5185947301801,37.5051240688441,
38.4916534075082,39.4781827461722,40.4647120848362,41.4512414235002,42.4377707621643,
43.4243001008283,44.4108294394923,45.3973587781564,46.3838881168204,47.3704174554844,
48.3569467941485,49.3434761328125,50.3300054714765,51.3165348101406,52.3030641488046,
53.2895934874686,54.2761228261326,55.2626521647967,56.2491815034607,57.2357108421247,
58.2222401807888,59.2087695194528,60.1952988581168,61.1818281967809,62.1683575354449,
63.1548868741089,64.141416212773),.UNSPECIFIED.);
#32=B_SPLINE_SURFACE_WITH_KNOTS('',3,3,((#9618,#9619,#9620,#9621,#9622,
#9623,#9624,#9625,#9626,#9627,#9628,#9629,#9630,#9631,#9632,#9633,#9634,
#9635,#9636,#9637,#9638,#9639,#9640,#9641,#9642,#9643,#9644,#9645,#9646,
#9647,#9648,#9649,#9650,#9651,#9652,#9653,#9654,#9655,#9656,#9657,#9658,
#9659,#9660,#9661,#9662,#9663,#9664,#9665,#9666,#9667,#9668,#9669,#9670,
#9671,#9672,#9673),(#9674,#9675,#9676,#9677,#9678,#9679,#9680,#9681,#9682,
#9683,#9684,#9685,#9686,#9687,#9688,#9689,#9690,#9691,#9692,#9693,#9694,
#9695,#9696,#9697,#9698,#9699,#9700,#9701,#9702,#9703,#9704,#9705,#9706,
#9707,#9708,#9709,#9710,#9711,#9712,#9713,#9714,#9715,#9716,#9717,#9718,
#9719,#9720,#9721,#9722,#9723,#9724,#9725,#9726,#9727,#9728,#9729),(#9730,
#9731,#9732,#9733,#9734,#9735,#9736,#9737,#9738,#9739,#9740,#9741,#9742,
#9743,#9744,#9745,#9746,#9747,#9748,#9749,#9750,#9751,#9752,#9753,#9754,
#9755,#9756,#9757,#9758,#9759,#9760,#9761,#9762,#9763,#9764,#9765,#9766,
#9767,#9768,#9769,#9770,#9771,#9772,#9773,#9774,#9775,#9776,#9777,#9778,
#9779,#9780,#9781,#9782,#9783,#9784,#9785),(#9786,#9787,#9788,#9789,#9790,
#9791,#9792,#9793,#9794,#9795,#9796,#9797,#9798,#9799,#9800,#9801,#9802,
#9803,#9804,#9805,#9806,#9807,#9808,#9809,#9810,#9811,#9812,#9813,#9814,
#9815,#9816,#9817,#9818,#9819,#9820,#9821,#9822,#9823,#9824,#9825,#9826,
#9827,#9828,#9829,#9830,#9831,#9832,#9833,#9834,#9835,#9836,#9837,#9838,
#9839,#9840,#9841)),.UNSPECIFIED.,.F.,.F.,.F.,(4,4),(4,1,1,1,1,1,1,1,1,
1,1,1,1,1,1,1,1,1,1,1,1,1,1,1,1,1,1,1,1,1,1,1,1,1,1,1,1,1,1,1,1,1,1,1,1,
1,1,1,1,1,1,1,1,4),(0.,0.0321584099938629),(14.3984001269718,15.3849294656359,
16.3714588042999,17.3579881429639,18.344517481628,19.331046820292,20.317576158956,
21.30410549762,22.2906348362841,23.2771641749481,24.2636935136121,25.2502228522762,
26.2367521909402,27.2232815296042,28.2098108682683,29.1963402069323,30.1828695455963,
31.1693988842604,32.1559282229244,33.1424575615884,34.1289869002524,35.1155162389165,
36.1020455775805,37.0885749162445,38.0751042549086,39.0616335935726,40.0481629322366,
41.0346922709007,42.0212216095647,43.0077509482287,43.9942802868928,44.9808096255568,
45.9673389642208,46.9538683028848,47.9403976415489,48.9269269802129,49.9134563188769,
50.899985657541,51.886514996205,52.873044334869,53.8595736735331,54.8461030121971,
55.8326323508611,56.8191616895252,57.8056910281892,58.7922203668532,59.7787497055172,
60.7652790441813,61.7518083828453,62.7383377215093,63.7248670601734,64.7113963988374,
65.6979257375014,66.6844550761655),.UNSPECIFIED.);
#33=B_SPLINE_SURFACE_WITH_KNOTS('',3,3,((#9971,#9972,#9973,#9974,#9975,
#9976,#9977,#9978,#9979,#9980,#9981,#9982,#9983,#9984,#9985,#9986,#9987,
#9988,#9989,#9990,#9991,#9992,#9993,#9994,#9995,#9996,#9997,#9998,#9999,
#10000,#10001,#10002,#10003,#10004,#10005,#10006,#10007,#10008,#10009,#10010,
#10011,#10012,#10013,#10014,#10015,#10016,#10017,#10018,#10019,#10020,#10021,
#10022,#10023,#10024,#10025,#10026),(#10027,#10028,#10029,#10030,#10031,
#10032,#10033,#10034,#10035,#10036,#10037,#10038,#10039,#10040,#10041,#10042,
#10043,#10044,#10045,#10046,#10047,#10048,#10049,#10050,#10051,#10052,#10053,
#10054,#10055,#10056,#10057,#10058,#10059,#10060,#10061,#10062,#10063,#10064,
#10065,#10066,#10067,#10068,#10069,#10070,#10071,#10072,#10073,#10074,#10075,
#10076,#10077,#10078,#10079,#10080,#10081,#10082),(#10083,#10084,#10085,
#10086,#10087,#10088,#10089,#10090,#10091,#10092,#10093,#10094,#10095,#10096,
#10097,#10098,#10099,#10100,#10101,#10102,#10103,#10104,#10105,#10106,#10107,
#10108,#10109,#10110,#10111,#10112,#10113,#10114,#10115,#10116,#10117,#10118,
#10119,#10120,#10121,#10122,#10123,#10124,#10125,#10126,#10127,#10128,#10129,
#10130,#10131,#10132,#10133,#10134,#10135,#10136,#10137,#10138),(#10139,
#10140,#10141,#10142,#10143,#10144,#10145,#10146,#10147,#10148,#10149,#10150,
#10151,#10152,#10153,#10154,#10155,#10156,#10157,#10158,#10159,#10160,#10161,
#10162,#10163,#10164,#10165,#10166,#10167,#10168,#10169,#10170,#10171,#10172,
#10173,#10174,#10175,#10176,#10177,#10178,#10179,#10180,#10181,#10182,#10183,
#10184,#10185,#10186,#10187,#10188,#10189,#10190,#10191,#10192,#10193,#10194)),
 .UNSPECIFIED.,.F.,.F.,.F.,(4,4),(4,1,1,1,1,1,1,1,1,1,1,1,1,1,1,1,1,1,1,
1,1,1,1,1,1,1,1,1,1,1,1,1,1,1,1,1,1,1,1,1,1,1,1,1,1,1,1,1,1,1,1,1,1,4),
(0.,0.0321584099938621),(11.8553612635793,12.8418906022434,13.8284199409074,
14.8149492795714,15.8014786182355,16.7880079568995,17.7745372955635,18.7610666342276,
19.7475959728916,20.7341253115556,21.7206546502196,22.7071839888837,23.6937133275477,
24.6802426662117,25.6667720048758,26.6533013435398,27.6398306822038,28.6263600208679,
29.6128893595319,30.5994186981959,31.5859480368599,32.572477375524,33.559006714188,
34.545536052852,35.5320653915161,36.5185947301801,37.5051240688441,38.4916534075082,
39.4781827461722,40.4647120848362,41.4512414235002,42.4377707621643,43.4243001008283,
44.4108294394923,45.3973587781564,46.3838881168204,47.3704174554844,48.3569467941485,
49.3434761328125,50.3300054714765,51.3165348101406,52.3030641488046,53.2895934874686,
54.2761228261326,55.2626521647967,56.2491815034607,57.2357108421247,58.2222401807888,
59.2087695194528,60.1952988581168,61.1818281967809,62.1683575354449,63.1548868741089,
64.141416212773),.UNSPECIFIED.);
#34=B_SPLINE_SURFACE_WITH_KNOTS('',3,3,((#10296,#10297,#10298,#10299,#10300,
#10301,#10302,#10303,#10304,#10305,#10306,#10307,#10308,#10309,#10310,#10311,
#10312,#10313,#10314,#10315,#10316,#10317,#10318,#10319,#10320,#10321,#10322,
#10323,#10324,#10325,#10326,#10327,#10328,#10329,#10330,#10331,#10332,#10333,
#10334,#10335,#10336,#10337,#10338,#10339,#10340,#10341,#10342,#10343,#10344,
#10345,#10346,#10347,#10348,#10349,#10350,#10351),(#10352,#10353,#10354,
#10355,#10356,#10357,#10358,#10359,#10360,#10361,#10362,#10363,#10364,#10365,
#10366,#10367,#10368,#10369,#10370,#10371,#10372,#10373,#10374,#10375,#10376,
#10377,#10378,#10379,#10380,#10381,#10382,#10383,#10384,#10385,#10386,#10387,
#10388,#10389,#10390,#10391,#10392,#10393,#10394,#10395,#10396,#10397,#10398,
#10399,#10400,#10401,#10402,#10403,#10404,#10405,#10406,#10407),(#10408,
#10409,#10410,#10411,#10412,#10413,#10414,#10415,#10416,#10417,#10418,#10419,
#10420,#10421,#10422,#10423,#10424,#10425,#10426,#10427,#10428,#10429,#10430,
#10431,#10432,#10433,#10434,#10435,#10436,#10437,#10438,#10439,#10440,#10441,
#10442,#10443,#10444,#10445,#10446,#10447,#10448,#10449,#10450,#10451,#10452,
#10453,#10454,#10455,#10456,#10457,#10458,#10459,#10460,#10461,#10462,#10463),
(#10464,#10465,#10466,#10467,#10468,#10469,#10470,#10471,#10472,#10473,
#10474,#10475,#10476,#10477,#10478,#10479,#10480,#10481,#10482,#10483,#10484,
#10485,#10486,#10487,#10488,#10489,#10490,#10491,#10492,#10493,#10494,#10495,
#10496,#10497,#10498,#10499,#10500,#10501,#10502,#10503,#10504,#10505,#10506,
#10507,#10508,#10509,#10510,#10511,#10512,#10513,#10514,#10515,#10516,#10517,
#10518,#10519)),.UNSPECIFIED.,.F.,.F.,.F.,(4,4),(4,1,1,1,1,1,1,1,1,1,1,
1,1,1,1,1,1,1,1,1,1,1,1,1,1,1,1,1,1,1,1,1,1,1,1,1,1,1,1,1,1,1,1,1,1,1,1,
1,1,1,1,1,1,4),(0.,0.0321584099938621),(14.3984001269718,15.3849294656359,
16.3714588042999,17.3579881429639,18.344517481628,19.331046820292,20.317576158956,
21.3041054976201,22.2906348362841,23.2771641749481,24.2636935136121,25.2502228522762,
26.2367521909402,27.2232815296042,28.2098108682683,29.1963402069323,30.1828695455963,
31.1693988842604,32.1559282229244,33.1424575615884,34.1289869002525,35.1155162389165,
36.1020455775805,37.0885749162445,38.0751042549086,39.0616335935726,40.0481629322366,
41.0346922709007,42.0212216095647,43.0077509482287,43.9942802868928,44.9808096255568,
45.9673389642208,46.9538683028848,47.9403976415489,48.9269269802129,49.9134563188769,
50.899985657541,51.886514996205,52.873044334869,53.8595736735331,54.8461030121971,
55.8326323508611,56.8191616895252,57.8056910281892,58.7922203668532,59.7787497055172,
60.7652790441813,61.7518083828453,62.7383377215093,63.7248670601734,64.7113963988374,
65.6979257375014,66.6844550761655),.UNSPECIFIED.);
#35=FACE_BOUND('',#437,.T.);
#36=FACE_BOUND('',#438,.T.);
#37=FACE_BOUND('',#439,.T.);
#38=FACE_BOUND('',#440,.T.);
#39=FACE_BOUND('',#441,.T.);
#40=FACE_BOUND('',#447,.T.);
#41=FACE_BOUND('',#448,.T.);
#42=FACE_BOUND('',#450,.T.);
#43=FACE_BOUND('',#451,.T.);
#44=FACE_BOUND('',#467,.T.);
#45=FACE_BOUND('',#471,.T.);
#46=FACE_BOUND('',#472,.T.);
#47=FACE_BOUND('',#523,.T.);
#48=FACE_BOUND('',#525,.T.);
#49=FACE_BOUND('',#563,.T.);
#50=FACE_BOUND('',#568,.T.);
#51=PLANE('',#3850);
#52=PLANE('',#3854);
#53=PLANE('',#3858);
#54=PLANE('',#3862);
#55=PLANE('',#3866);
#56=PLANE('',#3867);
#57=PLANE('',#3868);
#58=PLANE('',#3869);
#59=PLANE('',#3870);
#60=PLANE('',#3871);
#61=PLANE('',#3872);
#62=PLANE('',#3873);
#63=PLANE('',#3874);
#64=PLANE('',#3875);
#65=PLANE('',#3878);
#66=PLANE('',#3879);
#67=PLANE('',#3880);
#68=PLANE('',#3881);
#69=PLANE('',#3882);
#70=PLANE('',#3883);
#71=PLANE('',#3884);
#72=PLANE('',#3885);
#73=PLANE('',#3886);
#74=PLANE('',#3887);
#75=PLANE('',#3888);
#76=PLANE('',#3889);
#77=PLANE('',#3890);
#78=PLANE('',#3891);
#79=PLANE('',#3892);
#80=PLANE('',#3893);
#81=PLANE('',#3894);
#82=PLANE('',#3895);
#83=PLANE('',#3896);
#84=PLANE('',#3903);
#85=PLANE('',#3905);
#86=PLANE('',#3907);
#87=PLANE('',#3909);
#88=PLANE('',#3910);
#89=PLANE('',#3911);
#90=PLANE('',#3912);
#91=PLANE('',#3914);
#92=PLANE('',#3915);
#93=PLANE('',#3916);
#94=PLANE('',#3917);
#95=PLANE('',#3920);
#96=PLANE('',#3921);
#97=PLANE('',#3922);
#98=PLANE('',#3923);
#99=PLANE('',#3925);
#100=PLANE('',#3926);
#101=PLANE('',#3927);
#102=PLANE('',#3929);
#103=PLANE('',#3932);
#104=PLANE('',#3938);
#105=PLANE('',#3941);
#106=PLANE('',#3942);
#107=PLANE('',#3943);
#108=PLANE('',#3944);
#109=PLANE('',#3945);
#110=PLANE('',#3946);
#111=PLANE('',#3947);
#112=PLANE('',#3948);
#113=PLANE('',#3949);
#114=PLANE('',#3950);
#115=PLANE('',#3951);
#116=PLANE('',#3953);
#117=PLANE('',#3954);
#118=PLANE('',#3955);
#119=PLANE('',#3956);
#120=PLANE('',#3957);
#121=PLANE('',#3958);
#122=PLANE('',#3959);
#123=PLANE('',#3960);
#124=PLANE('',#3961);
#125=PLANE('',#3962);
#126=PLANE('',#3963);
#127=PLANE('',#3964);
#128=PLANE('',#3965);
#129=PLANE('',#3966);
#130=PLANE('',#3970);
#131=PLANE('',#3971);
#132=PLANE('',#3972);
#133=PLANE('',#3976);
#134=PLANE('',#3977);
#135=PLANE('',#3978);
#136=PLANE('',#3982);
#137=PLANE('',#3983);
#138=PLANE('',#3984);
#139=PLANE('',#3988);
#140=PLANE('',#3989);
#141=PLANE('',#3990);
#142=PLANE('',#3991);
#143=PLANE('',#3992);
#144=PLANE('',#3993);
#145=PLANE('',#3994);
#146=PLANE('',#3995);
#147=PLANE('',#3996);
#148=PLANE('',#3997);
#149=PLANE('',#3998);
#150=PLANE('',#3999);
#151=PLANE('',#4000);
#152=PLANE('',#4001);
#153=PLANE('',#4002);
#154=PLANE('',#4003);
#155=PLANE('',#4004);
#156=PLANE('',#4005);
#157=PLANE('',#4006);
#158=PLANE('',#4007);
#159=PLANE('',#4008);
#160=FACE_OUTER_BOUND('',#360,.T.);
#161=FACE_OUTER_BOUND('',#361,.T.);
#162=FACE_OUTER_BOUND('',#362,.T.);
#163=FACE_OUTER_BOUND('',#363,.T.);
#164=FACE_OUTER_BOUND('',#364,.T.);
#165=FACE_OUTER_BOUND('',#365,.T.);
#166=FACE_OUTER_BOUND('',#366,.T.);
#167=FACE_OUTER_BOUND('',#367,.T.);
#168=FACE_OUTER_BOUND('',#368,.T.);
#169=FACE_OUTER_BOUND('',#369,.T.);
#170=FACE_OUTER_BOUND('',#370,.T.);
#171=FACE_OUTER_BOUND('',#371,.T.);
#172=FACE_OUTER_BOUND('',#372,.T.);
#173=FACE_OUTER_BOUND('',#373,.T.);
#174=FACE_OUTER_BOUND('',#374,.T.);
#175=FACE_OUTER_BOUND('',#375,.T.);
#176=FACE_OUTER_BOUND('',#376,.T.);
#177=FACE_OUTER_BOUND('',#377,.T.);
#178=FACE_OUTER_BOUND('',#378,.T.);
#179=FACE_OUTER_BOUND('',#379,.T.);
#180=FACE_OUTER_BOUND('',#380,.T.);
#181=FACE_OUTER_BOUND('',#381,.T.);
#182=FACE_OUTER_BOUND('',#382,.T.);
#183=FACE_OUTER_BOUND('',#383,.T.);
#184=FACE_OUTER_BOUND('',#384,.T.);
#185=FACE_OUTER_BOUND('',#385,.T.);
#186=FACE_OUTER_BOUND('',#386,.T.);
#187=FACE_OUTER_BOUND('',#387,.T.);
#188=FACE_OUTER_BOUND('',#388,.T.);
#189=FACE_OUTER_BOUND('',#389,.T.);
#190=FACE_OUTER_BOUND('',#390,.T.);
#191=FACE_OUTER_BOUND('',#391,.T.);
#192=FACE_OUTER_BOUND('',#392,.T.);
#193=FACE_OUTER_BOUND('',#393,.T.);
#194=FACE_OUTER_BOUND('',#394,.T.);
#195=FACE_OUTER_BOUND('',#395,.T.);
#196=FACE_OUTER_BOUND('',#396,.T.);
#197=FACE_OUTER_BOUND('',#397,.T.);
#198=FACE_OUTER_BOUND('',#398,.T.);
#199=FACE_OUTER_BOUND('',#399,.T.);
#200=FACE_OUTER_BOUND('',#400,.T.);
#201=FACE_OUTER_BOUND('',#401,.T.);
#202=FACE_OUTER_BOUND('',#402,.T.);
#203=FACE_OUTER_BOUND('',#403,.T.);
#204=FACE_OUTER_BOUND('',#404,.T.);
#205=FACE_OUTER_BOUND('',#405,.T.);
#206=FACE_OUTER_BOUND('',#406,.T.);
#207=FACE_OUTER_BOUND('',#407,.T.);
#208=FACE_OUTER_BOUND('',#408,.T.);
#209=FACE_OUTER_BOUND('',#409,.T.);
#210=FACE_OUTER_BOUND('',#410,.T.);
#211=FACE_OUTER_BOUND('',#411,.T.);
#212=FACE_OUTER_BOUND('',#412,.T.);
#213=FACE_OUTER_BOUND('',#413,.T.);
#214=FACE_OUTER_BOUND('',#414,.T.);
#215=FACE_OUTER_BOUND('',#415,.T.);
#216=FACE_OUTER_BOUND('',#416,.T.);
#217=FACE_OUTER_BOUND('',#417,.T.);
#218=FACE_OUTER_BOUND('',#418,.T.);
#219=FACE_OUTER_BOUND('',#419,.T.);
#220=FACE_OUTER_BOUND('',#420,.T.);
#221=FACE_OUTER_BOUND('',#421,.T.);
#222=FACE_OUTER_BOUND('',#422,.T.);
#223=FACE_OUTER_BOUND('',#423,.T.);
#224=FACE_OUTER_BOUND('',#424,.T.);
#225=FACE_OUTER_BOUND('',#425,.T.);
#226=FACE_OUTER_BOUND('',#426,.T.);
#227=FACE_OUTER_BOUND('',#427,.T.);
#228=FACE_OUTER_BOUND('',#428,.T.);
#229=FACE_OUTER_BOUND('',#429,.T.);
#230=FACE_OUTER_BOUND('',#430,.T.);
#231=FACE_OUTER_BOUND('',#431,.T.);
#232=FACE_OUTER_BOUND('',#432,.T.);
#233=FACE_OUTER_BOUND('',#433,.T.);
#234=FACE_OUTER_BOUND('',#434,.T.);
#235=FACE_OUTER_BOUND('',#435,.T.);
#236=FACE_OUTER_BOUND('',#436,.T.);
#237=FACE_OUTER_BOUND('',#442,.T.);
#238=FACE_OUTER_BOUND('',#443,.T.);
#239=FACE_OUTER_BOUND('',#444,.T.);
#240=FACE_OUTER_BOUND('',#445,.T.);
#241=FACE_OUTER_BOUND('',#446,.T.);
#242=FACE_OUTER_BOUND('',#449,.T.);
#243=FACE_OUTER_BOUND('',#452,.T.);
#244=FACE_OUTER_BOUND('',#453,.T.);
#245=FACE_OUTER_BOUND('',#454,.T.);
#246=FACE_OUTER_BOUND('',#455,.T.);
#247=FACE_OUTER_BOUND('',#456,.T.);
#248=FACE_OUTER_BOUND('',#457,.T.);
#249=FACE_OUTER_BOUND('',#458,.T.);
#250=FACE_OUTER_BOUND('',#459,.T.);
#251=FACE_OUTER_BOUND('',#460,.T.);
#252=FACE_OUTER_BOUND('',#461,.T.);
#253=FACE_OUTER_BOUND('',#462,.T.);
#254=FACE_OUTER_BOUND('',#463,.T.);
#255=FACE_OUTER_BOUND('',#464,.T.);
#256=FACE_OUTER_BOUND('',#465,.T.);
#257=FACE_OUTER_BOUND('',#466,.T.);
#258=FACE_OUTER_BOUND('',#468,.T.);
#259=FACE_OUTER_BOUND('',#469,.T.);
#260=FACE_OUTER_BOUND('',#470,.T.);
#261=FACE_OUTER_BOUND('',#473,.T.);
#262=FACE_OUTER_BOUND('',#474,.T.);
#263=FACE_OUTER_BOUND('',#475,.T.);
#264=FACE_OUTER_BOUND('',#476,.T.);
#265=FACE_OUTER_BOUND('',#477,.T.);
#266=FACE_OUTER_BOUND('',#478,.T.);
#267=FACE_OUTER_BOUND('',#479,.T.);
#268=FACE_OUTER_BOUND('',#480,.T.);
#269=FACE_OUTER_BOUND('',#481,.T.);
#270=FACE_OUTER_BOUND('',#482,.T.);
#271=FACE_OUTER_BOUND('',#483,.T.);
#272=FACE_OUTER_BOUND('',#484,.T.);
#273=FACE_OUTER_BOUND('',#485,.T.);
#274=FACE_OUTER_BOUND('',#486,.T.);
#275=FACE_OUTER_BOUND('',#487,.T.);
#276=FACE_OUTER_BOUND('',#488,.T.);
#277=FACE_OUTER_BOUND('',#489,.T.);
#278=FACE_OUTER_BOUND('',#490,.T.);
#279=FACE_OUTER_BOUND('',#491,.T.);
#280=FACE_OUTER_BOUND('',#492,.T.);
#281=FACE_OUTER_BOUND('',#493,.T.);
#282=FACE_OUTER_BOUND('',#494,.T.);
#283=FACE_OUTER_BOUND('',#495,.T.);
#284=FACE_OUTER_BOUND('',#496,.T.);
#285=FACE_OUTER_BOUND('',#497,.T.);
#286=FACE_OUTER_BOUND('',#498,.T.);
#287=FACE_OUTER_BOUND('',#499,.T.);
#288=FACE_OUTER_BOUND('',#500,.T.);
#289=FACE_OUTER_BOUND('',#501,.T.);
#290=FACE_OUTER_BOUND('',#502,.T.);
#291=FACE_OUTER_BOUND('',#503,.T.);
#292=FACE_OUTER_BOUND('',#504,.T.);
#293=FACE_OUTER_BOUND('',#505,.T.);
#294=FACE_OUTER_BOUND('',#506,.T.);
#295=FACE_OUTER_BOUND('',#507,.T.);
#296=FACE_OUTER_BOUND('',#508,.T.);
#297=FACE_OUTER_BOUND('',#509,.T.);
#298=FACE_OUTER_BOUND('',#510,.T.);
#299=FACE_OUTER_BOUND('',#511,.T.);
#300=FACE_OUTER_BOUND('',#512,.T.);
#301=FACE_OUTER_BOUND('',#513,.T.);
#302=FACE_OUTER_BOUND('',#514,.T.);
#303=FACE_OUTER_BOUND('',#515,.T.);
#304=FACE_OUTER_BOUND('',#516,.T.);
#305=FACE_OUTER_BOUND('',#517,.T.);
#306=FACE_OUTER_BOUND('',#518,.T.);
#307=FACE_OUTER_BOUND('',#519,.T.);
#308=FACE_OUTER_BOUND('',#520,.T.);
#309=FACE_OUTER_BOUND('',#521,.T.);
#310=FACE_OUTER_BOUND('',#522,.T.);
#311=FACE_OUTER_BOUND('',#524,.T.);
#312=FACE_OUTER_BOUND('',#526,.T.);
#313=FACE_OUTER_BOUND('',#527,.T.);
#314=FACE_OUTER_BOUND('',#528,.T.);
#315=FACE_OUTER_BOUND('',#529,.T.);
#316=FACE_OUTER_BOUND('',#530,.T.);
#317=FACE_OUTER_BOUND('',#531,.T.);
#318=FACE_OUTER_BOUND('',#532,.T.);
#319=FACE_OUTER_BOUND('',#533,.T.);
#320=FACE_OUTER_BOUND('',#534,.T.);
#321=FACE_OUTER_BOUND('',#535,.T.);
#322=FACE_OUTER_BOUND('',#536,.T.);
#323=FACE_OUTER_BOUND('',#537,.T.);
#324=FACE_OUTER_BOUND('',#538,.T.);
#325=FACE_OUTER_BOUND('',#539,.T.);
#326=FACE_OUTER_BOUND('',#540,.T.);
#327=FACE_OUTER_BOUND('',#541,.T.);
#328=FACE_OUTER_BOUND('',#542,.T.);
#329=FACE_OUTER_BOUND('',#543,.T.);
#330=FACE_OUTER_BOUND('',#544,.T.);
#331=FACE_OUTER_BOUND('',#545,.T.);
#332=FACE_OUTER_BOUND('',#546,.T.);
#333=FACE_OUTER_BOUND('',#547,.T.);
#334=FACE_OUTER_BOUND('',#548,.T.);
#335=FACE_OUTER_BOUND('',#549,.T.);
#336=FACE_OUTER_BOUND('',#550,.T.);
#337=FACE_OUTER_BOUND('',#551,.T.);
#338=FACE_OUTER_BOUND('',#552,.T.);
#339=FACE_OUTER_BOUND('',#553,.T.);
#340=FACE_OUTER_BOUND('',#554,.T.);
#341=FACE_OUTER_BOUND('',#555,.T.);
#342=FACE_OUTER_BOUND('',#556,.T.);
#343=FACE_OUTER_BOUND('',#557,.T.);
#344=FACE_OUTER_BOUND('',#558,.T.);
#345=FACE_OUTER_BOUND('',#559,.T.);
#346=FACE_OUTER_BOUND('',#560,.T.);
#347=FACE_OUTER_BOUND('',#561,.T.);
#348=FACE_OUTER_BOUND('',#562,.T.);
#349=FACE_OUTER_BOUND('',#564,.T.);
#350=FACE_OUTER_BOUND('',#565,.T.);
#351=FACE_OUTER_BOUND('',#566,.T.);
#352=FACE_OUTER_BOUND('',#567,.T.);
#353=FACE_OUTER_BOUND('',#569,.T.);
#354=FACE_OUTER_BOUND('',#570,.T.);
#355=FACE_OUTER_BOUND('',#571,.T.);
#356=FACE_OUTER_BOUND('',#572,.T.);
#357=FACE_OUTER_BOUND('',#573,.T.);
#358=FACE_OUTER_BOUND('',#574,.T.);
#359=FACE_OUTER_BOUND('',#575,.T.);
#360=EDGE_LOOP('',(#2366,#2367,#2368,#2369));
#361=EDGE_LOOP('',(#2370,#2371,#2372,#2373));
#362=EDGE_LOOP('',(#2374,#2375,#2376,#2377));
#363=EDGE_LOOP('',(#2378,#2379,#2380,#2381));
#364=EDGE_LOOP('',(#2382,#2383,#2384,#2385));
#365=EDGE_LOOP('',(#2386,#2387,#2388,#2389));
#366=EDGE_LOOP('',(#2390,#2391,#2392,#2393));
#367=EDGE_LOOP('',(#2394,#2395,#2396,#2397));
#368=EDGE_LOOP('',(#2398,#2399,#2400,#2401));
#369=EDGE_LOOP('',(#2402,#2403,#2404,#2405));
#370=EDGE_LOOP('',(#2406,#2407,#2408,#2409));
#371=EDGE_LOOP('',(#2410,#2411,#2412,#2413));
#372=EDGE_LOOP('',(#2414,#2415,#2416,#2417));
#373=EDGE_LOOP('',(#2418,#2419,#2420,#2421));
#374=EDGE_LOOP('',(#2422,#2423,#2424,#2425));
#375=EDGE_LOOP('',(#2426,#2427,#2428,#2429));
#376=EDGE_LOOP('',(#2430,#2431,#2432,#2433));
#377=EDGE_LOOP('',(#2434,#2435,#2436,#2437));
#378=EDGE_LOOP('',(#2438,#2439,#2440,#2441));
#379=EDGE_LOOP('',(#2442,#2443,#2444,#2445));
#380=EDGE_LOOP('',(#2446,#2447,#2448,#2449));
#381=EDGE_LOOP('',(#2450,#2451,#2452,#2453));
#382=EDGE_LOOP('',(#2454,#2455,#2456,#2457));
#383=EDGE_LOOP('',(#2458,#2459,#2460,#2461));
#384=EDGE_LOOP('',(#2462,#2463,#2464,#2465));
#385=EDGE_LOOP('',(#2466,#2467,#2468,#2469));
#386=EDGE_LOOP('',(#2470,#2471,#2472,#2473));
#387=EDGE_LOOP('',(#2474,#2475,#2476,#2477));
#388=EDGE_LOOP('',(#2478,#2479,#2480,#2481));
#389=EDGE_LOOP('',(#2482,#2483,#2484,#2485));
#390=EDGE_LOOP('',(#2486,#2487,#2488,#2489));
#391=EDGE_LOOP('',(#2490,#2491,#2492,#2493));
#392=EDGE_LOOP('',(#2494,#2495,#2496,#2497));
#393=EDGE_LOOP('',(#2498,#2499,#2500,#2501));
#394=EDGE_LOOP('',(#2502,#2503,#2504,#2505));
#395=EDGE_LOOP('',(#2506,#2507,#2508,#2509));
#396=EDGE_LOOP('',(#2510,#2511,#2512,#2513));
#397=EDGE_LOOP('',(#2514,#2515,#2516,#2517));
#398=EDGE_LOOP('',(#2518,#2519,#2520,#2521));
#399=EDGE_LOOP('',(#2522,#2523,#2524,#2525));
#400=EDGE_LOOP('',(#2526,#2527,#2528,#2529));
#401=EDGE_LOOP('',(#2530,#2531,#2532,#2533));
#402=EDGE_LOOP('',(#2534,#2535,#2536,#2537));
#403=EDGE_LOOP('',(#2538,#2539,#2540,#2541));
#404=EDGE_LOOP('',(#2542,#2543,#2544,#2545));
#405=EDGE_LOOP('',(#2546,#2547,#2548,#2549));
#406=EDGE_LOOP('',(#2550,#2551,#2552,#2553));
#407=EDGE_LOOP('',(#2554,#2555,#2556,#2557));
#408=EDGE_LOOP('',(#2558,#2559,#2560,#2561));
#409=EDGE_LOOP('',(#2562,#2563,#2564,#2565));
#410=EDGE_LOOP('',(#2566,#2567,#2568,#2569));
#411=EDGE_LOOP('',(#2570,#2571,#2572,#2573));
#412=EDGE_LOOP('',(#2574,#2575,#2576,#2577));
#413=EDGE_LOOP('',(#2578,#2579,#2580,#2581));
#414=EDGE_LOOP('',(#2582,#2583,#2584,#2585));
#415=EDGE_LOOP('',(#2586,#2587,#2588,#2589));
#416=EDGE_LOOP('',(#2590,#2591,#2592,#2593));
#417=EDGE_LOOP('',(#2594,#2595,#2596,#2597));
#418=EDGE_LOOP('',(#2598,#2599,#2600,#2601));
#419=EDGE_LOOP('',(#2602,#2603,#2604,#2605));
#420=EDGE_LOOP('',(#2606,#2607,#2608,#2609));
#421=EDGE_LOOP('',(#2610,#2611,#2612,#2613));
#422=EDGE_LOOP('',(#2614,#2615,#2616,#2617));
#423=EDGE_LOOP('',(#2618,#2619,#2620,#2621));
#424=EDGE_LOOP('',(#2622,#2623));
#425=EDGE_LOOP('',(#2624,#2625,#2626,#2627));
#426=EDGE_LOOP('',(#2628,#2629));
#427=EDGE_LOOP('',(#2630,#2631,#2632,#2633));
#428=EDGE_LOOP('',(#2634,#2635));
#429=EDGE_LOOP('',(#2636,#2637,#2638,#2639));
#430=EDGE_LOOP('',(#2640,#2641));
#431=EDGE_LOOP('',(#2642,#2643,#2644,#2645));
#432=EDGE_LOOP('',(#2646,#2647));
#433=EDGE_LOOP('',(#2648,#2649));
#434=EDGE_LOOP('',(#2650,#2651));
#435=EDGE_LOOP('',(#2652,#2653));
#436=EDGE_LOOP('',(#2654,#2655,#2656,#2657,#2658,#2659,#2660,#2661,#2662,
#2663,#2664,#2665,#2666));
#437=EDGE_LOOP('',(#2667,#2668,#2669,#2670,#2671,#2672));
#438=EDGE_LOOP('',(#2673,#2674,#2675,#2676,#2677,#2678));
#439=EDGE_LOOP('',(#2679,#2680,#2681,#2682));
#440=EDGE_LOOP('',(#2683,#2684,#2685,#2686));
#441=EDGE_LOOP('',(#2687,#2688,#2689,#2690));
#442=EDGE_LOOP('',(#2691,#2692,#2693,#2694,#2695,#2696));
#443=EDGE_LOOP('',(#2697,#2698,#2699,#2700));
#444=EDGE_LOOP('',(#2701,#2702,#2703,#2704));
#445=EDGE_LOOP('',(#2705,#2706,#2707,#2708));
#446=EDGE_LOOP('',(#2709,#2710,#2711,#2712,#2713,#2714,#2715,#2716,#2717,
#2718));
#447=EDGE_LOOP('',(#2719,#2720,#2721,#2722));
#448=EDGE_LOOP('',(#2723,#2724,#2725,#2726));
#449=EDGE_LOOP('',(#2727,#2728,#2729,#2730,#2731,#2732,#2733,#2734,#2735,
#2736,#2737,#2738,#2739));
#450=EDGE_LOOP('',(#2740,#2741,#2742,#2743));
#451=EDGE_LOOP('',(#2744,#2745,#2746,#2747));
#452=EDGE_LOOP('',(#2748,#2749,#2750,#2751));
#453=EDGE_LOOP('',(#2752,#2753,#2754));
#454=EDGE_LOOP('',(#2755,#2756,#2757,#2758));
#455=EDGE_LOOP('',(#2759,#2760,#2761));
#456=EDGE_LOOP('',(#2762,#2763,#2764,#2765));
#457=EDGE_LOOP('',(#2766,#2767,#2768,#2769));
#458=EDGE_LOOP('',(#2770,#2771,#2772));
#459=EDGE_LOOP('',(#2773,#2774,#2775,#2776));
#460=EDGE_LOOP('',(#2777,#2778,#2779,#2780));
#461=EDGE_LOOP('',(#2781,#2782,#2783));
#462=EDGE_LOOP('',(#2784,#2785,#2786,#2787));
#463=EDGE_LOOP('',(#2788,#2789,#2790,#2791));
#464=EDGE_LOOP('',(#2792,#2793,#2794,#2795));
#465=EDGE_LOOP('',(#2796,#2797,#2798,#2799));
#466=EDGE_LOOP('',(#2800,#2801,#2802,#2803,#2804));
#467=EDGE_LOOP('',(#2805,#2806,#2807,#2808));
#468=EDGE_LOOP('',(#2809,#2810,#2811,#2812));
#469=EDGE_LOOP('',(#2813,#2814,#2815,#2816));
#470=EDGE_LOOP('',(#2817,#2818,#2819,#2820));
#471=EDGE_LOOP('',(#2821,#2822,#2823,#2824));
#472=EDGE_LOOP('',(#2825));
#473=EDGE_LOOP('',(#2826,#2827,#2828,#2829));
#474=EDGE_LOOP('',(#2830,#2831,#2832,#2833,#2834,#2835,#2836,#2837,#2838,
#2839,#2840,#2841,#2842,#2843,#2844,#2845,#2846,#2847,#2848,#2849));
#475=EDGE_LOOP('',(#2850,#2851,#2852,#2853,#2854,#2855,#2856,#2857,#2858,
#2859,#2860,#2861,#2862,#2863,#2864,#2865,#2866,#2867,#2868,#2869));
#476=EDGE_LOOP('',(#2870,#2871,#2872,#2873));
#477=EDGE_LOOP('',(#2874,#2875,#2876,#2877,#2878,#2879,#2880,#2881,#2882,
#2883,#2884,#2885,#2886,#2887,#2888,#2889,#2890,#2891,#2892,#2893));
#478=EDGE_LOOP('',(#2894,#2895,#2896,#2897,#2898,#2899,#2900,#2901,#2902,
#2903,#2904,#2905,#2906,#2907,#2908,#2909,#2910,#2911,#2912,#2913,#2914,
#2915));
#479=EDGE_LOOP('',(#2916,#2917,#2918,#2919));
#480=EDGE_LOOP('',(#2920,#2921,#2922,#2923,#2924,#2925,#2926,#2927,#2928,
#2929,#2930,#2931,#2932,#2933,#2934,#2935,#2936,#2937,#2938,#2939));
#481=EDGE_LOOP('',(#2940,#2941,#2942,#2943,#2944,#2945,#2946,#2947,#2948,
#2949,#2950,#2951,#2952,#2953,#2954,#2955,#2956,#2957,#2958,#2959));
#482=EDGE_LOOP('',(#2960,#2961,#2962,#2963));
#483=EDGE_LOOP('',(#2964,#2965,#2966,#2967,#2968,#2969,#2970,#2971,#2972,
#2973,#2974,#2975,#2976,#2977,#2978,#2979,#2980,#2981,#2982,#2983));
#484=EDGE_LOOP('',(#2984,#2985,#2986,#2987,#2988,#2989,#2990,#2991,#2992,
#2993,#2994,#2995,#2996,#2997,#2998,#2999,#3000,#3001,#3002,#3003,#3004,
#3005));
#485=EDGE_LOOP('',(#3006,#3007,#3008,#3009));
#486=EDGE_LOOP('',(#3010,#3011,#3012,#3013));
#487=EDGE_LOOP('',(#3014,#3015,#3016,#3017));
#488=EDGE_LOOP('',(#3018,#3019,#3020,#3021));
#489=EDGE_LOOP('',(#3022,#3023,#3024,#3025));
#490=EDGE_LOOP('',(#3026,#3027,#3028,#3029));
#491=EDGE_LOOP('',(#3030,#3031,#3032,#3033));
#492=EDGE_LOOP('',(#3034,#3035,#3036,#3037));
#493=EDGE_LOOP('',(#3038,#3039,#3040,#3041));
#494=EDGE_LOOP('',(#3042,#3043,#3044,#3045));
#495=EDGE_LOOP('',(#3046,#3047,#3048,#3049));
#496=EDGE_LOOP('',(#3050,#3051,#3052,#3053));
#497=EDGE_LOOP('',(#3054,#3055,#3056,#3057));
#498=EDGE_LOOP('',(#3058,#3059,#3060,#3061));
#499=EDGE_LOOP('',(#3062,#3063,#3064,#3065,#3066));
#500=EDGE_LOOP('',(#3067,#3068,#3069,#3070));
#501=EDGE_LOOP('',(#3071,#3072,#3073,#3074));
#502=EDGE_LOOP('',(#3075,#3076,#3077,#3078));
#503=EDGE_LOOP('',(#3079,#3080,#3081,#3082));
#504=EDGE_LOOP('',(#3083,#3084,#3085,#3086));
#505=EDGE_LOOP('',(#3087,#3088,#3089,#3090));
#506=EDGE_LOOP('',(#3091,#3092,#3093,#3094));
#507=EDGE_LOOP('',(#3095,#3096,#3097,#3098,#3099,#3100,#3101,#3102,#3103,
#3104));
#508=EDGE_LOOP('',(#3105,#3106,#3107,#3108,#3109,#3110,#3111,#3112,#3113,
#3114));
#509=EDGE_LOOP('',(#3115,#3116,#3117,#3118,#3119,#3120,#3121,#3122,#3123,
#3124,#3125,#3126,#3127,#3128,#3129,#3130,#3131,#3132,#3133,#3134));
#510=EDGE_LOOP('',(#3135,#3136,#3137,#3138));
#511=EDGE_LOOP('',(#3139,#3140,#3141,#3142));
#512=EDGE_LOOP('',(#3143,#3144,#3145,#3146));
#513=EDGE_LOOP('',(#3147,#3148,#3149,#3150,#3151,#3152,#3153,#3154));
#514=EDGE_LOOP('',(#3155,#3156,#3157,#3158));
#515=EDGE_LOOP('',(#3159,#3160,#3161,#3162));
#516=EDGE_LOOP('',(#3163,#3164,#3165,#3166));
#517=EDGE_LOOP('',(#3167,#3168,#3169,#3170));
#518=EDGE_LOOP('',(#3171,#3172,#3173,#3174));
#519=EDGE_LOOP('',(#3175,#3176,#3177,#3178));
#520=EDGE_LOOP('',(#3179,#3180,#3181,#3182));
#521=EDGE_LOOP('',(#3183,#3184,#3185,#3186));
#522=EDGE_LOOP('',(#3187,#3188,#3189,#3190,#3191,#3192,#3193,#3194));
#523=EDGE_LOOP('',(#3195,#3196,#3197,#3198));
#524=EDGE_LOOP('',(#3199,#3200,#3201,#3202,#3203));
#525=EDGE_LOOP('',(#3204,#3205,#3206,#3207));
#526=EDGE_LOOP('',(#3208,#3209,#3210,#3211));
#527=EDGE_LOOP('',(#3212,#3213,#3214,#3215));
#528=EDGE_LOOP('',(#3216,#3217,#3218,#3219));
#529=EDGE_LOOP('',(#3220,#3221,#3222,#3223,#3224));
#530=EDGE_LOOP('',(#3225,#3226,#3227,#3228,#3229));
#531=EDGE_LOOP('',(#3230,#3231,#3232,#3233));
#532=EDGE_LOOP('',(#3234,#3235,#3236,#3237,#3238));
#533=EDGE_LOOP('',(#3239,#3240,#3241,#3242,#3243));
#534=EDGE_LOOP('',(#3244,#3245,#3246,#3247));
#535=EDGE_LOOP('',(#3248,#3249,#3250,#3251));
#536=EDGE_LOOP('',(#3252,#3253,#3254,#3255));
#537=EDGE_LOOP('',(#3256,#3257,#3258,#3259));
#538=EDGE_LOOP('',(#3260,#3261,#3262,#3263));
#539=EDGE_LOOP('',(#3264,#3265,#3266,#3267,#3268,#3269,#3270,#3271));
#540=EDGE_LOOP('',(#3272,#3273,#3274,#3275));
#541=EDGE_LOOP('',(#3276,#3277,#3278,#3279));
#542=EDGE_LOOP('',(#3280,#3281,#3282,#3283));
#543=EDGE_LOOP('',(#3284,#3285,#3286,#3287,#3288));
#544=EDGE_LOOP('',(#3289,#3290,#3291,#3292));
#545=EDGE_LOOP('',(#3293,#3294,#3295,#3296));
#546=EDGE_LOOP('',(#3297,#3298,#3299,#3300));
#547=EDGE_LOOP('',(#3301,#3302,#3303,#3304));
#548=EDGE_LOOP('',(#3305,#3306,#3307,#3308));
#549=EDGE_LOOP('',(#3309,#3310,#3311,#3312));
#550=EDGE_LOOP('',(#3313,#3314,#3315,#3316));
#551=EDGE_LOOP('',(#3317,#3318,#3319,#3320));
#552=EDGE_LOOP('',(#3321,#3322,#3323,#3324));
#553=EDGE_LOOP('',(#3325,#3326,#3327,#3328));
#554=EDGE_LOOP('',(#3329,#3330,#3331,#3332));
#555=EDGE_LOOP('',(#3333,#3334,#3335,#3336));
#556=EDGE_LOOP('',(#3337,#3338,#3339,#3340));
#557=EDGE_LOOP('',(#3341,#3342,#3343,#3344,#3345));
#558=EDGE_LOOP('',(#3346,#3347,#3348,#3349));
#559=EDGE_LOOP('',(#3350,#3351,#3352,#3353));
#560=EDGE_LOOP('',(#3354,#3355,#3356,#3357,#3358,#3359,#3360,#3361,#3362,
#3363,#3364,#3365));
#561=EDGE_LOOP('',(#3366,#3367,#3368,#3369));
#562=EDGE_LOOP('',(#3370,#3371,#3372,#3373,#3374,#3375,#3376,#3377,#3378,
#3379,#3380,#3381,#3382,#3383,#3384,#3385,#3386,#3387,#3388,#3389));
#563=EDGE_LOOP('',(#3390,#3391,#3392,#3393));
#564=EDGE_LOOP('',(#3394,#3395,#3396,#3397,#3398));
#565=EDGE_LOOP('',(#3399,#3400,#3401,#3402,#3403,#3404));
#566=EDGE_LOOP('',(#3405,#3406,#3407,#3408,#3409));
#567=EDGE_LOOP('',(#3410,#3411,#3412,#3413,#3414,#3415,#3416,#3417));
#568=EDGE_LOOP('',(#3418,#3419,#3420,#3421));
#569=EDGE_LOOP('',(#3422,#3423,#3424,#3425));
#570=EDGE_LOOP('',(#3426,#3427,#3428,#3429));
#571=EDGE_LOOP('',(#3430,#3431,#3432,#3433));
#572=EDGE_LOOP('',(#3434,#3435,#3436,#3437));
#573=EDGE_LOOP('',(#3438,#3439,#3440,#3441));
#574=EDGE_LOOP('',(#3442,#3443,#3444,#3445,#3446,#3447,#3448,#3449,#3450,
#3451,#3452,#3453));
#575=EDGE_LOOP('',(#3454,#3455,#3456,#3457,#3458,#3459));
#576=CIRCLE('',#3771,1.2645);
#577=CIRCLE('',#3779,1.2645);
#578=CIRCLE('',#3781,1.2645);
#579=CIRCLE('',#3789,1.2645);
#580=CIRCLE('',#3791,1.2645);
#581=CIRCLE('',#3799,1.2645);
#582=CIRCLE('',#3801,1.2645);
#583=CIRCLE('',#3809,1.2645);
#584=CIRCLE('',#3811,1.543);
#585=CIRCLE('',#3819,1.543);
#586=CIRCLE('',#3821,1.54299999999999);
#587=CIRCLE('',#3829,1.54299999999999);
#588=CIRCLE('',#3831,1.543);
#589=CIRCLE('',#3839,1.543);
#590=CIRCLE('',#3841,1.54300000000001);
#591=CIRCLE('',#3849,1.54300000000001);
#592=CIRCLE('',#3851,1.2);
#593=CIRCLE('',#3853,1.2);
#594=CIRCLE('',#3855,1.2);
#595=CIRCLE('',#3857,1.2);
#596=CIRCLE('',#3859,1.2);
#597=CIRCLE('',#3861,1.2);
#598=CIRCLE('',#3863,1.2);
#599=CIRCLE('',#3865,1.2);
#600=CIRCLE('',#3876,3.7);
#601=CIRCLE('',#3877,3.7);
#602=CIRCLE('',#3897,3.75);
#603=CIRCLE('',#3913,3.75);
#604=CIRCLE('',#3918,3.75);
#605=CIRCLE('',#3919,3.75);
#606=CIRCLE('',#3924,3.75);
#607=CIRCLE('',#3928,3.75);
#608=CIRCLE('',#3930,3.75);
#609=CIRCLE('',#3931,3.75);
#610=CIRCLE('',#3933,3.75);
#611=CIRCLE('',#3934,3.75);
#612=CIRCLE('',#3937,3.7);
#613=CIRCLE('',#3940,3.7);
#614=CIRCLE('',#3968,0.999999999999996);
#615=CIRCLE('',#3969,0.999999999999997);
#616=CIRCLE('',#3974,0.999999999999996);
#617=CIRCLE('',#3975,0.999999999999997);
#618=CIRCLE('',#3980,0.999999999999996);
#619=CIRCLE('',#3981,0.999999999999997);
#620=CIRCLE('',#3986,0.999999999999996);
#621=CIRCLE('',#3987,0.999999999999997);
#622=B_SPLINE_CURVE_WITH_KNOTS('',3,(#4841,#4842,#4843,#4844),
 .UNSPECIFIED.,.F.,.F.,(4,4),(51.5750455984138,52.2860549491936),
 .UNSPECIFIED.);
#623=B_SPLINE_CURVE_WITH_KNOTS('',3,(#4847,#4848,#4849,#4850,#4851,#4852,
#4853,#4854,#4855,#4856),.UNSPECIFIED.,.F.,.F.,(4,3,3,4),(-50.2654824574369,
-49.3264669332015,-48.3399375945375,-47.8348991546267),.UNSPECIFIED.);
#624=B_SPLINE_CURVE_WITH_KNOTS('',3,(#4861,#4862,#4863,#4864,#4865,#4866,
#4867,#4868,#4869,#4870,#4871,#4872,#4873,#4874,#4875,#4876,#4877,#4878,
#4879,#4880,#4881,#4882,#4883,#4884,#4885),.UNSPECIFIED.,.F.,.F.,(4,3,3,
3,3,3,3,3,4),(45.2918602912342,45.3803495785454,46.3668789172094,47.3534082558735,
48.3399375945375,49.3264669332015,50.3129962718656,51.2995256105296,51.5750455984138),
 .UNSPECIFIED.);
#625=B_SPLINE_CURVE_WITH_KNOTS('',3,(#4886,#4887,#4888,#4889,#4890,#4891,
#4892,#4893,#4894,#4895,#4896,#4897,#4898,#4899,#4900,#4901,#4902,#4903,
#4904,#4905,#4906,#4907),.UNSPECIFIED.,.F.,.F.,(4,3,3,3,3,3,3,4),(-47.8348991546267,
-47.3534082558735,-46.3668789172094,-45.3803495785454,-44.3938202398814,
-43.4072909012174,-42.4207615625533,-41.5517138474471),.UNSPECIFIED.);
#626=B_SPLINE_CURVE_WITH_KNOTS('',3,(#4912,#4913,#4914,#4915,#4916,#4917,
#4918,#4919,#4920,#4921,#4922,#4923,#4924,#4925,#4926,#4927,#4928,#4929,
#4930,#4931,#4932,#4933),.UNSPECIFIED.,.F.,.F.,(4,3,3,3,3,3,3,4),(39.0086749840546,
39.4611735465612,40.4477028852252,41.4342322238893,42.4207615625533,43.4072909012174,
44.3938202398814,45.2918602912342),.UNSPECIFIED.);
#627=B_SPLINE_CURVE_WITH_KNOTS('',3,(#4934,#4935,#4936,#4937,#4938,#4939,
#4940,#4941,#4942,#4943,#4944,#4945,#4946,#4947,#4948,#4949,#4950,#4951,
#4952,#4953,#4954,#4955,#4956,#4957,#4958),.UNSPECIFIED.,.F.,.F.,(4,3,3,
3,3,3,3,3,4),(-41.5517138474471,-41.4342322238893,-40.4477028852253,-39.4611735465612,
-38.4746442078972,-37.4881148692332,-36.5015855305691,-35.5150561919051,
-35.2685285402676),.UNSPECIFIED.);
#628=B_SPLINE_CURVE_WITH_KNOTS('',3,(#4963,#4964,#4965,#4966,#4967,#4968,
#4969,#4970,#4971,#4972,#4973,#4974,#4975,#4976,#4977,#4978,#4979,#4980,
#4981,#4982,#4983,#4984),.UNSPECIFIED.,.F.,.F.,(4,3,3,3,3,3,3,4),(32.725489676875,
33.541997514577,34.5285268532411,35.5150561919051,36.5015855305691,37.4881148692332,
38.4746442078972,39.0086749840546),.UNSPECIFIED.);
#629=B_SPLINE_CURVE_WITH_KNOTS('',3,(#4985,#4986,#4987,#4988,#4989,#4990,
#4991,#4992,#4993,#4994,#4995,#4996,#4997,#4998,#4999,#5000,#5001,#5002,
#5003,#5004,#5005,#5006),.UNSPECIFIED.,.F.,.F.,(4,3,3,3,3,3,3,4),(-35.2685285402676,
-34.5285268532411,-33.541997514577,-32.555468175913,-31.568938837249,-30.582409498585,
-29.5958801599209,-28.985343233088),.UNSPECIFIED.);
#630=B_SPLINE_CURVE_WITH_KNOTS('',3,(#5011,#5012,#5013,#5014,#5015,#5016,
#5017,#5018,#5019,#5020,#5021,#5022,#5023,#5024,#5025,#5026,#5027,#5028,
#5029,#5030,#5031,#5032,#5033,#5034,#5035),.UNSPECIFIED.,.F.,.F.,(4,3,3,
3,3,3,3,3,4),(26.4423043696954,26.6362921439288,27.6228214825929,28.6093508212569,
29.5958801599209,30.582409498585,31.568938837249,32.555468175913,32.725489676875),
 .UNSPECIFIED.);
#631=B_SPLINE_CURVE_WITH_KNOTS('',3,(#5036,#5037,#5038,#5039,#5040,#5041,
#5042,#5043,#5044,#5045,#5046,#5047,#5048,#5049,#5050,#5051,#5052,#5053,
#5054,#5055,#5056,#5057),.UNSPECIFIED.,.F.,.F.,(4,3,3,3,3,3,3,4),(-28.985343233088,
-28.6093508212569,-27.6228214825929,-26.6362921439288,-25.6497628052648,
-24.6632334666008,-23.6767041279367,-22.7021579259084),.UNSPECIFIED.);
#632=B_SPLINE_CURVE_WITH_KNOTS('',3,(#5062,#5063,#5064,#5065,#5066,#5067,
#5068,#5069,#5070,#5071,#5072,#5073,#5074,#5075,#5076,#5077,#5078,#5079,
#5080,#5081,#5082,#5083),.UNSPECIFIED.,.F.,.F.,(4,3,3,3,3,3,3,4),(20.1591190625159,
20.7171161119446,21.7036454506087,22.6901747892727,23.6767041279367,24.6632334666008,
25.6497628052648,26.4423043696954),.UNSPECIFIED.);
#633=B_SPLINE_CURVE_WITH_KNOTS('',3,(#5084,#5085,#5086,#5087,#5088,#5089,
#5090,#5091,#5092,#5093,#5094,#5095,#5096,#5097,#5098,#5099,#5100,#5101,
#5102,#5103,#5104,#5105,#5106,#5107,#5108),.UNSPECIFIED.,.F.,.F.,(4,3,3,
3,3,3,3,3,4),(-22.7021579259084,-22.6901747892727,-21.7036454506087,-20.7171161119446,
-19.7305867732806,-18.7440574346166,-17.7575280959526,-16.7709987572885,
-16.4189726187288),.UNSPECIFIED.);
#634=B_SPLINE_CURVE_WITH_KNOTS('',3,(#5113,#5114,#5115,#5116,#5117,#5118,
#5119,#5120,#5121,#5122,#5123,#5124,#5125,#5126,#5127,#5128,#5129,#5130,
#5131,#5132,#5133,#5134),.UNSPECIFIED.,.F.,.F.,(4,3,3,3,3,3,3,4),(13.8759337553363,
14.7979400799605,15.7844694186245,16.7709987572885,17.7575280959526,18.7440574346166,
19.7305867732806,20.1591190625159),.UNSPECIFIED.);
#635=B_SPLINE_CURVE_WITH_KNOTS('',3,(#5135,#5136,#5137,#5138,#5139,#5140,
#5141,#5142,#5143,#5144,#5145,#5146,#5147,#5148,#5149,#5150,#5151,#5152,
#5153,#5154,#5155,#5156),.UNSPECIFIED.,.F.,.F.,(4,3,3,3,3,3,3,4),(-16.4189726187288,
-15.7844694186245,-14.7979400799605,-13.8114107412964,-12.8248814026324,
-11.8383520639684,-10.8518227253043,-10.1357873115492),.UNSPECIFIED.);
#636=B_SPLINE_CURVE_WITH_KNOTS('',3,(#5162,#5163,#5164,#5165,#5166,#5167,
#5168,#5169,#5170,#5171,#5172,#5173,#5174),.UNSPECIFIED.,.F.,.F.,(4,3,3,
3,4),(-3.85260200436962,-2.95958801599209,-1.97305867732806,-0.986529338664029,
0.),.UNSPECIFIED.);
#637=B_SPLINE_CURVE_WITH_KNOTS('',3,(#5177,#5178,#5179,#5180,#5181,#5182,
#5183,#5184,#5185,#5186,#5187,#5188,#5189,#5190,#5191,#5192,#5193,#5194,
#5195),.UNSPECIFIED.,.F.,.F.,(4,3,3,3,3,3,4),(2.02057249175682,2.95958801599209,
3.94611735465612,4.93264669332015,5.91917603198418,6.9057053706482,7.59274844815668),
 .UNSPECIFIED.);
#638=B_SPLINE_CURVE_WITH_KNOTS('',3,(#5201,#5202,#5203,#5204),
 .UNSPECIFIED.,.F.,.F.,(4,4),(51.5750455984138,52.2860549491936),
 .UNSPECIFIED.);
#639=B_SPLINE_CURVE_WITH_KNOTS('',3,(#5207,#5208,#5209,#5210,#5211,#5212,
#5213,#5214,#5215,#5216),.UNSPECIFIED.,.F.,.F.,(4,3,3,4),(-50.2654824574367,
-49.3264669332015,-48.3399375945375,-47.8348991546268),.UNSPECIFIED.);
#640=B_SPLINE_CURVE_WITH_KNOTS('',3,(#5221,#5222,#5223,#5224,#5225,#5226,
#5227,#5228,#5229,#5230,#5231,#5232,#5233,#5234,#5235,#5236,#5237,#5238,
#5239,#5240,#5241,#5242,#5243,#5244,#5245),.UNSPECIFIED.,.F.,.F.,(4,3,3,
3,3,3,3,3,4),(45.2918602912342,45.3803495785454,46.3668789172095,47.3534082558735,
48.3399375945375,49.3264669332015,50.3129962718656,51.2995256105296,51.5750455984138),
 .UNSPECIFIED.);
#641=B_SPLINE_CURVE_WITH_KNOTS('',3,(#5246,#5247,#5248,#5249,#5250,#5251,
#5252,#5253,#5254,#5255,#5256,#5257,#5258,#5259,#5260,#5261,#5262,#5263,
#5264,#5265,#5266,#5267),.UNSPECIFIED.,.F.,.F.,(4,3,3,3,3,3,3,4),(-47.8348991546268,
-47.3534082558735,-46.3668789172095,-45.3803495785454,-44.3938202398814,
-43.4072909012174,-42.4207615625533,-41.5517138474472),.UNSPECIFIED.);
#642=B_SPLINE_CURVE_WITH_KNOTS('',3,(#5272,#5273,#5274,#5275,#5276,#5277,
#5278,#5279,#5280,#5281,#5282,#5283,#5284,#5285,#5286,#5287,#5288,#5289,
#5290,#5291,#5292,#5293),.UNSPECIFIED.,.F.,.F.,(4,3,3,3,3,3,3,4),(39.0086749840546,
39.4611735465612,40.4477028852253,41.4342322238893,42.4207615625533,43.4072909012174,
44.3938202398814,45.2918602912342),.UNSPECIFIED.);
#643=B_SPLINE_CURVE_WITH_KNOTS('',3,(#5294,#5295,#5296,#5297,#5298,#5299,
#5300,#5301,#5302,#5303,#5304,#5305,#5306,#5307,#5308,#5309,#5310,#5311,
#5312,#5313,#5314,#5315,#5316,#5317,#5318),.UNSPECIFIED.,.F.,.F.,(4,3,3,
3,3,3,3,3,4),(-41.5517138474472,-41.4342322238893,-40.4477028852253,-39.4611735465612,
-38.4746442078972,-37.4881148692332,-36.5015855305692,-35.5150561919051,
-35.2685285402676),.UNSPECIFIED.);
#644=B_SPLINE_CURVE_WITH_KNOTS('',3,(#5323,#5324,#5325,#5326,#5327,#5328,
#5329,#5330,#5331,#5332,#5333,#5334,#5335,#5336,#5337,#5338,#5339,#5340,
#5341,#5342,#5343,#5344),.UNSPECIFIED.,.F.,.F.,(4,3,3,3,3,3,3,4),(32.725489676875,
33.541997514577,34.5285268532411,35.5150561919051,36.5015855305691,37.4881148692332,
38.4746442078972,39.0086749840546),.UNSPECIFIED.);
#645=B_SPLINE_CURVE_WITH_KNOTS('',3,(#5345,#5346,#5347,#5348,#5349,#5350,
#5351,#5352,#5353,#5354,#5355,#5356,#5357,#5358,#5359,#5360,#5361,#5362,
#5363,#5364,#5365,#5366),.UNSPECIFIED.,.F.,.F.,(4,3,3,3,3,3,3,4),(-35.2685285402676,
-34.5285268532411,-33.5419975145771,-32.555468175913,-31.568938837249,-30.582409498585,
-29.5958801599209,-28.985343233088),.UNSPECIFIED.);
#646=B_SPLINE_CURVE_WITH_KNOTS('',3,(#5371,#5372,#5373,#5374,#5375,#5376,
#5377,#5378,#5379,#5380,#5381,#5382,#5383,#5384,#5385,#5386,#5387,#5388,
#5389,#5390,#5391,#5392,#5393,#5394,#5395),.UNSPECIFIED.,.F.,.F.,(4,3,3,
3,3,3,3,3,4),(26.4423043696954,26.6362921439288,27.6228214825929,28.6093508212569,
29.5958801599209,30.582409498585,31.568938837249,32.555468175913,32.725489676875),
 .UNSPECIFIED.);
#647=B_SPLINE_CURVE_WITH_KNOTS('',3,(#5396,#5397,#5398,#5399,#5400,#5401,
#5402,#5403,#5404,#5405,#5406,#5407,#5408,#5409,#5410,#5411,#5412,#5413,
#5414,#5415,#5416,#5417),.UNSPECIFIED.,.F.,.F.,(4,3,3,3,3,3,3,4),(-28.985343233088,
-28.6093508212569,-27.6228214825929,-26.6362921439288,-25.6497628052648,
-24.6632334666008,-23.6767041279367,-22.7021579259084),.UNSPECIFIED.);
#648=B_SPLINE_CURVE_WITH_KNOTS('',3,(#5422,#5423,#5424,#5425,#5426,#5427,
#5428,#5429,#5430,#5431,#5432,#5433,#5434,#5435,#5436,#5437,#5438,#5439,
#5440,#5441,#5442,#5443),.UNSPECIFIED.,.F.,.F.,(4,3,3,3,3,3,3,4),(20.1591190625159,
20.7171161119447,21.7036454506087,22.6901747892727,23.6767041279367,24.6632334666008,
25.6497628052648,26.4423043696954),.UNSPECIFIED.);
#649=B_SPLINE_CURVE_WITH_KNOTS('',3,(#5444,#5445,#5446,#5447,#5448,#5449,
#5450,#5451,#5452,#5453,#5454,#5455,#5456,#5457,#5458,#5459,#5460,#5461,
#5462,#5463,#5464,#5465,#5466,#5467,#5468),.UNSPECIFIED.,.F.,.F.,(4,3,3,
3,3,3,3,3,4),(-22.7021579259084,-22.6901747892727,-21.7036454506087,-20.7171161119447,
-19.7305867732806,-18.7440574346166,-17.7575280959526,-16.7709987572885,
-16.4189726187288),.UNSPECIFIED.);
#650=B_SPLINE_CURVE_WITH_KNOTS('',3,(#5473,#5474,#5475,#5476,#5477,#5478,
#5479,#5480,#5481,#5482,#5483,#5484,#5485,#5486,#5487,#5488,#5489,#5490,
#5491,#5492,#5493,#5494),.UNSPECIFIED.,.F.,.F.,(4,3,3,3,3,3,3,4),(13.8759337553363,
14.7979400799605,15.7844694186245,16.7709987572885,17.7575280959526,18.7440574346166,
19.7305867732806,20.1591190625159),.UNSPECIFIED.);
#651=B_SPLINE_CURVE_WITH_KNOTS('',3,(#5495,#5496,#5497,#5498,#5499,#5500,
#5501,#5502,#5503,#5504,#5505,#5506,#5507,#5508,#5509,#5510,#5511,#5512,
#5513,#5514,#5515,#5516),.UNSPECIFIED.,.F.,.F.,(4,3,3,3,3,3,3,4),(-16.4189726187288,
-15.7844694186245,-14.7979400799605,-13.8114107412964,-12.8248814026324,
-11.8383520639684,-10.8518227253044,-10.1357873115492),.UNSPECIFIED.);
#652=B_SPLINE_CURVE_WITH_KNOTS('',3,(#5522,#5523,#5524,#5525,#5526,#5527,
#5528,#5529,#5530,#5531,#5532,#5533,#5534),.UNSPECIFIED.,.F.,.F.,(4,3,3,
3,4),(-3.85260200436963,-2.9595880159921,-1.97305867732807,-0.986529338664035,
0.),.UNSPECIFIED.);
#653=B_SPLINE_CURVE_WITH_KNOTS('',3,(#5537,#5538,#5539,#5540,#5541,#5542,
#5543,#5544,#5545,#5546,#5547,#5548,#5549,#5550,#5551,#5552,#5553,#5554,
#5555),.UNSPECIFIED.,.F.,.F.,(4,3,3,3,3,3,4),(2.02057249175687,2.95958801599209,
3.94611735465612,4.93264669332015,5.91917603198418,6.90570537064821,7.59274844815668),
 .UNSPECIFIED.);
#654=B_SPLINE_CURVE_WITH_KNOTS('',3,(#5561,#5562,#5563,#5564),
 .UNSPECIFIED.,.F.,.F.,(4,4),(51.5750455984138,52.2860549491937),
 .UNSPECIFIED.);
#655=B_SPLINE_CURVE_WITH_KNOTS('',3,(#5567,#5568,#5569,#5570,#5571,#5572,
#5573,#5574,#5575,#5576),.UNSPECIFIED.,.F.,.F.,(4,3,3,4),(-50.2654824574367,
-49.3264669332015,-48.3399375945375,-47.8348991546267),.UNSPECIFIED.);
#656=B_SPLINE_CURVE_WITH_KNOTS('',3,(#5581,#5582,#5583,#5584,#5585,#5586,
#5587,#5588,#5589,#5590,#5591,#5592,#5593,#5594,#5595,#5596,#5597,#5598,
#5599,#5600,#5601,#5602,#5603,#5604,#5605),.UNSPECIFIED.,.F.,.F.,(4,3,3,
3,3,3,3,3,4),(45.2918602912342,45.3803495785454,46.3668789172095,47.3534082558735,
48.3399375945375,49.3264669332016,50.3129962718656,51.2995256105296,51.5750455984138),
 .UNSPECIFIED.);
#657=B_SPLINE_CURVE_WITH_KNOTS('',3,(#5606,#5607,#5608,#5609,#5610,#5611,
#5612,#5613,#5614,#5615,#5616,#5617,#5618,#5619,#5620,#5621,#5622,#5623,
#5624,#5625,#5626,#5627),.UNSPECIFIED.,.F.,.F.,(4,3,3,3,3,3,3,4),(-47.8348991546267,
-47.3534082558735,-46.3668789172094,-45.3803495785454,-44.3938202398814,
-43.4072909012174,-42.4207615625533,-41.5517138474471),.UNSPECIFIED.);
#658=B_SPLINE_CURVE_WITH_KNOTS('',3,(#5632,#5633,#5634,#5635,#5636,#5637,
#5638,#5639,#5640,#5641,#5642,#5643,#5644,#5645,#5646,#5647,#5648,#5649,
#5650,#5651,#5652,#5653),.UNSPECIFIED.,.F.,.F.,(4,3,3,3,3,3,3,4),(39.0086749840546,
39.4611735465612,40.4477028852253,41.4342322238893,42.4207615625533,43.4072909012174,
44.3938202398814,45.2918602912342),.UNSPECIFIED.);
#659=B_SPLINE_CURVE_WITH_KNOTS('',3,(#5654,#5655,#5656,#5657,#5658,#5659,
#5660,#5661,#5662,#5663,#5664,#5665,#5666,#5667,#5668,#5669,#5670,#5671,
#5672,#5673,#5674,#5675,#5676,#5677,#5678),.UNSPECIFIED.,.F.,.F.,(4,3,3,
3,3,3,3,3,4),(-41.5517138474471,-41.4342322238893,-40.4477028852253,-39.4611735465612,
-38.4746442078972,-37.4881148692332,-36.5015855305691,-35.5150561919051,
-35.2685285402675),.UNSPECIFIED.);
#660=B_SPLINE_CURVE_WITH_KNOTS('',3,(#5683,#5684,#5685,#5686,#5687,#5688,
#5689,#5690,#5691,#5692,#5693,#5694,#5695,#5696,#5697,#5698,#5699,#5700,
#5701,#5702,#5703,#5704),.UNSPECIFIED.,.F.,.F.,(4,3,3,3,3,3,3,4),(32.725489676875,
33.541997514577,34.5285268532411,35.5150561919051,36.5015855305691,37.4881148692332,
38.4746442078972,39.0086749840546),.UNSPECIFIED.);
#661=B_SPLINE_CURVE_WITH_KNOTS('',3,(#5705,#5706,#5707,#5708,#5709,#5710,
#5711,#5712,#5713,#5714,#5715,#5716,#5717,#5718,#5719,#5720,#5721,#5722,
#5723,#5724,#5725,#5726),.UNSPECIFIED.,.F.,.F.,(4,3,3,3,3,3,3,4),(-35.2685285402675,
-34.5285268532411,-33.5419975145771,-32.555468175913,-31.568938837249,-30.582409498585,
-29.5958801599209,-28.9853432330879),.UNSPECIFIED.);
#662=B_SPLINE_CURVE_WITH_KNOTS('',3,(#5731,#5732,#5733,#5734,#5735,#5736,
#5737,#5738,#5739,#5740,#5741,#5742,#5743,#5744,#5745,#5746,#5747,#5748,
#5749,#5750,#5751,#5752,#5753,#5754,#5755),.UNSPECIFIED.,.F.,.F.,(4,3,3,
3,3,3,3,3,4),(26.4423043696954,26.6362921439288,27.6228214825929,28.6093508212569,
29.5958801599209,30.582409498585,31.568938837249,32.555468175913,32.725489676875),
 .UNSPECIFIED.);
#663=B_SPLINE_CURVE_WITH_KNOTS('',3,(#5756,#5757,#5758,#5759,#5760,#5761,
#5762,#5763,#5764,#5765,#5766,#5767,#5768,#5769,#5770,#5771,#5772,#5773,
#5774,#5775,#5776,#5777),.UNSPECIFIED.,.F.,.F.,(4,3,3,3,3,3,3,4),(-28.9853432330879,
-28.6093508212569,-27.6228214825929,-26.6362921439288,-25.6497628052648,
-24.6632334666008,-23.6767041279367,-22.7021579259084),.UNSPECIFIED.);
#664=B_SPLINE_CURVE_WITH_KNOTS('',3,(#5782,#5783,#5784,#5785,#5786,#5787,
#5788,#5789,#5790,#5791,#5792,#5793,#5794,#5795,#5796,#5797,#5798,#5799,
#5800,#5801,#5802,#5803),.UNSPECIFIED.,.F.,.F.,(4,3,3,3,3,3,3,4),(20.1591190625159,
20.7171161119446,21.7036454506087,22.6901747892727,23.6767041279367,24.6632334666008,
25.6497628052648,26.4423043696954),.UNSPECIFIED.);
#665=B_SPLINE_CURVE_WITH_KNOTS('',3,(#5804,#5805,#5806,#5807,#5808,#5809,
#5810,#5811,#5812,#5813,#5814,#5815,#5816,#5817,#5818,#5819,#5820,#5821,
#5822,#5823,#5824,#5825,#5826,#5827,#5828),.UNSPECIFIED.,.F.,.F.,(4,3,3,
3,3,3,3,3,4),(-22.7021579259084,-22.6901747892727,-21.7036454506087,-20.7171161119447,
-19.7305867732806,-18.7440574346166,-17.7575280959526,-16.7709987572885,
-16.4189726187288),.UNSPECIFIED.);
#666=B_SPLINE_CURVE_WITH_KNOTS('',3,(#5833,#5834,#5835,#5836,#5837,#5838,
#5839,#5840,#5841,#5842,#5843,#5844,#5845,#5846,#5847,#5848,#5849,#5850,
#5851,#5852,#5853,#5854),.UNSPECIFIED.,.F.,.F.,(4,3,3,3,3,3,3,4),(13.8759337553363,
14.7979400799605,15.7844694186245,16.7709987572885,17.7575280959526,18.7440574346166,
19.7305867732806,20.1591190625159),.UNSPECIFIED.);
#667=B_SPLINE_CURVE_WITH_KNOTS('',3,(#5855,#5856,#5857,#5858,#5859,#5860,
#5861,#5862,#5863,#5864,#5865,#5866,#5867,#5868,#5869,#5870,#5871,#5872,
#5873,#5874,#5875,#5876),.UNSPECIFIED.,.F.,.F.,(4,3,3,3,3,3,3,4),(-16.4189726187288,
-15.7844694186245,-14.7979400799605,-13.8114107412964,-12.8248814026324,
-11.8383520639684,-10.8518227253043,-10.1357873115492),.UNSPECIFIED.);
#668=B_SPLINE_CURVE_WITH_KNOTS('',3,(#5882,#5883,#5884,#5885,#5886,#5887,
#5888,#5889,#5890,#5891,#5892,#5893,#5894),.UNSPECIFIED.,.F.,.F.,(4,3,3,
3,4),(-3.85260200436961,-2.95958801599209,-1.97305867732807,-0.986529338664032,
0.),.UNSPECIFIED.);
#669=B_SPLINE_CURVE_WITH_KNOTS('',3,(#5897,#5898,#5899,#5900,#5901,#5902,
#5903,#5904,#5905,#5906,#5907,#5908,#5909,#5910,#5911,#5912,#5913,#5914,
#5915),.UNSPECIFIED.,.F.,.F.,(4,3,3,3,3,3,4),(2.02057249175692,2.9595880159921,
3.94611735465613,4.93264669332015,5.91917603198419,6.90570537064821,7.59274844815668),
 .UNSPECIFIED.);
#670=B_SPLINE_CURVE_WITH_KNOTS('',3,(#5921,#5922,#5923,#5924),
 .UNSPECIFIED.,.F.,.F.,(4,4),(51.5750455984138,52.2860549491936),
 .UNSPECIFIED.);
#671=B_SPLINE_CURVE_WITH_KNOTS('',3,(#5927,#5928,#5929,#5930,#5931,#5932,
#5933,#5934,#5935,#5936),.UNSPECIFIED.,.F.,.F.,(4,3,3,4),(-50.2654824574367,
-49.3264669332015,-48.3399375945375,-47.8348991546267),.UNSPECIFIED.);
#672=B_SPLINE_CURVE_WITH_KNOTS('',3,(#5941,#5942,#5943,#5944,#5945,#5946,
#5947,#5948,#5949,#5950,#5951,#5952,#5953,#5954,#5955,#5956,#5957,#5958,
#5959,#5960,#5961,#5962,#5963,#5964,#5965),.UNSPECIFIED.,.F.,.F.,(4,3,3,
3,3,3,3,3,4),(45.2918602912342,45.3803495785454,46.3668789172094,47.3534082558735,
48.3399375945375,49.3264669332015,50.3129962718656,51.2995256105296,51.5750455984138),
 .UNSPECIFIED.);
#673=B_SPLINE_CURVE_WITH_KNOTS('',3,(#5966,#5967,#5968,#5969,#5970,#5971,
#5972,#5973,#5974,#5975,#5976,#5977,#5978,#5979,#5980,#5981,#5982,#5983,
#5984,#5985,#5986,#5987),.UNSPECIFIED.,.F.,.F.,(4,3,3,3,3,3,3,4),(-47.8348991546267,
-47.3534082558735,-46.3668789172094,-45.3803495785454,-44.3938202398814,
-43.4072909012174,-42.4207615625533,-41.5517138474471),.UNSPECIFIED.);
#674=B_SPLINE_CURVE_WITH_KNOTS('',3,(#5992,#5993,#5994,#5995,#5996,#5997,
#5998,#5999,#6000,#6001,#6002,#6003,#6004,#6005,#6006,#6007,#6008,#6009,
#6010,#6011,#6012,#6013),.UNSPECIFIED.,.F.,.F.,(4,3,3,3,3,3,3,4),(39.0086749840546,
39.4611735465612,40.4477028852253,41.4342322238893,42.4207615625533,43.4072909012174,
44.3938202398814,45.2918602912342),.UNSPECIFIED.);
#675=B_SPLINE_CURVE_WITH_KNOTS('',3,(#6014,#6015,#6016,#6017,#6018,#6019,
#6020,#6021,#6022,#6023,#6024,#6025,#6026,#6027,#6028,#6029,#6030,#6031,
#6032,#6033,#6034,#6035,#6036,#6037,#6038),.UNSPECIFIED.,.F.,.F.,(4,3,3,
3,3,3,3,3,4),(-41.5517138474471,-41.4342322238893,-40.4477028852253,-39.4611735465612,
-38.4746442078972,-37.4881148692332,-36.5015855305691,-35.5150561919051,
-35.2685285402675),.UNSPECIFIED.);
#676=B_SPLINE_CURVE_WITH_KNOTS('',3,(#6043,#6044,#6045,#6046,#6047,#6048,
#6049,#6050,#6051,#6052,#6053,#6054,#6055,#6056,#6057,#6058,#6059,#6060,
#6061,#6062,#6063,#6064),.UNSPECIFIED.,.F.,.F.,(4,3,3,3,3,3,3,4),(32.725489676875,
33.5419975145771,34.5285268532411,35.5150561919051,36.5015855305691,37.4881148692332,
38.4746442078972,39.0086749840546),.UNSPECIFIED.);
#677=B_SPLINE_CURVE_WITH_KNOTS('',3,(#6065,#6066,#6067,#6068,#6069,#6070,
#6071,#6072,#6073,#6074,#6075,#6076,#6077,#6078,#6079,#6080,#6081,#6082,
#6083,#6084,#6085,#6086),.UNSPECIFIED.,.F.,.F.,(4,3,3,3,3,3,3,4),(-35.2685285402675,
-34.5285268532411,-33.541997514577,-32.555468175913,-31.568938837249,-30.5824094985849,
-29.5958801599209,-28.9853432330879),.UNSPECIFIED.);
#678=B_SPLINE_CURVE_WITH_KNOTS('',3,(#6091,#6092,#6093,#6094,#6095,#6096,
#6097,#6098,#6099,#6100,#6101,#6102,#6103,#6104,#6105,#6106,#6107,#6108,
#6109,#6110,#6111,#6112,#6113,#6114,#6115),.UNSPECIFIED.,.F.,.F.,(4,3,3,
3,3,3,3,3,4),(26.4423043696954,26.6362921439288,27.6228214825929,28.6093508212569,
29.5958801599209,30.582409498585,31.568938837249,32.555468175913,32.725489676875),
 .UNSPECIFIED.);
#679=B_SPLINE_CURVE_WITH_KNOTS('',3,(#6116,#6117,#6118,#6119,#6120,#6121,
#6122,#6123,#6124,#6125,#6126,#6127,#6128,#6129,#6130,#6131,#6132,#6133,
#6134,#6135,#6136,#6137),.UNSPECIFIED.,.F.,.F.,(4,3,3,3,3,3,3,4),(-28.9853432330879,
-28.6093508212569,-27.6228214825929,-26.6362921439288,-25.6497628052648,
-24.6632334666008,-23.6767041279367,-22.7021579259084),.UNSPECIFIED.);
#680=B_SPLINE_CURVE_WITH_KNOTS('',3,(#6142,#6143,#6144,#6145,#6146,#6147,
#6148,#6149,#6150,#6151,#6152,#6153,#6154,#6155,#6156,#6157,#6158,#6159,
#6160,#6161,#6162,#6163),.UNSPECIFIED.,.F.,.F.,(4,3,3,3,3,3,3,4),(20.1591190625158,
20.7171161119446,21.7036454506087,22.6901747892727,23.6767041279367,24.6632334666008,
25.6497628052648,26.4423043696954),.UNSPECIFIED.);
#681=B_SPLINE_CURVE_WITH_KNOTS('',3,(#6164,#6165,#6166,#6167,#6168,#6169,
#6170,#6171,#6172,#6173,#6174,#6175,#6176,#6177,#6178,#6179,#6180,#6181,
#6182,#6183,#6184,#6185,#6186,#6187,#6188),.UNSPECIFIED.,.F.,.F.,(4,3,3,
3,3,3,3,3,4),(-22.7021579259084,-22.6901747892727,-21.7036454506087,-20.7171161119446,
-19.7305867732806,-18.7440574346166,-17.7575280959525,-16.7709987572885,
-16.4189726187288),.UNSPECIFIED.);
#682=B_SPLINE_CURVE_WITH_KNOTS('',3,(#6193,#6194,#6195,#6196,#6197,#6198,
#6199,#6200,#6201,#6202,#6203,#6204,#6205,#6206,#6207,#6208,#6209,#6210,
#6211,#6212,#6213,#6214),.UNSPECIFIED.,.F.,.F.,(4,3,3,3,3,3,3,4),(13.8759337553363,
14.7979400799605,15.7844694186245,16.7709987572885,17.7575280959526,18.7440574346166,
19.7305867732806,20.1591190625158),.UNSPECIFIED.);
#683=B_SPLINE_CURVE_WITH_KNOTS('',3,(#6215,#6216,#6217,#6218,#6219,#6220,
#6221,#6222,#6223,#6224,#6225,#6226,#6227,#6228,#6229,#6230,#6231,#6232,
#6233,#6234,#6235,#6236),.UNSPECIFIED.,.F.,.F.,(4,3,3,3,3,3,3,4),(-16.4189726187288,
-15.7844694186245,-14.7979400799605,-13.8114107412964,-12.8248814026324,
-11.8383520639684,-10.8518227253043,-10.1357873115492),.UNSPECIFIED.);
#684=B_SPLINE_CURVE_WITH_KNOTS('',3,(#6242,#6243,#6244,#6245,#6246,#6247,
#6248,#6249,#6250,#6251,#6252,#6253,#6254),.UNSPECIFIED.,.F.,.F.,(4,3,3,
3,4),(-3.85260200436961,-2.95958801599209,-1.97305867732806,-0.986529338664031,
0.),.UNSPECIFIED.);
#685=B_SPLINE_CURVE_WITH_KNOTS('',3,(#6257,#6258,#6259,#6260,#6261,#6262,
#6263,#6264,#6265,#6266,#6267,#6268,#6269,#6270,#6271,#6272,#6273,#6274,
#6275),.UNSPECIFIED.,.F.,.F.,(4,3,3,3,3,3,4),(2.02057249175692,2.95958801599209,
3.94611735465613,4.93264669332015,5.91917603198418,6.90570537064822,7.59274844815667),
 .UNSPECIFIED.);
#686=B_SPLINE_CURVE_WITH_KNOTS('',3,(#6281,#6282,#6283,#6284,#6285,#6286,
#6287,#6288),.UNSPECIFIED.,.F.,.F.,(4,1,1,1,1,4),(59.6902604182061,60.1952988581168,
61.1818281967809,62.1683575354449,63.1548868741089,64.141416212773),
 .UNSPECIFIED.);
#687=B_SPLINE_CURVE_WITH_KNOTS('',3,(#6291,#6292,#6293,#6294,#6295,#6296,
#6297,#6298,#6299),.UNSPECIFIED.,.F.,.F.,(4,1,1,1,1,1,4),(59.6902604182061,
59.7787497055172,60.7652790441813,61.7518083828453,62.7383377215093,63.7248670601734,
64.6638825844085),.UNSPECIFIED.);
#688=B_SPLINE_CURVE_WITH_KNOTS('',3,(#6304,#6305,#6306,#6307,#6308,#6309,
#6310,#6311,#6312,#6313),.UNSPECIFIED.,.F.,.F.,(4,1,1,1,1,1,1,4),(53.4070751110265,
54.2761228261326,55.2626521647967,56.2491815034607,57.2357108421247,58.2222401807888,
59.2087695194528,59.6902604182061),.UNSPECIFIED.);
#689=B_SPLINE_CURVE_WITH_KNOTS('',3,(#6314,#6315,#6316,#6317,#6318,#6319,
#6320,#6321,#6322,#6323),.UNSPECIFIED.,.F.,.F.,(4,1,1,1,1,1,1,4),(53.4070751110265,
53.8595736735331,54.8461030121971,55.8326323508611,56.8191616895252,57.8056910281892,
58.7922203668532,59.6902604182061),.UNSPECIFIED.);
#690=B_SPLINE_CURVE_WITH_KNOTS('',3,(#6328,#6329,#6330,#6331,#6332,#6333,
#6334,#6335,#6336,#6337,#6338),.UNSPECIFIED.,.F.,.F.,(4,1,1,1,1,1,1,1,4),
(47.1238898038469,47.3704174554844,48.3569467941485,49.3434761328125,50.3300054714765,
51.3165348101406,52.3030641488046,53.2895934874686,53.4070751110265),
 .UNSPECIFIED.);
#691=B_SPLINE_CURVE_WITH_KNOTS('',3,(#6339,#6340,#6341,#6342,#6343,#6344,
#6345,#6346,#6347,#6348),.UNSPECIFIED.,.F.,.F.,(4,1,1,1,1,1,1,4),(47.1238898038469,
47.9403976415489,48.9269269802129,49.9134563188769,50.899985657541,51.886514996205,
52.873044334869,53.4070751110265),.UNSPECIFIED.);
#692=B_SPLINE_CURVE_WITH_KNOTS('',3,(#6353,#6354,#6355,#6356,#6357,#6358,
#6359,#6360,#6361,#6362),.UNSPECIFIED.,.F.,.F.,(4,1,1,1,1,1,1,4),(40.8407044966673,
41.4512414235002,42.4377707621643,43.4243001008283,44.4108294394923,45.3973587781564,
46.3838881168204,47.1238898038469),.UNSPECIFIED.);
#693=B_SPLINE_CURVE_WITH_KNOTS('',3,(#6363,#6364,#6365,#6366,#6367,#6368,
#6369,#6370,#6371,#6372,#6373),.UNSPECIFIED.,.F.,.F.,(4,1,1,1,1,1,1,1,4),
(40.8407044966673,41.0346922709007,42.0212216095647,43.0077509482287,43.9942802868928,
44.9808096255568,45.9673389642208,46.9538683028848,47.1238898038469),
 .UNSPECIFIED.);
#694=B_SPLINE_CURVE_WITH_KNOTS('',3,(#6378,#6379,#6380,#6381,#6382,#6383,
#6384,#6385,#6386,#6387),.UNSPECIFIED.,.F.,.F.,(4,1,1,1,1,1,1,4),(34.5575191894877,
35.5320653915161,36.5185947301801,37.5051240688441,38.4916534075082,39.4781827461722,
40.4647120848362,40.8407044966673),.UNSPECIFIED.);
#695=B_SPLINE_CURVE_WITH_KNOTS('',3,(#6388,#6389,#6390,#6391,#6392,#6393,
#6394,#6395,#6396,#6397),.UNSPECIFIED.,.F.,.F.,(4,1,1,1,1,1,1,4),(34.5575191894877,
35.1155162389165,36.1020455775805,37.0885749162445,38.0751042549086,39.0616335935726,
40.0481629322366,40.8407044966673),.UNSPECIFIED.);
#696=B_SPLINE_CURVE_WITH_KNOTS('',3,(#6402,#6403,#6404,#6405,#6406,#6407,
#6408,#6409,#6410,#6411,#6412),.UNSPECIFIED.,.F.,.F.,(4,1,1,1,1,1,1,1,4),
(28.2743338823081,28.6263600208679,29.6128893595319,30.5994186981959,31.5859480368599,
32.572477375524,33.559006714188,34.545536052852,34.5575191894877),
 .UNSPECIFIED.);
#697=B_SPLINE_CURVE_WITH_KNOTS('',3,(#6413,#6414,#6415,#6416,#6417,#6418,
#6419,#6420,#6421,#6422),.UNSPECIFIED.,.F.,.F.,(4,1,1,1,1,1,1,4),(28.2743338823081,
29.1963402069323,30.1828695455963,31.1693988842604,32.1559282229244,33.1424575615884,
34.1289869002525,34.5575191894877),.UNSPECIFIED.);
#698=B_SPLINE_CURVE_WITH_KNOTS('',3,(#6427,#6428,#6429,#6430,#6431,#6432,
#6433,#6434,#6435,#6436),.UNSPECIFIED.,.F.,.F.,(4,1,1,1,1,1,1,4),(21.9911485751285,
22.7071839888837,23.6937133275477,24.6802426662117,25.6667720048758,26.6533013435398,
27.6398306822038,28.2743338823081),.UNSPECIFIED.);
#699=B_SPLINE_CURVE_WITH_KNOTS('',3,(#6437,#6438,#6439,#6440,#6441,#6442,
#6443,#6444,#6445,#6446,#6447),.UNSPECIFIED.,.F.,.F.,(4,1,1,1,1,1,1,1,4),
(21.9911485751285,22.2906348362841,23.2771641749481,24.2636935136121,25.2502228522762,
26.2367521909402,27.2232815296042,28.2098108682683,28.2743338823081),
 .UNSPECIFIED.);
#700=B_SPLINE_CURVE_WITH_KNOTS('',3,(#6453,#6454,#6455,#6456,#6457),
 .UNSPECIFIED.,.F.,.F.,(4,1,4),(14.3984001269718,15.3849294656359,15.7079632679489),
 .UNSPECIFIED.);
#701=B_SPLINE_CURVE_WITH_KNOTS('',3,(#6460,#6461,#6462,#6463,#6464),
 .UNSPECIFIED.,.F.,.F.,(4,1,4),(13.8759337553363,14.8149492795714,15.7079632679489),
 .UNSPECIFIED.);
#702=B_SPLINE_CURVE_WITH_KNOTS('',3,(#6470,#6471,#6472,#6473,#6474,#6475,
#6476,#6477),.UNSPECIFIED.,.F.,.F.,(4,1,1,1,1,4),(59.6902604182061,60.1952988581168,
61.1818281967809,62.1683575354449,63.1548868741089,64.141416212773),
 .UNSPECIFIED.);
#703=B_SPLINE_CURVE_WITH_KNOTS('',3,(#6480,#6481,#6482,#6483,#6484,#6485,
#6486,#6487,#6488),.UNSPECIFIED.,.F.,.F.,(4,1,1,1,1,1,4),(59.6902604182061,
59.7787497055172,60.7652790441813,61.7518083828453,62.7383377215093,63.7248670601734,
64.6638825844085),.UNSPECIFIED.);
#704=B_SPLINE_CURVE_WITH_KNOTS('',3,(#6493,#6494,#6495,#6496,#6497,#6498,
#6499,#6500,#6501,#6502),.UNSPECIFIED.,.F.,.F.,(4,1,1,1,1,1,1,4),(53.4070751110265,
54.2761228261326,55.2626521647967,56.2491815034607,57.2357108421247,58.2222401807888,
59.2087695194528,59.6902604182061),.UNSPECIFIED.);
#705=B_SPLINE_CURVE_WITH_KNOTS('',3,(#6503,#6504,#6505,#6506,#6507,#6508,
#6509,#6510,#6511,#6512),.UNSPECIFIED.,.F.,.F.,(4,1,1,1,1,1,1,4),(53.4070751110265,
53.8595736735331,54.8461030121971,55.8326323508611,56.8191616895252,57.8056910281892,
58.7922203668532,59.6902604182061),.UNSPECIFIED.);
#706=B_SPLINE_CURVE_WITH_KNOTS('',3,(#6517,#6518,#6519,#6520,#6521,#6522,
#6523,#6524,#6525,#6526,#6527),.UNSPECIFIED.,.F.,.F.,(4,1,1,1,1,1,1,1,4),
(47.1238898038469,47.3704174554844,48.3569467941485,49.3434761328125,50.3300054714765,
51.3165348101406,52.3030641488046,53.2895934874686,53.4070751110265),
 .UNSPECIFIED.);
#707=B_SPLINE_CURVE_WITH_KNOTS('',3,(#6528,#6529,#6530,#6531,#6532,#6533,
#6534,#6535,#6536,#6537),.UNSPECIFIED.,.F.,.F.,(4,1,1,1,1,1,1,4),(47.1238898038469,
47.9403976415489,48.9269269802129,49.9134563188769,50.899985657541,51.886514996205,
52.873044334869,53.4070751110265),.UNSPECIFIED.);
#708=B_SPLINE_CURVE_WITH_KNOTS('',3,(#6542,#6543,#6544,#6545,#6546,#6547,
#6548,#6549,#6550,#6551),.UNSPECIFIED.,.F.,.F.,(4,1,1,1,1,1,1,4),(40.8407044966673,
41.4512414235002,42.4377707621643,43.4243001008283,44.4108294394923,45.3973587781564,
46.3838881168204,47.1238898038469),.UNSPECIFIED.);
#709=B_SPLINE_CURVE_WITH_KNOTS('',3,(#6552,#6553,#6554,#6555,#6556,#6557,
#6558,#6559,#6560,#6561,#6562),.UNSPECIFIED.,.F.,.F.,(4,1,1,1,1,1,1,1,4),
(40.8407044966673,41.0346922709007,42.0212216095647,43.0077509482287,43.9942802868928,
44.9808096255568,45.9673389642208,46.9538683028848,47.1238898038469),
 .UNSPECIFIED.);
#710=B_SPLINE_CURVE_WITH_KNOTS('',3,(#6567,#6568,#6569,#6570,#6571,#6572,
#6573,#6574,#6575,#6576),.UNSPECIFIED.,.F.,.F.,(4,1,1,1,1,1,1,4),(34.5575191894877,
35.5320653915161,36.5185947301801,37.5051240688441,38.4916534075082,39.4781827461722,
40.4647120848362,40.8407044966673),.UNSPECIFIED.);
#711=B_SPLINE_CURVE_WITH_KNOTS('',3,(#6577,#6578,#6579,#6580,#6581,#6582,
#6583,#6584,#6585,#6586),.UNSPECIFIED.,.F.,.F.,(4,1,1,1,1,1,1,4),(34.5575191894877,
35.1155162389165,36.1020455775805,37.0885749162445,38.0751042549086,39.0616335935726,
40.0481629322366,40.8407044966673),.UNSPECIFIED.);
#712=B_SPLINE_CURVE_WITH_KNOTS('',3,(#6591,#6592,#6593,#6594,#6595,#6596,
#6597,#6598,#6599,#6600,#6601),.UNSPECIFIED.,.F.,.F.,(4,1,1,1,1,1,1,1,4),
(28.2743338823081,28.6263600208678,29.6128893595319,30.5994186981959,31.5859480368599,
32.572477375524,33.559006714188,34.545536052852,34.5575191894877),
 .UNSPECIFIED.);
#713=B_SPLINE_CURVE_WITH_KNOTS('',3,(#6602,#6603,#6604,#6605,#6606,#6607,
#6608,#6609,#6610,#6611),.UNSPECIFIED.,.F.,.F.,(4,1,1,1,1,1,1,4),(28.2743338823081,
29.1963402069323,30.1828695455963,31.1693988842604,32.1559282229244,33.1424575615884,
34.1289869002524,34.5575191894877),.UNSPECIFIED.);
#714=B_SPLINE_CURVE_WITH_KNOTS('',3,(#6616,#6617,#6618,#6619,#6620,#6621,
#6622,#6623,#6624,#6625),.UNSPECIFIED.,.F.,.F.,(4,1,1,1,1,1,1,4),(21.9911485751285,
22.7071839888837,23.6937133275477,24.6802426662117,25.6667720048757,26.6533013435398,
27.6398306822038,28.2743338823081),.UNSPECIFIED.);
#715=B_SPLINE_CURVE_WITH_KNOTS('',3,(#6626,#6627,#6628,#6629,#6630,#6631,
#6632,#6633,#6634,#6635,#6636),.UNSPECIFIED.,.F.,.F.,(4,1,1,1,1,1,1,1,4),
(21.9911485751285,22.2906348362841,23.2771641749481,24.2636935136121,25.2502228522762,
26.2367521909402,27.2232815296042,28.2098108682683,28.2743338823081),
 .UNSPECIFIED.);
#716=B_SPLINE_CURVE_WITH_KNOTS('',3,(#6642,#6643,#6644,#6645,#6646),
 .UNSPECIFIED.,.F.,.F.,(4,1,4),(14.3984001269718,15.3849294656359,15.707963267949),
 .UNSPECIFIED.);
#717=B_SPLINE_CURVE_WITH_KNOTS('',3,(#6649,#6650,#6651,#6652,#6653),
 .UNSPECIFIED.,.F.,.F.,(4,1,4),(13.8759337553363,14.8149492795714,15.7079632679489),
 .UNSPECIFIED.);
#718=B_SPLINE_CURVE_WITH_KNOTS('',3,(#6659,#6660,#6661,#6662,#6663,#6664,
#6665,#6666),.UNSPECIFIED.,.F.,.F.,(4,1,1,1,1,4),(59.6902604182061,60.1952988581168,
61.1818281967808,62.1683575354449,63.1548868741089,64.1414162127729),
 .UNSPECIFIED.);
#719=B_SPLINE_CURVE_WITH_KNOTS('',3,(#6669,#6670,#6671,#6672,#6673,#6674,
#6675,#6676,#6677),.UNSPECIFIED.,.F.,.F.,(4,1,1,1,1,1,4),(59.6902604182061,
59.7787497055172,60.7652790441813,61.7518083828453,62.7383377215093,63.7248670601734,
64.6638825844085),.UNSPECIFIED.);
#720=B_SPLINE_CURVE_WITH_KNOTS('',3,(#6682,#6683,#6684,#6685,#6686,#6687,
#6688,#6689,#6690,#6691),.UNSPECIFIED.,.F.,.F.,(4,1,1,1,1,1,1,4),(53.4070751110265,
54.2761228261326,55.2626521647967,56.2491815034607,57.2357108421247,58.2222401807888,
59.2087695194528,59.6902604182061),.UNSPECIFIED.);
#721=B_SPLINE_CURVE_WITH_KNOTS('',3,(#6692,#6693,#6694,#6695,#6696,#6697,
#6698,#6699,#6700,#6701),.UNSPECIFIED.,.F.,.F.,(4,1,1,1,1,1,1,4),(53.4070751110265,
53.8595736735331,54.8461030121971,55.8326323508611,56.8191616895252,57.8056910281892,
58.7922203668532,59.6902604182061),.UNSPECIFIED.);
#722=B_SPLINE_CURVE_WITH_KNOTS('',3,(#6706,#6707,#6708,#6709,#6710,#6711,
#6712,#6713,#6714,#6715,#6716),.UNSPECIFIED.,.F.,.F.,(4,1,1,1,1,1,1,1,4),
(47.1238898038469,47.3704174554844,48.3569467941484,49.3434761328125,50.3300054714765,
51.3165348101405,52.3030641488046,53.2895934874686,53.4070751110265),
 .UNSPECIFIED.);
#723=B_SPLINE_CURVE_WITH_KNOTS('',3,(#6717,#6718,#6719,#6720,#6721,#6722,
#6723,#6724,#6725,#6726),.UNSPECIFIED.,.F.,.F.,(4,1,1,1,1,1,1,4),(47.1238898038469,
47.9403976415489,48.9269269802129,49.9134563188769,50.899985657541,51.886514996205,
52.873044334869,53.4070751110265),.UNSPECIFIED.);
#724=B_SPLINE_CURVE_WITH_KNOTS('',3,(#6731,#6732,#6733,#6734,#6735,#6736,
#6737,#6738,#6739,#6740),.UNSPECIFIED.,.F.,.F.,(4,1,1,1,1,1,1,4),(40.8407044966673,
41.4512414235002,42.4377707621643,43.4243001008283,44.4108294394923,45.3973587781564,
46.3838881168204,47.1238898038469),.UNSPECIFIED.);
#725=B_SPLINE_CURVE_WITH_KNOTS('',3,(#6741,#6742,#6743,#6744,#6745,#6746,
#6747,#6748,#6749,#6750,#6751),.UNSPECIFIED.,.F.,.F.,(4,1,1,1,1,1,1,1,4),
(40.8407044966673,41.0346922709007,42.0212216095647,43.0077509482287,43.9942802868928,
44.9808096255568,45.9673389642208,46.9538683028848,47.1238898038469),
 .UNSPECIFIED.);
#726=B_SPLINE_CURVE_WITH_KNOTS('',3,(#6756,#6757,#6758,#6759,#6760,#6761,
#6762,#6763,#6764,#6765),.UNSPECIFIED.,.F.,.F.,(4,1,1,1,1,1,1,4),(34.5575191894877,
35.532065391516,36.5185947301801,37.5051240688441,38.4916534075081,39.4781827461722,
40.4647120848362,40.8407044966673),.UNSPECIFIED.);
#727=B_SPLINE_CURVE_WITH_KNOTS('',3,(#6766,#6767,#6768,#6769,#6770,#6771,
#6772,#6773,#6774,#6775),.UNSPECIFIED.,.F.,.F.,(4,1,1,1,1,1,1,4),(34.5575191894877,
35.1155162389165,36.1020455775805,37.0885749162445,38.0751042549086,39.0616335935726,
40.0481629322366,40.8407044966673),.UNSPECIFIED.);
#728=B_SPLINE_CURVE_WITH_KNOTS('',3,(#6780,#6781,#6782,#6783,#6784,#6785,
#6786,#6787,#6788,#6789,#6790),.UNSPECIFIED.,.F.,.F.,(4,1,1,1,1,1,1,1,4),
(28.2743338823081,28.6263600208678,29.6128893595319,30.5994186981959,31.5859480368599,
32.572477375524,33.559006714188,34.545536052852,34.5575191894877),
 .UNSPECIFIED.);
#729=B_SPLINE_CURVE_WITH_KNOTS('',3,(#6791,#6792,#6793,#6794,#6795,#6796,
#6797,#6798,#6799,#6800),.UNSPECIFIED.,.F.,.F.,(4,1,1,1,1,1,1,4),(28.2743338823081,
29.1963402069323,30.1828695455963,31.1693988842604,32.1559282229244,33.1424575615884,
34.1289869002524,34.5575191894877),.UNSPECIFIED.);
#730=B_SPLINE_CURVE_WITH_KNOTS('',3,(#6805,#6806,#6807,#6808,#6809,#6810,
#6811,#6812,#6813,#6814),.UNSPECIFIED.,.F.,.F.,(4,1,1,1,1,1,1,4),(21.9911485751285,
22.7071839888836,23.6937133275477,24.6802426662117,25.6667720048757,26.6533013435398,
27.6398306822038,28.2743338823081),.UNSPECIFIED.);
#731=B_SPLINE_CURVE_WITH_KNOTS('',3,(#6815,#6816,#6817,#6818,#6819,#6820,
#6821,#6822,#6823,#6824,#6825),.UNSPECIFIED.,.F.,.F.,(4,1,1,1,1,1,1,1,4),
(21.9911485751285,22.2906348362841,23.2771641749481,24.2636935136121,25.2502228522762,
26.2367521909402,27.2232815296042,28.2098108682683,28.2743338823081),
 .UNSPECIFIED.);
#732=B_SPLINE_CURVE_WITH_KNOTS('',3,(#6831,#6832,#6833,#6834,#6835),
 .UNSPECIFIED.,.F.,.F.,(4,1,4),(14.3984001269718,15.3849294656359,15.7079632679489),
 .UNSPECIFIED.);
#733=B_SPLINE_CURVE_WITH_KNOTS('',3,(#6838,#6839,#6840,#6841,#6842),
 .UNSPECIFIED.,.F.,.F.,(4,1,4),(13.8759337553362,14.8149492795714,15.7079632679489),
 .UNSPECIFIED.);
#734=B_SPLINE_CURVE_WITH_KNOTS('',3,(#6848,#6849,#6850,#6851,#6852,#6853,
#6854,#6855),.UNSPECIFIED.,.F.,.F.,(4,1,1,1,1,4),(59.6902604182061,60.1952988581168,
61.1818281967809,62.1683575354449,63.1548868741089,64.141416212773),
 .UNSPECIFIED.);
#735=B_SPLINE_CURVE_WITH_KNOTS('',3,(#6858,#6859,#6860,#6861,#6862,#6863,
#6864,#6865,#6866),.UNSPECIFIED.,.F.,.F.,(4,1,1,1,1,1,4),(59.6902604182061,
59.7787497055172,60.7652790441813,61.7518083828453,62.7383377215093,63.7248670601734,
64.6638825844085),.UNSPECIFIED.);
#736=B_SPLINE_CURVE_WITH_KNOTS('',3,(#6871,#6872,#6873,#6874,#6875,#6876,
#6877,#6878,#6879,#6880),.UNSPECIFIED.,.F.,.F.,(4,1,1,1,1,1,1,4),(53.4070751110265,
54.2761228261326,55.2626521647967,56.2491815034607,57.2357108421247,58.2222401807888,
59.2087695194528,59.6902604182061),.UNSPECIFIED.);
#737=B_SPLINE_CURVE_WITH_KNOTS('',3,(#6881,#6882,#6883,#6884,#6885,#6886,
#6887,#6888,#6889,#6890),.UNSPECIFIED.,.F.,.F.,(4,1,1,1,1,1,1,4),(53.4070751110265,
53.8595736735331,54.8461030121971,55.8326323508611,56.8191616895252,57.8056910281892,
58.7922203668532,59.6902604182061),.UNSPECIFIED.);
#738=B_SPLINE_CURVE_WITH_KNOTS('',3,(#6895,#6896,#6897,#6898,#6899,#6900,
#6901,#6902,#6903,#6904,#6905),.UNSPECIFIED.,.F.,.F.,(4,1,1,1,1,1,1,1,4),
(47.1238898038469,47.3704174554844,48.3569467941485,49.3434761328125,50.3300054714765,
51.3165348101406,52.3030641488046,53.2895934874686,53.4070751110265),
 .UNSPECIFIED.);
#739=B_SPLINE_CURVE_WITH_KNOTS('',3,(#6906,#6907,#6908,#6909,#6910,#6911,
#6912,#6913,#6914,#6915),.UNSPECIFIED.,.F.,.F.,(4,1,1,1,1,1,1,4),(47.1238898038469,
47.9403976415489,48.9269269802129,49.9134563188769,50.899985657541,51.886514996205,
52.873044334869,53.4070751110265),.UNSPECIFIED.);
#740=B_SPLINE_CURVE_WITH_KNOTS('',3,(#6920,#6921,#6922,#6923,#6924,#6925,
#6926,#6927,#6928,#6929),.UNSPECIFIED.,.F.,.F.,(4,1,1,1,1,1,1,4),(40.8407044966673,
41.4512414235002,42.4377707621643,43.4243001008283,44.4108294394923,45.3973587781564,
46.3838881168204,47.1238898038469),.UNSPECIFIED.);
#741=B_SPLINE_CURVE_WITH_KNOTS('',3,(#6930,#6931,#6932,#6933,#6934,#6935,
#6936,#6937,#6938,#6939,#6940),.UNSPECIFIED.,.F.,.F.,(4,1,1,1,1,1,1,1,4),
(40.8407044966673,41.0346922709007,42.0212216095647,43.0077509482287,43.9942802868927,
44.9808096255568,45.9673389642208,46.9538683028848,47.1238898038469),
 .UNSPECIFIED.);
#742=B_SPLINE_CURVE_WITH_KNOTS('',3,(#6945,#6946,#6947,#6948,#6949,#6950,
#6951,#6952,#6953,#6954),.UNSPECIFIED.,.F.,.F.,(4,1,1,1,1,1,1,4),(34.5575191894877,
35.5320653915161,36.5185947301801,37.5051240688441,38.4916534075082,39.4781827461722,
40.4647120848362,40.8407044966673),.UNSPECIFIED.);
#743=B_SPLINE_CURVE_WITH_KNOTS('',3,(#6955,#6956,#6957,#6958,#6959,#6960,
#6961,#6962,#6963,#6964),.UNSPECIFIED.,.F.,.F.,(4,1,1,1,1,1,1,4),(34.5575191894877,
35.1155162389165,36.1020455775805,37.0885749162445,38.0751042549086,39.0616335935726,
40.0481629322366,40.8407044966673),.UNSPECIFIED.);
#744=B_SPLINE_CURVE_WITH_KNOTS('',3,(#6969,#6970,#6971,#6972,#6973,#6974,
#6975,#6976,#6977,#6978,#6979),.UNSPECIFIED.,.F.,.F.,(4,1,1,1,1,1,1,1,4),
(28.2743338823081,28.6263600208678,29.6128893595319,30.5994186981959,31.5859480368599,
32.572477375524,33.559006714188,34.545536052852,34.5575191894877),
 .UNSPECIFIED.);
#745=B_SPLINE_CURVE_WITH_KNOTS('',3,(#6980,#6981,#6982,#6983,#6984,#6985,
#6986,#6987,#6988,#6989),.UNSPECIFIED.,.F.,.F.,(4,1,1,1,1,1,1,4),(28.2743338823081,
29.1963402069323,30.1828695455963,31.1693988842603,32.1559282229244,33.1424575615884,
34.1289869002524,34.5575191894877),.UNSPECIFIED.);
#746=B_SPLINE_CURVE_WITH_KNOTS('',3,(#6994,#6995,#6996,#6997,#6998,#6999,
#7000,#7001,#7002,#7003),.UNSPECIFIED.,.F.,.F.,(4,1,1,1,1,1,1,4),(21.9911485751285,
22.7071839888837,23.6937133275477,24.6802426662117,25.6667720048758,26.6533013435398,
27.6398306822038,28.2743338823081),.UNSPECIFIED.);
#747=B_SPLINE_CURVE_WITH_KNOTS('',3,(#7004,#7005,#7006,#7007,#7008,#7009,
#7010,#7011,#7012,#7013,#7014),.UNSPECIFIED.,.F.,.F.,(4,1,1,1,1,1,1,1,4),
(21.9911485751285,22.2906348362841,23.2771641749481,24.2636935136121,25.2502228522762,
26.2367521909402,27.2232815296042,28.2098108682682,28.2743338823081),
 .UNSPECIFIED.);
#748=B_SPLINE_CURVE_WITH_KNOTS('',3,(#7020,#7021,#7022,#7023,#7024),
 .UNSPECIFIED.,.F.,.F.,(4,1,4),(14.3984001269718,15.3849294656358,15.7079632679489),
 .UNSPECIFIED.);
#749=B_SPLINE_CURVE_WITH_KNOTS('',3,(#7027,#7028,#7029,#7030,#7031),
 .UNSPECIFIED.,.F.,.F.,(4,1,4),(13.8759337553362,14.8149492795714,15.7079632679489),
 .UNSPECIFIED.);
#750=B_SPLINE_CURVE_WITH_KNOTS('',3,(#7113,#7114,#7115,#7116,#7117,#7118,
#7119,#7120,#7121,#7122,#7123,#7124,#7125,#7126,#7127,#7128,#7129,#7130,
#7131,#7132,#7133,#7134,#7135,#7136,#7137,#7138,#7139,#7140,#7141,#7142,
#7143,#7144,#7145,#7146,#7147,#7148,#7149,#7150,#7151,#7152,#7153,#7154,
#7155,#7156,#7157,#7158,#7159,#7160,#7161,#7162,#7163,#7164),
 .UNSPECIFIED.,.F.,.F.,(4,3,3,3,3,3,3,3,3,3,3,3,3,3,3,3,3,4),(0.0890179051596618,
0.103454464304044,0.115328572279377,0.1182979348476,0.135151807334087,0.146764141737192,
0.161607591883052,0.168886916006995,0.173068416212366,0.189812078033809,
0.206587864104771,0.221318833804595,0.226188507657618,0.242377101597834,
0.249588129548398,0.255361072624919,0.259148704155579,0.265511742904065),
 .UNSPECIFIED.);
#751=B_SPLINE_CURVE_WITH_KNOTS('',3,(#7165,#7166,#7167,#7168,#7169,#7170,
#7171),.UNSPECIFIED.,.F.,.F.,(4,3,4),(0.265511742904065,0.280262535702263,
0.286347380332248),.UNSPECIFIED.);
#752=B_SPLINE_CURVE_WITH_KNOTS('',3,(#7172,#7173,#7174,#7175,#7176,#7177,
#7178,#7179,#7180,#7181,#7182,#7183,#7184,#7185,#7186,#7187,#7188,#7189,
#7190,#7191,#7192,#7193,#7194,#7195,#7196,#7197,#7198,#7199,#7200,#7201,
#7202,#7203,#7204,#7205,#7206,#7207,#7208,#7209,#7210,#7211,#7212,#7213,
#7214,#7215,#7216,#7217,#7218,#7219,#7220,#7221,#7222,#7223,#7224,#7225,
#7226,#7227,#7228,#7229,#7230,#7231,#7232,#7233,#7234,#7235,#7236,#7237,
#7238,#7239,#7240,#7241,#7242,#7243,#7244,#7245,#7246,#7247,#7248,#7249,
#7250,#7251,#7252,#7253),.UNSPECIFIED.,.F.,.F.,(4,3,3,3,3,3,3,3,3,3,3,3,
3,3,3,3,3,3,3,3,3,3,3,3,3,3,3,4),(0.,0.0151411361175072,0.0309598267473787,
0.0436437798196104,0.0490157735404219,0.0520461728599248,0.0683493193300296,
0.0849494568587986,0.096819955475407,0.101874223104389,0.105222924606545,
0.122297409128514,0.132431451325232,0.149055795669811,0.154031431147876,
0.158630910133504,0.175667204692858,0.193107311285343,0.203696415063693,
0.209526213006452,0.213036933615069,0.231027571958913,0.242725714347221,
0.247555012631981,0.251094104778011,0.269290277758379,0.277820141512144,
0.285142803995155),.UNSPECIFIED.);
#753=B_SPLINE_CURVE_WITH_KNOTS('',3,(#7254,#7255,#7256,#7257,#7258,#7259,
#7260,#7261,#7262,#7263,#7264,#7265,#7266,#7267,#7268,#7269,#7270,#7271,
#7272,#7273,#7274,#7275),.UNSPECIFIED.,.F.,.F.,(4,3,3,3,3,3,3,4),(0.,0.0178020700874947,
0.0360411502776336,0.0492853389981406,0.0575553917071724,0.0613631372264408,
0.0791099808999839,0.0890179051596618),.UNSPECIFIED.);
#754=B_SPLINE_CURVE_WITH_KNOTS('',3,(#7277,#7278,#7279,#7280,#7281,#7282,
#7283),.UNSPECIFIED.,.F.,.F.,(4,3,4),(0.265511742904052,0.280262535702253,
0.286347380332241),.UNSPECIFIED.);
#755=B_SPLINE_CURVE_WITH_KNOTS('',3,(#7284,#7285,#7286,#7287,#7288,#7289,
#7290,#7291,#7292,#7293,#7294,#7295,#7296,#7297,#7298,#7299,#7300,#7301,
#7302,#7303,#7304,#7305,#7306,#7307,#7308,#7309,#7310,#7311,#7312,#7313,
#7314,#7315,#7316,#7317,#7318,#7319,#7320,#7321,#7322,#7323,#7324,#7325,
#7326,#7327,#7328,#7329,#7330,#7331,#7332,#7333,#7334,#7335,#7336,#7337,
#7338,#7339,#7340,#7341,#7342,#7343,#7344,#7345,#7346,#7347,#7348,#7349,
#7350,#7351,#7352,#7353,#7354,#7355,#7356,#7357,#7358,#7359,#7360,#7361,
#7362,#7363,#7364,#7365),.UNSPECIFIED.,.F.,.F.,(4,3,3,3,3,3,3,3,3,3,3,3,
3,3,3,3,3,3,3,3,3,3,3,3,3,3,3,4),(0.,0.0151350268524891,0.0309493791742313,
0.0436346381931085,0.0489887179285822,0.0520426218089233,0.0683414972598779,
0.0849403978936581,0.0968131612515559,0.101855062345776,0.104856610222945,
0.121932602984842,0.132431451325249,0.149058855007001,0.154032020852512,
0.158630741645882,0.175670372419026,0.193112017782321,0.203700533248557,
0.20953083852818,0.21304134402178,0.231032266002616,0.242729234880014,0.247567673127443,
0.251107273131537,0.269303279937489,0.277820141512209,0.285142803995227),
 .UNSPECIFIED.);
#756=B_SPLINE_CURVE_WITH_KNOTS('',3,(#7367,#7368,#7369,#7370,#7371,#7372,
#7373,#7374,#7375,#7376,#7377,#7378,#7379,#7380,#7381,#7382,#7383,#7384,
#7385,#7386,#7387,#7388),.UNSPECIFIED.,.F.,.F.,(4,3,3,3,3,3,3,4),(0.,0.0177972824709001,
0.0360362564788248,0.0492816686490337,0.0575499484491662,0.0613620114288113,
0.0791093664249548,0.0890179051596603),.UNSPECIFIED.);
#757=B_SPLINE_CURVE_WITH_KNOTS('',3,(#7389,#7390,#7391,#7392,#7393,#7394,
#7395,#7396,#7397,#7398,#7399,#7400,#7401,#7402,#7403,#7404,#7405,#7406,
#7407,#7408,#7409,#7410,#7411,#7412,#7413,#7414,#7415,#7416,#7417,#7418,
#7419,#7420,#7421,#7422,#7423,#7424,#7425,#7426,#7427,#7428,#7429,#7430,
#7431,#7432,#7433,#7434,#7435,#7436,#7437,#7438,#7439,#7440),
 .UNSPECIFIED.,.F.,.F.,(4,3,3,3,3,3,3,3,3,3,3,3,3,3,3,3,3,4),(0.0890179051596603,
0.103454464304042,0.115328516881336,0.118297621636801,0.135153107885654,
0.146764141737188,0.161607591883046,0.168887450676283,0.173068496987808,
0.189812082543685,0.206587940998122,0.221318891474605,0.226188921291798,
0.242378653946939,0.249591711472637,0.255376866328794,0.259151524257835,
0.265511742904052),.UNSPECIFIED.);
#758=B_SPLINE_CURVE_WITH_KNOTS('',3,(#7449,#7450,#7451,#7452,#7453,#7454,
#7455,#7456,#7457,#7458,#7459,#7460,#7461,#7462,#7463,#7464,#7465,#7466,
#7467,#7468,#7469,#7470,#7471,#7472,#7473,#7474,#7475,#7476,#7477,#7478,
#7479,#7480,#7481,#7482,#7483,#7484,#7485,#7486,#7487,#7488,#7489,#7490,
#7491,#7492,#7493,#7494,#7495,#7496,#7497,#7498,#7499,#7500,#7501,#7502,
#7503,#7504,#7505,#7506,#7507,#7508,#7509,#7510,#7511,#7512,#7513,#7514,
#7515,#7516,#7517,#7518,#7519,#7520,#7521,#7522,#7523,#7524,#7525,#7526,
#7527),.UNSPECIFIED.,.F.,.F.,(4,3,3,3,3,3,3,3,3,3,3,3,3,3,3,3,3,3,3,3,3,
3,3,3,3,3,4),(0.,0.0183455177171503,0.0365839085968429,0.0503564377393878,
0.0575056254402208,0.0612712437356574,0.079022825089289,0.0964132017770435,
0.109000936767083,0.115579332507323,0.118638749254321,0.135490373424692,
0.146764141737203,0.163451454243397,0.168607039747526,0.173127546848729,
0.189898011916649,0.206648537386605,0.217354063018494,0.222872216503264,
0.226200136151521,0.242292193320821,0.252397730129229,0.256094257514699,
0.271604797624238,0.280262641786753,0.28634738033226),.UNSPECIFIED.);
#759=B_SPLINE_CURVE_WITH_KNOTS('',3,(#7528,#7529,#7530,#7531,#7532,#7533,
#7534,#7535,#7536,#7537,#7538,#7539,#7540,#7541,#7542,#7543,#7544,#7545,
#7546,#7547,#7548,#7549,#7550,#7551,#7552,#7553,#7554,#7555,#7556,#7557,
#7558,#7559,#7560,#7561,#7562,#7563,#7564,#7565,#7566,#7567,#7568,#7569,
#7570,#7571,#7572,#7573,#7574,#7575,#7576,#7577,#7578,#7579,#7580,#7581,
#7582,#7583,#7584,#7585,#7586,#7587,#7588,#7589,#7590,#7591,#7592,#7593,
#7594,#7595,#7596,#7597,#7598,#7599,#7600,#7601,#7602,#7603,#7604,#7605,
#7606,#7607,#7608,#7609),.UNSPECIFIED.,.F.,.F.,(4,3,3,3,3,3,3,3,3,3,3,3,
3,3,3,3,3,3,3,3,3,3,3,3,3,3,3,4),(0.,0.01513281869959,0.0309455733267974,
0.043631308076605,0.0489789047525252,0.0520417645380547,0.0683390749334015,
0.0849374702442167,0.0968109655144771,0.101848843270226,0.104846367139603,
0.121922527993361,0.132431451325258,0.149059873680795,0.154032146720125,
0.158630700026167,0.175671439607228,0.193113610582495,0.203701926948713,
0.209532321865589,0.213042771960776,0.231033795056266,0.24273038167026,
0.247571804372651,0.251111673811103,0.269307599948948,0.277820141512243,
0.285142803995258),.UNSPECIFIED.);
#760=B_SPLINE_CURVE_WITH_KNOTS('',3,(#7610,#7611,#7612,#7613,#7614,#7615,
#7616,#7617,#7618,#7619,#7620,#7621,#7622,#7623,#7624,#7625,#7626,#7627,
#7628,#7629,#7630,#7631,#7632,#7633,#7634,#7635,#7636,#7637,#7638,#7639,
#7640,#7641,#7642,#7643,#7644,#7645,#7646,#7647,#7648,#7649,#7650,#7651,
#7652,#7653,#7654,#7655,#7656,#7657,#7658,#7659,#7660,#7661,#7662,#7663,
#7664,#7665,#7666,#7667,#7668,#7669,#7670,#7671,#7672,#7673,#7674,#7675,
#7676,#7677,#7678,#7679,#7680,#7681,#7682,#7683,#7684,#7685,#7686,#7687,
#7688),.UNSPECIFIED.,.F.,.F.,(4,3,3,3,3,3,3,3,3,3,3,3,3,3,3,3,3,3,3,3,3,
3,3,3,3,3,4),(0.,0.0183455177171504,0.0365841841677182,0.0503566788639038,
0.0575063004861288,0.0612716544930797,0.0790232639382602,0.0964125322898564,
0.109000434651693,0.115579435791241,0.118639136672303,0.135489718313953,
0.146764141737203,0.163451454243393,0.168605596936477,0.173127975315245,
0.189898583077279,0.20664906426123,0.217355360618478,0.222872448581027,
0.226199971655143,0.24229116385943,0.252395899625071,0.256090741232909,
0.271599810481014,0.280262641786722,0.28634738033223),.UNSPECIFIED.);
#761=B_SPLINE_CURVE_WITH_KNOTS('',3,(#7689,#7690,#7691,#7692,#7693,#7694,
#7695,#7696,#7697,#7698,#7699,#7700,#7701,#7702,#7703,#7704,#7705,#7706,
#7707,#7708,#7709,#7710,#7711,#7712,#7713,#7714,#7715,#7716,#7717,#7718,
#7719,#7720,#7721,#7722,#7723,#7724,#7725,#7726,#7727,#7728,#7729,#7730,
#7731,#7732,#7733,#7734,#7735,#7736,#7737,#7738,#7739,#7740,#7741,#7742,
#7743,#7744,#7745,#7746,#7747,#7748,#7749,#7750,#7751,#7752,#7753,#7754,
#7755,#7756,#7757,#7758,#7759,#7760,#7761,#7762,#7763,#7764,#7765,#7766,
#7767,#7768,#7769,#7770),.UNSPECIFIED.,.F.,.F.,(4,3,3,3,3,3,3,3,3,3,3,3,
3,3,3,3,3,3,3,3,3,3,3,3,3,3,3,4),(0.,0.0151370315174484,0.0309528202343075,
0.0436376491206708,0.0489976094526779,0.0520435970867365,0.0683438831174459,
0.0849432142501188,0.0968152735188925,0.101861028916681,0.104866600995138,
0.121942398884226,0.132431451325214,0.149057886292918,0.154031863621356,
0.158630788969828,0.175669364410496,0.193110515792023,0.203699219007035,
0.209529398079761,0.213039962816206,0.231030790911568,0.242728128561707,
0.247563689093474,0.251103077494138,0.269299147988109,0.277820141512124,
0.285142803995143),.UNSPECIFIED.);
#762=B_SPLINE_CURVE_WITH_KNOTS('',3,(#7916,#7917,#7918,#7919,#7920,#7921,
#7922,#7923,#7924,#7925,#7926),.UNSPECIFIED.,.F.,.F.,(4,1,1,1,1,1,1,1,4),
(15.7079632679489,15.8014786182354,16.7880079568995,17.7745372955635,18.7610666342275,
19.7475959728916,20.7341253115556,21.7206546502196,21.9911485751285),
 .UNSPECIFIED.);
#763=B_SPLINE_CURVE_WITH_KNOTS('',3,(#7927,#7928,#7929,#7930,#7931,#7932,
#7933,#7934,#7935,#7936),.UNSPECIFIED.,.F.,.F.,(4,1,1,1,1,1,1,4),(15.7079632679489,
16.3714588042999,17.3579881429639,18.3445174816279,19.331046820292,20.317576158956,
21.30410549762,21.9911485751285),.UNSPECIFIED.);
#764=B_SPLINE_CURVE_WITH_KNOTS('',3,(#8161,#8162,#8163,#8164,#8165,#8166,
#8167,#8168,#8169,#8170,#8171,#8172,#8173,#8174,#8175,#8176,#8177,#8178,
#8179,#8180,#8181,#8182,#8183,#8184,#8185,#8186,#8187,#8188,#8189,#8190,
#8191,#8192,#8193,#8194,#8195,#8196,#8197,#8198,#8199,#8200,#8201,#8202,
#8203,#8204,#8205,#8206,#8207,#8208,#8209,#8210,#8211,#8212,#8213,#8214,
#8215,#8216,#8217,#8218,#8219,#8220,#8221,#8222,#8223,#8224,#8225,#8226,
#8227,#8228,#8229,#8230,#8231,#8232,#8233,#8234,#8235,#8236),
 .UNSPECIFIED.,.F.,.F.,(4,3,3,3,3,3,3,3,3,3,3,3,3,3,3,3,3,3,3,3,3,3,3,3,
3,4),(-0.285142803995094,-0.266893522635807,-0.249973213354465,-0.245887640124202,
-0.227911661673482,-0.216816273104396,-0.213022039347854,-0.20946825140889,
-0.191888326836866,-0.174756113819049,-0.165467697212662,-0.157739966158738,
-0.154439163796104,-0.139148553120793,-0.122062246513781,-0.107562605427523,
-0.103575505717197,-0.100472506987116,-0.0838659899373401,-0.0673519209539723,
-0.0520302201714077,-0.0480944180795016,-0.0321850935293781,-0.0168137075244596,
-0.00606511782371389,0.),.UNSPECIFIED.);
#765=B_SPLINE_CURVE_WITH_KNOTS('',3,(#8237,#8238,#8239,#8240,#8241,#8242,
#8243,#8244,#8245,#8246,#8247,#8248,#8249,#8250,#8251,#8252,#8253,#8254,
#8255,#8256,#8257,#8258,#8259,#8260,#8261),.UNSPECIFIED.,.F.,.F.,(4,3,3,
3,3,3,3,3,4),(-10.1357873115492,-9.86529338664032,-8.87876404797628,-7.89223470931225,
-6.90570537064822,-5.91917603198419,-4.93264669332016,-3.94611735465613,
-3.85260200436961),.UNSPECIFIED.);
#766=B_SPLINE_CURVE_WITH_KNOTS('',3,(#8486,#8487,#8488,#8489,#8490,#8491,
#8492,#8493,#8494,#8495,#8496,#8497,#8498,#8499,#8500,#8501,#8502,#8503,
#8504,#8505,#8506,#8507,#8508,#8509,#8510,#8511,#8512,#8513,#8514,#8515,
#8516,#8517,#8518,#8519,#8520,#8521,#8522,#8523,#8524,#8525,#8526,#8527,
#8528,#8529,#8530,#8531,#8532,#8533,#8534,#8535,#8536,#8537,#8538,#8539,
#8540,#8541,#8542,#8543,#8544,#8545,#8546,#8547,#8548,#8549,#8550,#8551,
#8552,#8553,#8554,#8555,#8556,#8557,#8558,#8559,#8560,#8561,#8562,#8563,
#8564,#8565,#8566,#8567),.UNSPECIFIED.,.F.,.F.,(4,3,3,3,3,3,3,3,3,3,3,3,
3,3,3,3,3,3,3,3,3,3,3,3,3,3,3,4),(-0.286347380332233,-0.271030354564517,
-0.260715823561136,-0.255994743134624,-0.251934344384813,-0.235748554547042,
-0.229560959771029,-0.225151347237397,-0.221661920174528,-0.204623864558067,
-0.187836429853384,-0.179066174770879,-0.174369063627017,-0.171036167087021,
-0.168074125895516,-0.153509697708685,-0.136935499215833,-0.120737765583648,
-0.116758257771685,-0.113760891294448,-0.0964344263927883,-0.0787379567237285,
-0.0608918750823837,-0.0568606604983468,-0.03864123741959,-0.0205823953286902,
-0.00735363015834904,0.),.UNSPECIFIED.);
#767=B_SPLINE_CURVE_WITH_KNOTS('',3,(#8568,#8569,#8570,#8571,#8572,#8573,
#8574,#8575,#8576,#8577,#8578,#8579,#8580,#8581,#8582,#8583,#8584,#8585,
#8586,#8587,#8588,#8589,#8590,#8591,#8592),.UNSPECIFIED.,.F.,.F.,(4,3,3,
3,3,3,3,3,4),(7.59274844815668,7.89223470931224,8.87876404797628,9.8652933866403,
10.8518227253043,11.8383520639684,12.8248814026324,13.8114107412964,13.8759337553363),
 .UNSPECIFIED.);
#768=B_SPLINE_CURVE_WITH_KNOTS('',3,(#8594,#8595,#8596,#8597,#8598,#8599,
#8600,#8601,#8602,#8603,#8604),.UNSPECIFIED.,.F.,.F.,(4,1,1,1,1,1,1,1,4),
(15.7079632679489,15.8014786182354,16.7880079568995,17.7745372955635,18.7610666342275,
19.7475959728916,20.7341253115556,21.7206546502196,21.9911485751285),
 .UNSPECIFIED.);
#769=B_SPLINE_CURVE_WITH_KNOTS('',3,(#8605,#8606,#8607,#8608,#8609,#8610,
#8611,#8612,#8613,#8614),.UNSPECIFIED.,.F.,.F.,(4,1,1,1,1,1,1,4),(15.7079632679489,
16.3714588042999,17.3579881429639,18.3445174816279,19.331046820292,20.317576158956,
21.30410549762,21.9911485751285),.UNSPECIFIED.);
#770=B_SPLINE_CURVE_WITH_KNOTS('',3,(#8839,#8840,#8841,#8842,#8843,#8844,
#8845,#8846,#8847,#8848,#8849,#8850,#8851,#8852,#8853,#8854,#8855,#8856,
#8857,#8858,#8859,#8860,#8861,#8862,#8863,#8864,#8865,#8866,#8867,#8868,
#8869,#8870,#8871,#8872,#8873,#8874,#8875,#8876,#8877,#8878,#8879,#8880,
#8881,#8882,#8883,#8884,#8885,#8886,#8887,#8888,#8889,#8890,#8891,#8892,
#8893,#8894,#8895,#8896,#8897,#8898,#8899,#8900,#8901,#8902,#8903,#8904,
#8905,#8906,#8907,#8908,#8909,#8910,#8911,#8912,#8913,#8914),
 .UNSPECIFIED.,.F.,.F.,(4,3,3,3,3,3,3,3,3,3,3,3,3,3,3,3,3,3,3,3,3,3,3,3,
3,4),(-0.285142803995171,-0.266893522635877,-0.249972509790559,-0.245887423074099,
-0.227911486851399,-0.216816120135076,-0.213020688048718,-0.209467983791761,
-0.191888126124024,-0.174756456386275,-0.165468260001405,-0.157740679200616,
-0.154439026968933,-0.139148553120814,-0.122062146250796,-0.10756251769741,
-0.103575711397111,-0.100472547535257,-0.0838659225570461,-0.0673519370296596,
-0.0520302322281724,-0.0480945297200799,-0.0321854477261877,-0.0168149583869978,
-0.0060651178237111,0.),.UNSPECIFIED.);
#771=B_SPLINE_CURVE_WITH_KNOTS('',3,(#8915,#8916,#8917,#8918,#8919,#8920,
#8921,#8922,#8923,#8924,#8925,#8926,#8927,#8928,#8929,#8930,#8931,#8932,
#8933,#8934,#8935,#8936,#8937,#8938,#8939),.UNSPECIFIED.,.F.,.F.,(4,3,3,
3,3,3,3,3,4),(-10.1357873115492,-9.86529338664032,-8.87876404797629,-7.89223470931226,
-6.90570537064823,-5.9191760319842,-4.93264669332016,-3.94611735465613,
-3.85260200436963),.UNSPECIFIED.);
#772=B_SPLINE_CURVE_WITH_KNOTS('',3,(#9164,#9165,#9166,#9167,#9168,#9169,
#9170,#9171,#9172,#9173,#9174,#9175,#9176,#9177,#9178,#9179,#9180,#9181,
#9182,#9183,#9184,#9185,#9186,#9187,#9188,#9189,#9190,#9191,#9192,#9193,
#9194,#9195,#9196,#9197,#9198,#9199,#9200,#9201,#9202,#9203,#9204,#9205,
#9206,#9207,#9208,#9209,#9210,#9211,#9212,#9213,#9214,#9215,#9216,#9217,
#9218,#9219,#9220,#9221,#9222,#9223,#9224,#9225,#9226,#9227,#9228,#9229,
#9230,#9231,#9232,#9233,#9234,#9235,#9236,#9237,#9238,#9239,#9240,#9241,
#9242,#9243,#9244,#9245),.UNSPECIFIED.,.F.,.F.,(4,3,3,3,3,3,3,3,3,3,3,3,
3,3,3,3,3,3,3,3,3,3,3,3,3,3,3,4),(-0.28634738033226,-0.271028235147156,
-0.260708788018917,-0.25596786955256,-0.251932056126495,-0.235744814862901,
-0.229553535383307,-0.225125654631727,-0.221655431225469,-0.204618997846276,
-0.187831767903862,-0.179063172103428,-0.174364053698209,-0.171027460988948,
-0.168072252182782,-0.153509697708699,-0.136936818061451,-0.120738919573563,
-0.116764526314269,-0.113767962759409,-0.0964426805512876,-0.0787466952336857,
-0.0608984289648509,-0.0568618251213292,-0.038642601232134,-0.0205837441594796,
-0.00735363015834677,0.),.UNSPECIFIED.);
#773=B_SPLINE_CURVE_WITH_KNOTS('',3,(#9246,#9247,#9248,#9249,#9250,#9251,
#9252,#9253,#9254,#9255,#9256,#9257,#9258,#9259,#9260,#9261,#9262,#9263,
#9264,#9265,#9266,#9267,#9268,#9269,#9270),.UNSPECIFIED.,.F.,.F.,(4,3,3,
3,3,3,3,3,4),(7.59274844815668,7.89223470931224,8.87876404797627,9.8652933866403,
10.8518227253043,11.8383520639684,12.8248814026324,13.8114107412964,13.8759337553363),
 .UNSPECIFIED.);
#774=B_SPLINE_CURVE_WITH_KNOTS('',3,(#9272,#9273,#9274,#9275,#9276,#9277,
#9278,#9279,#9280,#9281,#9282),.UNSPECIFIED.,.F.,.F.,(4,1,1,1,1,1,1,1,4),
(15.7079632679489,15.8014786182354,16.7880079568995,17.7745372955635,18.7610666342275,
19.7475959728916,20.7341253115556,21.7206546502196,21.9911485751285),
 .UNSPECIFIED.);
#775=B_SPLINE_CURVE_WITH_KNOTS('',3,(#9283,#9284,#9285,#9286,#9287,#9288,
#9289,#9290,#9291,#9292),.UNSPECIFIED.,.F.,.F.,(4,1,1,1,1,1,1,4),(15.707963267949,
16.3714588042999,17.3579881429639,18.344517481628,19.331046820292,20.317576158956,
21.30410549762,21.9911485751285),.UNSPECIFIED.);
#776=B_SPLINE_CURVE_WITH_KNOTS('',3,(#9517,#9518,#9519,#9520,#9521,#9522,
#9523,#9524,#9525,#9526,#9527,#9528,#9529,#9530,#9531,#9532,#9533,#9534,
#9535,#9536,#9537,#9538,#9539,#9540,#9541,#9542,#9543,#9544,#9545,#9546,
#9547,#9548,#9549,#9550,#9551,#9552,#9553,#9554,#9555,#9556,#9557,#9558,
#9559,#9560,#9561,#9562,#9563,#9564,#9565,#9566,#9567,#9568,#9569,#9570,
#9571,#9572,#9573,#9574,#9575,#9576,#9577,#9578,#9579,#9580,#9581,#9582,
#9583,#9584,#9585,#9586,#9587,#9588,#9589,#9590,#9591,#9592),
 .UNSPECIFIED.,.F.,.F.,(4,3,3,3,3,3,3,3,3,3,3,3,3,3,3,3,3,3,3,3,3,3,3,3,
3,4),(-0.285142803995108,-0.266893522635818,-0.249971879706745,-0.245887228858701,
-0.227911354245135,-0.216816004104591,-0.213019695684676,-0.209467769103216,
-0.191887965107607,-0.1747568140843,-0.165468835499572,-0.157741430789983,
-0.154438896165287,-0.139148553120783,-0.122062067738099,-0.107562448998801,
-0.103575974789635,-0.100472587149351,-0.083865877752261,-0.0673520110702187,
-0.0520302877585918,-0.0480946373744307,-0.0321858319236956,-0.0168162572911145,
-0.00606511782371105,0.),.UNSPECIFIED.);
#777=B_SPLINE_CURVE_WITH_KNOTS('',3,(#9593,#9594,#9595,#9596,#9597,#9598,
#9599,#9600,#9601,#9602,#9603,#9604,#9605,#9606,#9607,#9608,#9609,#9610,
#9611,#9612,#9613,#9614,#9615,#9616,#9617),.UNSPECIFIED.,.F.,.F.,(4,3,3,
3,3,3,3,3,4),(-10.1357873115492,-9.86529338664031,-8.87876404797628,-7.89223470931225,
-6.90570537064821,-5.91917603198419,-4.93264669332015,-3.94611735465612,
-3.85260200436962),.UNSPECIFIED.);
#778=B_SPLINE_CURVE_WITH_KNOTS('',3,(#9842,#9843,#9844,#9845,#9846,#9847,
#9848,#9849,#9850,#9851,#9852,#9853,#9854,#9855,#9856,#9857,#9858,#9859,
#9860,#9861,#9862,#9863,#9864,#9865,#9866,#9867,#9868,#9869,#9870,#9871,
#9872,#9873,#9874,#9875,#9876,#9877,#9878,#9879,#9880,#9881,#9882,#9883,
#9884,#9885,#9886,#9887,#9888,#9889,#9890,#9891,#9892,#9893,#9894,#9895,
#9896,#9897,#9898,#9899,#9900,#9901,#9902,#9903,#9904,#9905,#9906,#9907,
#9908,#9909,#9910,#9911,#9912,#9913,#9914,#9915,#9916,#9917,#9918,#9919,
#9920,#9921,#9922,#9923),.UNSPECIFIED.,.F.,.F.,(4,3,3,3,3,3,3,3,3,3,3,3,
3,3,3,3,3,3,3,3,3,3,3,3,3,3,3,4),(-0.286347380332258,-0.271026312674215,
-0.260702415273901,-0.255943035900659,-0.251929700417659,-0.235741152456166,
-0.229546284427819,-0.225100310589375,-0.221647615711438,-0.204613136210748,
-0.187826141160489,-0.179059401035557,-0.174357812084996,-0.171016650911231,
-0.168069924833007,-0.153509697708679,-0.136938078540999,-0.120740022493168,
-0.116770583336019,-0.113774691754861,-0.0964505341333247,-0.0787550042368503,
-0.0609046607172249,-0.0568629014367649,-0.0386438624267426,-0.0205850126149972,
-0.00735363015834875,0.),.UNSPECIFIED.);
#779=B_SPLINE_CURVE_WITH_KNOTS('',3,(#9924,#9925,#9926,#9927,#9928,#9929,
#9930,#9931,#9932,#9933,#9934,#9935,#9936,#9937,#9938,#9939,#9940,#9941,
#9942,#9943,#9944,#9945,#9946,#9947,#9948),.UNSPECIFIED.,.F.,.F.,(4,3,3,
3,3,3,3,3,4),(7.59274844815668,7.89223470931224,8.87876404797627,9.8652933866403,
10.8518227253043,11.8383520639684,12.8248814026324,13.8114107412964,13.8759337553363),
 .UNSPECIFIED.);
#780=B_SPLINE_CURVE_WITH_KNOTS('',3,(#9950,#9951,#9952,#9953,#9954,#9955,
#9956,#9957,#9958,#9959,#9960),.UNSPECIFIED.,.F.,.F.,(4,1,1,1,1,1,1,1,4),
(15.7079632679489,15.8014786182355,16.7880079568995,17.7745372955635,18.7610666342276,
19.7475959728916,20.7341253115556,21.7206546502196,21.9911485751285),
 .UNSPECIFIED.);
#781=B_SPLINE_CURVE_WITH_KNOTS('',3,(#9961,#9962,#9963,#9964,#9965,#9966,
#9967,#9968,#9969,#9970),.UNSPECIFIED.,.F.,.F.,(4,1,1,1,1,1,1,4),(15.7079632679489,
16.3714588042999,17.3579881429639,18.344517481628,19.331046820292,20.317576158956,
21.3041054976201,21.9911485751285),.UNSPECIFIED.);
#782=B_SPLINE_CURVE_WITH_KNOTS('',3,(#10195,#10196,#10197,#10198,#10199,
#10200,#10201,#10202,#10203,#10204,#10205,#10206,#10207,#10208,#10209,#10210,
#10211,#10212,#10213,#10214,#10215,#10216,#10217,#10218,#10219,#10220,#10221,
#10222,#10223,#10224,#10225,#10226,#10227,#10228,#10229,#10230,#10231,#10232,
#10233,#10234,#10235,#10236,#10237,#10238,#10239,#10240,#10241,#10242,#10243,
#10244,#10245,#10246,#10247,#10248,#10249,#10250,#10251,#10252,#10253,#10254,
#10255,#10256,#10257,#10258,#10259,#10260,#10261,#10262,#10263,#10264,#10265,
#10266,#10267,#10268,#10269,#10270),.UNSPECIFIED.,.F.,.F.,(4,3,3,3,3,3,
3,3,3,3,3,3,3,3,3,3,3,3,3,3,3,3,3,3,3,4),(-0.285142803995159,-0.266893522635865,
-0.249970609941075,-0.245886837609329,-0.227911149654565,-0.216815825087845,
-0.213018268797161,-0.209467403098832,-0.191887690604325,-0.174757660916354,
-0.165470173585911,-0.157743229824229,-0.154438609511384,-0.139148553120805,
-0.122061938572905,-0.107562335979256,-0.103576712003286,-0.100472675109984,
-0.083865828225293,-0.0673523297230798,-0.0520305267482377,-0.0480948721129868,
-0.0321867963105286,-0.0168193837628589,-0.00606511782371112,0.),
 .UNSPECIFIED.);
#783=B_SPLINE_CURVE_WITH_KNOTS('',3,(#10271,#10272,#10273,#10274,#10275,
#10276,#10277,#10278,#10279,#10280,#10281,#10282,#10283,#10284,#10285,#10286,
#10287,#10288,#10289,#10290,#10291,#10292,#10293,#10294,#10295),
 .UNSPECIFIED.,.F.,.F.,(4,3,3,3,3,3,3,3,4),(-10.1357873115492,-9.8652933866403,
-8.87876404797628,-7.89223470931224,-6.90570537064821,-5.91917603198418,
-4.93264669332015,-3.94611735465612,-3.85260200436961),.UNSPECIFIED.);
#784=B_SPLINE_CURVE_WITH_KNOTS('',3,(#10520,#10521,#10522,#10523,#10524,
#10525,#10526,#10527,#10528,#10529,#10530,#10531,#10532,#10533,#10534,#10535,
#10536,#10537,#10538,#10539,#10540,#10541,#10542,#10543,#10544,#10545,#10546,
#10547,#10548,#10549,#10550,#10551,#10552,#10553,#10554,#10555,#10556,#10557,
#10558,#10559,#10560,#10561,#10562,#10563,#10564,#10565,#10566,#10567,#10568,
#10569,#10570,#10571,#10572,#10573,#10574,#10575,#10576,#10577,#10578,#10579,
#10580,#10581,#10582,#10583,#10584,#10585,#10586,#10587,#10588,#10589,#10590,
#10591,#10592,#10593,#10594,#10595,#10596,#10597,#10598,#10599,#10600,#10601),
 .UNSPECIFIED.,.F.,.F.,(4,3,3,3,3,3,3,3,3,3,3,3,3,3,3,3,3,3,3,3,3,3,3,3,
3,3,3,4),(-0.286347380332271,-0.271022380427004,-0.2606894040619,-0.255890800279787,
-0.251923998898385,-0.235732803165299,-0.229529799565347,-0.22504169615705,
-0.221624205097459,-0.204595578250269,-0.187809203761612,-0.179047602193612,
-0.174338380953321,-0.171319204703581,-0.168114692581419,-0.1535096977087,
-0.136940820589484,-0.120742421785591,-0.116783898039416,-0.113789119973905,
-0.0964673860904343,-0.078772817538532,-0.0609180206934852,-0.0568651031447799,
-0.0386464434712229,-0.0205876706229769,-0.00735363015834456,0.),
 .UNSPECIFIED.);
#785=B_SPLINE_CURVE_WITH_KNOTS('',3,(#10602,#10603,#10604,#10605,#10606,
#10607,#10608,#10609,#10610,#10611,#10612,#10613,#10614,#10615,#10616,#10617,
#10618,#10619,#10620,#10621,#10622,#10623,#10624,#10625,#10626),
 .UNSPECIFIED.,.F.,.F.,(4,3,3,3,3,3,3,3,4),(7.59274844815667,7.89223470931224,
8.87876404797628,9.8652933866403,10.8518227253043,11.8383520639684,12.8248814026324,
13.8114107412964,13.8759337553363),.UNSPECIFIED.);
#786=LINE('',#4839,#1123);
#787=LINE('',#4860,#1124);
#788=LINE('',#4911,#1125);
#789=LINE('',#4962,#1126);
#790=LINE('',#5010,#1127);
#791=LINE('',#5061,#1128);
#792=LINE('',#5112,#1129);
#793=LINE('',#5160,#1130);
#794=LINE('',#5199,#1131);
#795=LINE('',#5220,#1132);
#796=LINE('',#5271,#1133);
#797=LINE('',#5322,#1134);
#798=LINE('',#5370,#1135);
#799=LINE('',#5421,#1136);
#800=LINE('',#5472,#1137);
#801=LINE('',#5520,#1138);
#802=LINE('',#5559,#1139);
#803=LINE('',#5580,#1140);
#804=LINE('',#5631,#1141);
#805=LINE('',#5682,#1142);
#806=LINE('',#5730,#1143);
#807=LINE('',#5781,#1144);
#808=LINE('',#5832,#1145);
#809=LINE('',#5880,#1146);
#810=LINE('',#5919,#1147);
#811=LINE('',#5940,#1148);
#812=LINE('',#5991,#1149);
#813=LINE('',#6042,#1150);
#814=LINE('',#6090,#1151);
#815=LINE('',#6141,#1152);
#816=LINE('',#6192,#1153);
#817=LINE('',#6240,#1154);
#818=LINE('',#6279,#1155);
#819=LINE('',#6303,#1156);
#820=LINE('',#6327,#1157);
#821=LINE('',#6352,#1158);
#822=LINE('',#6377,#1159);
#823=LINE('',#6401,#1160);
#824=LINE('',#6426,#1161);
#825=LINE('',#6451,#1162);
#826=LINE('',#6468,#1163);
#827=LINE('',#6492,#1164);
#828=LINE('',#6516,#1165);
#829=LINE('',#6541,#1166);
#830=LINE('',#6566,#1167);
#831=LINE('',#6590,#1168);
#832=LINE('',#6615,#1169);
#833=LINE('',#6640,#1170);
#834=LINE('',#6657,#1171);
#835=LINE('',#6681,#1172);
#836=LINE('',#6705,#1173);
#837=LINE('',#6730,#1174);
#838=LINE('',#6755,#1175);
#839=LINE('',#6779,#1176);
#840=LINE('',#6804,#1177);
#841=LINE('',#6829,#1178);
#842=LINE('',#6846,#1179);
#843=LINE('',#6870,#1180);
#844=LINE('',#6894,#1181);
#845=LINE('',#6919,#1182);
#846=LINE('',#6944,#1183);
#847=LINE('',#6968,#1184);
#848=LINE('',#6993,#1185);
#849=LINE('',#7018,#1186);
#850=LINE('',#7035,#1187);
#851=LINE('',#7039,#1188);
#852=LINE('',#7042,#1189);
#853=LINE('',#7046,#1190);
#854=LINE('',#7050,#1191);
#855=LINE('',#7053,#1192);
#856=LINE('',#7057,#1193);
#857=LINE('',#7061,#1194);
#858=LINE('',#7064,#1195);
#859=LINE('',#7068,#1196);
#860=LINE('',#7072,#1197);
#861=LINE('',#7075,#1198);
#862=LINE('',#7077,#1199);
#863=LINE('',#7079,#1200);
#864=LINE('',#7081,#1201);
#865=LINE('',#7083,#1202);
#866=LINE('',#7087,#1203);
#867=LINE('',#7089,#1204);
#868=LINE('',#7091,#1205);
#869=LINE('',#7093,#1206);
#870=LINE('',#7095,#1207);
#871=LINE('',#7097,#1208);
#872=LINE('',#7099,#1209);
#873=LINE('',#7101,#1210);
#874=LINE('',#7103,#1211);
#875=LINE('',#7105,#1212);
#876=LINE('',#7107,#1213);
#877=LINE('',#7109,#1214);
#878=LINE('',#7110,#1215);
#879=LINE('',#7443,#1216);
#880=LINE('',#7445,#1217);
#881=LINE('',#7447,#1218);
#882=LINE('',#7448,#1219);
#883=LINE('',#7774,#1220);
#884=LINE('',#7776,#1221);
#885=LINE('',#7778,#1222);
#886=LINE('',#7780,#1223);
#887=LINE('',#7782,#1224);
#888=LINE('',#7783,#1225);
#889=LINE('',#7785,#1226);
#890=LINE('',#7786,#1227);
#891=LINE('',#7788,#1228);
#892=LINE('',#7789,#1229);
#893=LINE('',#7792,#1230);
#894=LINE('',#7794,#1231);
#895=LINE('',#7795,#1232);
#896=LINE('',#7798,#1233);
#897=LINE('',#7799,#1234);
#898=LINE('',#7803,#1235);
#899=LINE('',#7807,#1236);
#900=LINE('',#7809,#1237);
#901=LINE('',#7811,#1238);
#902=LINE('',#7813,#1239);
#903=LINE('',#7815,#1240);
#904=LINE('',#7817,#1241);
#905=LINE('',#7818,#1242);
#906=LINE('',#7820,#1243);
#907=LINE('',#7821,#1244);
#908=LINE('',#7825,#1245);
#909=LINE('',#7827,#1246);
#910=LINE('',#7829,#1247);
#911=LINE('',#7830,#1248);
#912=LINE('',#7834,#1249);
#913=LINE('',#7836,#1250);
#914=LINE('',#7837,#1251);
#915=LINE('',#7840,#1252);
#916=LINE('',#7842,#1253);
#917=LINE('',#7843,#1254);
#918=LINE('',#7847,#1255);
#919=LINE('',#7849,#1256);
#920=LINE('',#7850,#1257);
#921=LINE('',#7854,#1258);
#922=LINE('',#7855,#1259);
#923=LINE('',#7856,#1260);
#924=LINE('',#7858,#1261);
#925=LINE('',#7859,#1262);
#926=LINE('',#7863,#1263);
#927=LINE('',#7865,#1264);
#928=LINE('',#7866,#1265);
#929=LINE('',#7868,#1266);
#930=LINE('',#7869,#1267);
#931=LINE('',#7871,#1268);
#932=LINE('',#7872,#1269);
#933=LINE('',#7876,#1270);
#934=LINE('',#7878,#1271);
#935=LINE('',#7879,#1272);
#936=LINE('',#7881,#1273);
#937=LINE('',#7882,#1274);
#938=LINE('',#7884,#1275);
#939=LINE('',#7885,#1276);
#940=LINE('',#7889,#1277);
#941=LINE('',#7890,#1278);
#942=LINE('',#7891,#1279);
#943=LINE('',#7894,#1280);
#944=LINE('',#7896,#1281);
#945=LINE('',#7897,#1282);
#946=LINE('',#7899,#1283);
#947=LINE('',#7901,#1284);
#948=LINE('',#7903,#1285);
#949=LINE('',#7907,#1286);
#950=LINE('',#7909,#1287);
#951=LINE('',#7911,#1288);
#952=LINE('',#7912,#1289);
#953=LINE('',#10637,#1290);
#954=LINE('',#10639,#1291);
#955=LINE('',#10640,#1292);
#956=LINE('',#10643,#1293);
#957=LINE('',#10645,#1294);
#958=LINE('',#10646,#1295);
#959=LINE('',#10652,#1296);
#960=LINE('',#10654,#1297);
#961=LINE('',#10656,#1298);
#962=LINE('',#10657,#1299);
#963=LINE('',#10660,#1300);
#964=LINE('',#10662,#1301);
#965=LINE('',#10663,#1302);
#966=LINE('',#10666,#1303);
#967=LINE('',#10668,#1304);
#968=LINE('',#10669,#1305);
#969=LINE('',#10677,#1306);
#970=LINE('',#10679,#1307);
#971=LINE('',#10681,#1308);
#972=LINE('',#10682,#1309);
#973=LINE('',#10685,#1310);
#974=LINE('',#10687,#1311);
#975=LINE('',#10688,#1312);
#976=LINE('',#10691,#1313);
#977=LINE('',#10693,#1314);
#978=LINE('',#10694,#1315);
#979=LINE('',#10700,#1316);
#980=LINE('',#10702,#1317);
#981=LINE('',#10704,#1318);
#982=LINE('',#10705,#1319);
#983=LINE('',#10709,#1320);
#984=LINE('',#10711,#1321);
#985=LINE('',#10713,#1322);
#986=LINE('',#10714,#1323);
#987=LINE('',#10716,#1324);
#988=LINE('',#10720,#1325);
#989=LINE('',#10721,#1326);
#990=LINE('',#10728,#1327);
#991=LINE('',#10729,#1328);
#992=LINE('',#10731,#1329);
#993=LINE('',#10735,#1330);
#994=LINE('',#10738,#1331);
#995=LINE('',#10739,#1332);
#996=LINE('',#10743,#1333);
#997=LINE('',#10744,#1334);
#998=LINE('',#10748,#1335);
#999=LINE('',#10749,#1336);
#1000=LINE('',#10751,#1337);
#1001=LINE('',#10753,#1338);
#1002=LINE('',#10756,#1339);
#1003=LINE('',#10758,#1340);
#1004=LINE('',#10760,#1341);
#1005=LINE('',#10766,#1342);
#1006=LINE('',#10768,#1343);
#1007=LINE('',#10770,#1344);
#1008=LINE('',#10771,#1345);
#1009=LINE('',#10774,#1346);
#1010=LINE('',#10776,#1347);
#1011=LINE('',#10777,#1348);
#1012=LINE('',#10780,#1349);
#1013=LINE('',#10782,#1350);
#1014=LINE('',#10783,#1351);
#1015=LINE('',#10786,#1352);
#1016=LINE('',#10788,#1353);
#1017=LINE('',#10790,#1354);
#1018=LINE('',#10791,#1355);
#1019=LINE('',#10794,#1356);
#1020=LINE('',#10796,#1357);
#1021=LINE('',#10798,#1358);
#1022=LINE('',#10799,#1359);
#1023=LINE('',#10802,#1360);
#1024=LINE('',#10804,#1361);
#1025=LINE('',#10805,#1362);
#1026=LINE('',#10809,#1363);
#1027=LINE('',#10810,#1364);
#1028=LINE('',#10812,#1365);
#1029=LINE('',#10813,#1366);
#1030=LINE('',#10816,#1367);
#1031=LINE('',#10817,#1368);
#1032=LINE('',#10818,#1369);
#1033=LINE('',#10821,#1370);
#1034=LINE('',#10823,#1371);
#1035=LINE('',#10824,#1372);
#1036=LINE('',#10827,#1373);
#1037=LINE('',#10828,#1374);
#1038=LINE('',#10831,#1375);
#1039=LINE('',#10832,#1376);
#1040=LINE('',#10835,#1377);
#1041=LINE('',#10836,#1378);
#1042=LINE('',#10839,#1379);
#1043=LINE('',#10840,#1380);
#1044=LINE('',#10847,#1381);
#1045=LINE('',#10850,#1382);
#1046=LINE('',#10853,#1383);
#1047=LINE('',#10855,#1384);
#1048=LINE('',#10856,#1385);
#1049=LINE('',#10859,#1386);
#1050=LINE('',#10861,#1387);
#1051=LINE('',#10862,#1388);
#1052=LINE('',#10865,#1389);
#1053=LINE('',#10867,#1390);
#1054=LINE('',#10869,#1391);
#1055=LINE('',#10870,#1392);
#1056=LINE('',#10876,#1393);
#1057=LINE('',#10879,#1394);
#1058=LINE('',#10882,#1395);
#1059=LINE('',#10884,#1396);
#1060=LINE('',#10885,#1397);
#1061=LINE('',#10888,#1398);
#1062=LINE('',#10890,#1399);
#1063=LINE('',#10891,#1400);
#1064=LINE('',#10893,#1401);
#1065=LINE('',#10894,#1402);
#1066=LINE('',#10900,#1403);
#1067=LINE('',#10903,#1404);
#1068=LINE('',#10906,#1405);
#1069=LINE('',#10908,#1406);
#1070=LINE('',#10909,#1407);
#1071=LINE('',#10912,#1408);
#1072=LINE('',#10914,#1409);
#1073=LINE('',#10915,#1410);
#1074=LINE('',#10918,#1411);
#1075=LINE('',#10920,#1412);
#1076=LINE('',#10921,#1413);
#1077=LINE('',#10927,#1414);
#1078=LINE('',#10930,#1415);
#1079=LINE('',#10933,#1416);
#1080=LINE('',#10935,#1417);
#1081=LINE('',#10936,#1418);
#1082=LINE('',#10938,#1419);
#1083=LINE('',#10939,#1420);
#1084=LINE('',#10942,#1421);
#1085=LINE('',#10944,#1422);
#1086=LINE('',#10945,#1423);
#1087=LINE('',#10948,#1424);
#1088=LINE('',#10950,#1425);
#1089=LINE('',#10951,#1426);
#1090=LINE('',#10954,#1427);
#1091=LINE('',#10956,#1428);
#1092=LINE('',#10958,#1429);
#1093=LINE('',#10959,#1430);
#1094=LINE('',#10961,#1431);
#1095=LINE('',#10962,#1432);
#1096=LINE('',#10964,#1433);
#1097=LINE('',#10965,#1434);
#1098=LINE('',#10968,#1435);
#1099=LINE('',#10970,#1436);
#1100=LINE('',#10971,#1437);
#1101=LINE('',#10974,#1438);
#1102=LINE('',#10975,#1439);
#1103=LINE('',#10979,#1440);
#1104=LINE('',#10981,#1441);
#1105=LINE('',#10983,#1442);
#1106=LINE('',#10984,#1443);
#1107=LINE('',#10987,#1444);
#1108=LINE('',#10988,#1445);
#1109=LINE('',#10991,#1446);
#1110=LINE('',#10992,#1447);
#1111=LINE('',#10994,#1448);
#1112=LINE('',#10997,#1449);
#1113=LINE('',#10998,#1450);
#1114=LINE('',#11002,#1451);
#1115=LINE('',#11004,#1452);
#1116=LINE('',#11006,#1453);
#1117=LINE('',#11007,#1454);
#1118=LINE('',#11009,#1455);
#1119=LINE('',#11010,#1456);
#1120=LINE('',#11012,#1457);
#1121=LINE('',#11014,#1458);
#1122=LINE('',#11017,#1459);
#1123=VECTOR('',#4017,1.2645);
#1124=VECTOR('',#4022,1.2645);
#1125=VECTOR('',#4025,1.2645);
#1126=VECTOR('',#4028,1.2645);
#1127=VECTOR('',#4031,1.2645);
#1128=VECTOR('',#4034,1.2645);
#1129=VECTOR('',#4037,1.2645);
#1130=VECTOR('',#4040,1.2645);
#1131=VECTOR('',#4045,1.2645);
#1132=VECTOR('',#4050,1.2645);
#1133=VECTOR('',#4053,1.2645);
#1134=VECTOR('',#4056,1.2645);
#1135=VECTOR('',#4059,1.2645);
#1136=VECTOR('',#4062,1.2645);
#1137=VECTOR('',#4065,1.2645);
#1138=VECTOR('',#4068,1.2645);
#1139=VECTOR('',#4073,1.2645);
#1140=VECTOR('',#4078,1.2645);
#1141=VECTOR('',#4081,1.2645);
#1142=VECTOR('',#4084,1.2645);
#1143=VECTOR('',#4087,1.2645);
#1144=VECTOR('',#4090,1.2645);
#1145=VECTOR('',#4093,1.2645);
#1146=VECTOR('',#4096,1.2645);
#1147=VECTOR('',#4101,1.2645);
#1148=VECTOR('',#4106,1.2645);
#1149=VECTOR('',#4109,1.2645);
#1150=VECTOR('',#4112,1.2645);
#1151=VECTOR('',#4115,1.2645);
#1152=VECTOR('',#4118,1.2645);
#1153=VECTOR('',#4121,1.2645);
#1154=VECTOR('',#4124,1.2645);
#1155=VECTOR('',#4129,1.543);
#1156=VECTOR('',#4134,1.543);
#1157=VECTOR('',#4137,1.543);
#1158=VECTOR('',#4140,1.543);
#1159=VECTOR('',#4143,1.543);
#1160=VECTOR('',#4146,1.543);
#1161=VECTOR('',#4149,1.543);
#1162=VECTOR('',#4152,1.543);
#1163=VECTOR('',#4157,1.54299999999999);
#1164=VECTOR('',#4162,1.54299999999999);
#1165=VECTOR('',#4165,1.54299999999999);
#1166=VECTOR('',#4168,1.54299999999999);
#1167=VECTOR('',#4171,1.54299999999999);
#1168=VECTOR('',#4174,1.54299999999999);
#1169=VECTOR('',#4177,1.54299999999999);
#1170=VECTOR('',#4180,1.54299999999999);
#1171=VECTOR('',#4185,1.543);
#1172=VECTOR('',#4190,1.543);
#1173=VECTOR('',#4193,1.543);
#1174=VECTOR('',#4196,1.543);
#1175=VECTOR('',#4199,1.543);
#1176=VECTOR('',#4202,1.543);
#1177=VECTOR('',#4205,1.543);
#1178=VECTOR('',#4208,1.543);
#1179=VECTOR('',#4213,1.54300000000001);
#1180=VECTOR('',#4218,1.54300000000001);
#1181=VECTOR('',#4221,1.54300000000001);
#1182=VECTOR('',#4224,1.54300000000001);
#1183=VECTOR('',#4227,1.54300000000001);
#1184=VECTOR('',#4230,1.54300000000001);
#1185=VECTOR('',#4233,1.54300000000001);
#1186=VECTOR('',#4236,1.54300000000001);
#1187=VECTOR('',#4241,10.);
#1188=VECTOR('',#4246,10.);
#1189=VECTOR('',#4249,10.);
#1190=VECTOR('',#4252,10.);
#1191=VECTOR('',#4257,10.);
#1192=VECTOR('',#4260,10.);
#1193=VECTOR('',#4263,10.);
#1194=VECTOR('',#4268,10.);
#1195=VECTOR('',#4271,10.);
#1196=VECTOR('',#4274,10.);
#1197=VECTOR('',#4279,10.);
#1198=VECTOR('',#4282,10.);
#1199=VECTOR('',#4285,10.);
#1200=VECTOR('',#4288,10.);
#1201=VECTOR('',#4291,10.);
#1202=VECTOR('',#4294,10.);
#1203=VECTOR('',#4297,10.);
#1204=VECTOR('',#4298,10.);
#1205=VECTOR('',#4299,10.);
#1206=VECTOR('',#4300,10.);
#1207=VECTOR('',#4301,10.);
#1208=VECTOR('',#4302,10.);
#1209=VECTOR('',#4303,10.);
#1210=VECTOR('',#4304,10.);
#1211=VECTOR('',#4305,10.);
#1212=VECTOR('',#4306,10.);
#1213=VECTOR('',#4307,10.);
#1214=VECTOR('',#4308,10.);
#1215=VECTOR('',#4309,10.);
#1216=VECTOR('',#4310,10.);
#1217=VECTOR('',#4311,10.);
#1218=VECTOR('',#4312,10.);
#1219=VECTOR('',#4313,10.);
#1220=VECTOR('',#4316,10.);
#1221=VECTOR('',#4317,10.);
#1222=VECTOR('',#4318,10.);
#1223=VECTOR('',#4319,10.);
#1224=VECTOR('',#4320,10.);
#1225=VECTOR('',#4321,10.);
#1226=VECTOR('',#4324,10.);
#1227=VECTOR('',#4325,10.);
#1228=VECTOR('',#4328,10.);
#1229=VECTOR('',#4329,10.);
#1230=VECTOR('',#4332,10.);
#1231=VECTOR('',#4333,10.);
#1232=VECTOR('',#4334,10.);
#1233=VECTOR('',#4337,10.);
#1234=VECTOR('',#4338,10.);
#1235=VECTOR('',#4341,10.);
#1236=VECTOR('',#4346,10.);
#1237=VECTOR('',#4347,10.);
#1238=VECTOR('',#4348,10.);
#1239=VECTOR('',#4349,10.);
#1240=VECTOR('',#4350,10.);
#1241=VECTOR('',#4351,10.);
#1242=VECTOR('',#4352,10.);
#1243=VECTOR('',#4353,10.);
#1244=VECTOR('',#4354,10.);
#1245=VECTOR('',#4357,10.);
#1246=VECTOR('',#4358,10.);
#1247=VECTOR('',#4359,10.);
#1248=VECTOR('',#4360,10.);
#1249=VECTOR('',#4363,10.);
#1250=VECTOR('',#4364,10.);
#1251=VECTOR('',#4365,10.);
#1252=VECTOR('',#4368,10.);
#1253=VECTOR('',#4369,10.);
#1254=VECTOR('',#4370,10.);
#1255=VECTOR('',#4373,10.);
#1256=VECTOR('',#4374,10.);
#1257=VECTOR('',#4375,10.);
#1258=VECTOR('',#4378,10.);
#1259=VECTOR('',#4379,10.);
#1260=VECTOR('',#4380,10.);
#1261=VECTOR('',#4383,10.);
#1262=VECTOR('',#4384,10.);
#1263=VECTOR('',#4387,10.);
#1264=VECTOR('',#4388,10.);
#1265=VECTOR('',#4389,10.);
#1266=VECTOR('',#4392,10.);
#1267=VECTOR('',#4393,10.);
#1268=VECTOR('',#4396,10.);
#1269=VECTOR('',#4397,10.);
#1270=VECTOR('',#4400,10.);
#1271=VECTOR('',#4401,10.);
#1272=VECTOR('',#4402,10.);
#1273=VECTOR('',#4405,10.);
#1274=VECTOR('',#4406,10.);
#1275=VECTOR('',#4409,10.);
#1276=VECTOR('',#4410,10.);
#1277=VECTOR('',#4413,10.);
#1278=VECTOR('',#4414,10.);
#1279=VECTOR('',#4415,10.);
#1280=VECTOR('',#4418,10.);
#1281=VECTOR('',#4419,10.);
#1282=VECTOR('',#4420,10.);
#1283=VECTOR('',#4423,10.);
#1284=VECTOR('',#4426,10.);
#1285=VECTOR('',#4429,10.);
#1286=VECTOR('',#4432,10.);
#1287=VECTOR('',#4433,10.);
#1288=VECTOR('',#4434,10.);
#1289=VECTOR('',#4435,10.);
#1290=VECTOR('',#4464,10.);
#1291=VECTOR('',#4465,10.);
#1292=VECTOR('',#4466,10.);
#1293=VECTOR('',#4469,10.);
#1294=VECTOR('',#4470,10.);
#1295=VECTOR('',#4471,10.);
#1296=VECTOR('',#4478,10.);
#1297=VECTOR('',#4479,10.);
#1298=VECTOR('',#4480,10.);
#1299=VECTOR('',#4481,10.);
#1300=VECTOR('',#4484,10.);
#1301=VECTOR('',#4485,10.);
#1302=VECTOR('',#4486,10.);
#1303=VECTOR('',#4489,10.);
#1304=VECTOR('',#4490,10.);
#1305=VECTOR('',#4491,10.);
#1306=VECTOR('',#4500,10.);
#1307=VECTOR('',#4501,10.);
#1308=VECTOR('',#4502,10.);
#1309=VECTOR('',#4503,10.);
#1310=VECTOR('',#4506,10.);
#1311=VECTOR('',#4507,10.);
#1312=VECTOR('',#4508,10.);
#1313=VECTOR('',#4511,10.);
#1314=VECTOR('',#4512,10.);
#1315=VECTOR('',#4513,10.);
#1316=VECTOR('',#4520,10.);
#1317=VECTOR('',#4521,10.);
#1318=VECTOR('',#4522,10.);
#1319=VECTOR('',#4523,10.);
#1320=VECTOR('',#4526,10.);
#1321=VECTOR('',#4527,10.);
#1322=VECTOR('',#4528,10.);
#1323=VECTOR('',#4529,10.);
#1324=VECTOR('',#4532,10.);
#1325=VECTOR('',#4537,10.);
#1326=VECTOR('',#4538,10.);
#1327=VECTOR('',#4549,10.);
#1328=VECTOR('',#4550,10.);
#1329=VECTOR('',#4553,3.75);
#1330=VECTOR('',#4558,10.);
#1331=VECTOR('',#4561,10.);
#1332=VECTOR('',#4562,10.);
#1333=VECTOR('',#4569,10.);
#1334=VECTOR('',#4570,10.);
#1335=VECTOR('',#4577,10.);
#1336=VECTOR('',#4578,10.);
#1337=VECTOR('',#4581,10.);
#1338=VECTOR('',#4584,10.);
#1339=VECTOR('',#4589,10.);
#1340=VECTOR('',#4592,10.);
#1341=VECTOR('',#4595,10.);
#1342=VECTOR('',#4602,10.);
#1343=VECTOR('',#4603,10.);
#1344=VECTOR('',#4604,10.);
#1345=VECTOR('',#4605,10.);
#1346=VECTOR('',#4608,10.);
#1347=VECTOR('',#4609,10.);
#1348=VECTOR('',#4610,10.);
#1349=VECTOR('',#4613,10.);
#1350=VECTOR('',#4614,10.);
#1351=VECTOR('',#4615,10.);
#1352=VECTOR('',#4618,10.);
#1353=VECTOR('',#4619,10.);
#1354=VECTOR('',#4620,10.);
#1355=VECTOR('',#4621,10.);
#1356=VECTOR('',#4624,10.);
#1357=VECTOR('',#4625,10.);
#1358=VECTOR('',#4626,10.);
#1359=VECTOR('',#4627,10.);
#1360=VECTOR('',#4630,10.);
#1361=VECTOR('',#4631,10.);
#1362=VECTOR('',#4632,10.);
#1363=VECTOR('',#4635,10.);
#1364=VECTOR('',#4636,10.);
#1365=VECTOR('',#4637,10.);
#1366=VECTOR('',#4638,10.);
#1367=VECTOR('',#4641,10.);
#1368=VECTOR('',#4642,10.);
#1369=VECTOR('',#4643,10.);
#1370=VECTOR('',#4646,10.);
#1371=VECTOR('',#4647,10.);
#1372=VECTOR('',#4648,10.);
#1373=VECTOR('',#4651,10.);
#1374=VECTOR('',#4652,10.);
#1375=VECTOR('',#4655,10.);
#1376=VECTOR('',#4656,10.);
#1377=VECTOR('',#4659,10.);
#1378=VECTOR('',#4660,10.);
#1379=VECTOR('',#4663,10.);
#1380=VECTOR('',#4664,10.);
#1381=VECTOR('',#4671,10.);
#1382=VECTOR('',#4674,10.);
#1383=VECTOR('',#4677,10.);
#1384=VECTOR('',#4678,10.);
#1385=VECTOR('',#4679,10.);
#1386=VECTOR('',#4682,10.);
#1387=VECTOR('',#4683,10.);
#1388=VECTOR('',#4684,10.);
#1389=VECTOR('',#4687,10.);
#1390=VECTOR('',#4688,10.);
#1391=VECTOR('',#4689,10.);
#1392=VECTOR('',#4690,10.);
#1393=VECTOR('',#4695,10.);
#1394=VECTOR('',#4698,10.);
#1395=VECTOR('',#4701,10.);
#1396=VECTOR('',#4702,10.);
#1397=VECTOR('',#4703,10.);
#1398=VECTOR('',#4706,10.);
#1399=VECTOR('',#4707,10.);
#1400=VECTOR('',#4708,10.);
#1401=VECTOR('',#4711,10.);
#1402=VECTOR('',#4712,10.);
#1403=VECTOR('',#4717,10.);
#1404=VECTOR('',#4720,10.);
#1405=VECTOR('',#4723,10.);
#1406=VECTOR('',#4724,10.);
#1407=VECTOR('',#4725,10.);
#1408=VECTOR('',#4728,10.);
#1409=VECTOR('',#4729,10.);
#1410=VECTOR('',#4730,10.);
#1411=VECTOR('',#4733,10.);
#1412=VECTOR('',#4734,10.);
#1413=VECTOR('',#4735,10.);
#1414=VECTOR('',#4740,10.);
#1415=VECTOR('',#4743,10.);
#1416=VECTOR('',#4746,10.);
#1417=VECTOR('',#4747,10.);
#1418=VECTOR('',#4748,10.);
#1419=VECTOR('',#4751,10.);
#1420=VECTOR('',#4752,10.);
#1421=VECTOR('',#4755,10.);
#1422=VECTOR('',#4756,10.);
#1423=VECTOR('',#4757,10.);
#1424=VECTOR('',#4760,10.);
#1425=VECTOR('',#4761,10.);
#1426=VECTOR('',#4762,10.);
#1427=VECTOR('',#4765,10.);
#1428=VECTOR('',#4766,10.);
#1429=VECTOR('',#4767,10.);
#1430=VECTOR('',#4768,10.);
#1431=VECTOR('',#4771,10.);
#1432=VECTOR('',#4772,10.);
#1433=VECTOR('',#4775,10.);
#1434=VECTOR('',#4776,10.);
#1435=VECTOR('',#4779,10.);
#1436=VECTOR('',#4780,10.);
#1437=VECTOR('',#4781,10.);
#1438=VECTOR('',#4784,10.);
#1439=VECTOR('',#4785,10.);
#1440=VECTOR('',#4788,10.);
#1441=VECTOR('',#4789,10.);
#1442=VECTOR('',#4790,10.);
#1443=VECTOR('',#4791,10.);
#1444=VECTOR('',#4794,10.);
#1445=VECTOR('',#4795,10.);
#1446=VECTOR('',#4798,10.);
#1447=VECTOR('',#4799,10.);
#1448=VECTOR('',#4802,10.);
#1449=VECTOR('',#4805,10.);
#1450=VECTOR('',#4806,10.);
#1451=VECTOR('',#4809,10.);
#1452=VECTOR('',#4810,10.);
#1453=VECTOR('',#4811,10.);
#1454=VECTOR('',#4812,10.);
#1455=VECTOR('',#4815,10.);
#1456=VECTOR('',#4816,10.);
#1457=VECTOR('',#4819,10.);
#1458=VECTOR('',#4822,10.);
#1459=VECTOR('',#4827,10.);
#1460=VERTEX_POINT('',#4837);
#1461=VERTEX_POINT('',#4838);
#1462=VERTEX_POINT('',#4840);
#1463=VERTEX_POINT('',#4845);
#1464=VERTEX_POINT('',#4858);
#1465=VERTEX_POINT('',#4859);
#1466=VERTEX_POINT('',#4909);
#1467=VERTEX_POINT('',#4910);
#1468=VERTEX_POINT('',#4960);
#1469=VERTEX_POINT('',#4961);
#1470=VERTEX_POINT('',#5008);
#1471=VERTEX_POINT('',#5009);
#1472=VERTEX_POINT('',#5059);
#1473=VERTEX_POINT('',#5060);
#1474=VERTEX_POINT('',#5110);
#1475=VERTEX_POINT('',#5111);
#1476=VERTEX_POINT('',#5158);
#1477=VERTEX_POINT('',#5159);
#1478=VERTEX_POINT('',#5161);
#1479=VERTEX_POINT('',#5175);
#1480=VERTEX_POINT('',#5197);
#1481=VERTEX_POINT('',#5198);
#1482=VERTEX_POINT('',#5200);
#1483=VERTEX_POINT('',#5205);
#1484=VERTEX_POINT('',#5218);
#1485=VERTEX_POINT('',#5219);
#1486=VERTEX_POINT('',#5269);
#1487=VERTEX_POINT('',#5270);
#1488=VERTEX_POINT('',#5320);
#1489=VERTEX_POINT('',#5321);
#1490=VERTEX_POINT('',#5368);
#1491=VERTEX_POINT('',#5369);
#1492=VERTEX_POINT('',#5419);
#1493=VERTEX_POINT('',#5420);
#1494=VERTEX_POINT('',#5470);
#1495=VERTEX_POINT('',#5471);
#1496=VERTEX_POINT('',#5518);
#1497=VERTEX_POINT('',#5519);
#1498=VERTEX_POINT('',#5521);
#1499=VERTEX_POINT('',#5535);
#1500=VERTEX_POINT('',#5557);
#1501=VERTEX_POINT('',#5558);
#1502=VERTEX_POINT('',#5560);
#1503=VERTEX_POINT('',#5565);
#1504=VERTEX_POINT('',#5578);
#1505=VERTEX_POINT('',#5579);
#1506=VERTEX_POINT('',#5629);
#1507=VERTEX_POINT('',#5630);
#1508=VERTEX_POINT('',#5680);
#1509=VERTEX_POINT('',#5681);
#1510=VERTEX_POINT('',#5728);
#1511=VERTEX_POINT('',#5729);
#1512=VERTEX_POINT('',#5779);
#1513=VERTEX_POINT('',#5780);
#1514=VERTEX_POINT('',#5830);
#1515=VERTEX_POINT('',#5831);
#1516=VERTEX_POINT('',#5878);
#1517=VERTEX_POINT('',#5879);
#1518=VERTEX_POINT('',#5881);
#1519=VERTEX_POINT('',#5895);
#1520=VERTEX_POINT('',#5917);
#1521=VERTEX_POINT('',#5918);
#1522=VERTEX_POINT('',#5920);
#1523=VERTEX_POINT('',#5925);
#1524=VERTEX_POINT('',#5938);
#1525=VERTEX_POINT('',#5939);
#1526=VERTEX_POINT('',#5989);
#1527=VERTEX_POINT('',#5990);
#1528=VERTEX_POINT('',#6040);
#1529=VERTEX_POINT('',#6041);
#1530=VERTEX_POINT('',#6088);
#1531=VERTEX_POINT('',#6089);
#1532=VERTEX_POINT('',#6139);
#1533=VERTEX_POINT('',#6140);
#1534=VERTEX_POINT('',#6190);
#1535=VERTEX_POINT('',#6191);
#1536=VERTEX_POINT('',#6238);
#1537=VERTEX_POINT('',#6239);
#1538=VERTEX_POINT('',#6241);
#1539=VERTEX_POINT('',#6255);
#1540=VERTEX_POINT('',#6277);
#1541=VERTEX_POINT('',#6278);
#1542=VERTEX_POINT('',#6280);
#1543=VERTEX_POINT('',#6289);
#1544=VERTEX_POINT('',#6301);
#1545=VERTEX_POINT('',#6302);
#1546=VERTEX_POINT('',#6325);
#1547=VERTEX_POINT('',#6326);
#1548=VERTEX_POINT('',#6350);
#1549=VERTEX_POINT('',#6351);
#1550=VERTEX_POINT('',#6375);
#1551=VERTEX_POINT('',#6376);
#1552=VERTEX_POINT('',#6399);
#1553=VERTEX_POINT('',#6400);
#1554=VERTEX_POINT('',#6424);
#1555=VERTEX_POINT('',#6425);
#1556=VERTEX_POINT('',#6449);
#1557=VERTEX_POINT('',#6450);
#1558=VERTEX_POINT('',#6452);
#1559=VERTEX_POINT('',#6458);
#1560=VERTEX_POINT('',#6466);
#1561=VERTEX_POINT('',#6467);
#1562=VERTEX_POINT('',#6469);
#1563=VERTEX_POINT('',#6478);
#1564=VERTEX_POINT('',#6490);
#1565=VERTEX_POINT('',#6491);
#1566=VERTEX_POINT('',#6514);
#1567=VERTEX_POINT('',#6515);
#1568=VERTEX_POINT('',#6539);
#1569=VERTEX_POINT('',#6540);
#1570=VERTEX_POINT('',#6564);
#1571=VERTEX_POINT('',#6565);
#1572=VERTEX_POINT('',#6588);
#1573=VERTEX_POINT('',#6589);
#1574=VERTEX_POINT('',#6613);
#1575=VERTEX_POINT('',#6614);
#1576=VERTEX_POINT('',#6638);
#1577=VERTEX_POINT('',#6639);
#1578=VERTEX_POINT('',#6641);
#1579=VERTEX_POINT('',#6647);
#1580=VERTEX_POINT('',#6655);
#1581=VERTEX_POINT('',#6656);
#1582=VERTEX_POINT('',#6658);
#1583=VERTEX_POINT('',#6667);
#1584=VERTEX_POINT('',#6679);
#1585=VERTEX_POINT('',#6680);
#1586=VERTEX_POINT('',#6703);
#1587=VERTEX_POINT('',#6704);
#1588=VERTEX_POINT('',#6728);
#1589=VERTEX_POINT('',#6729);
#1590=VERTEX_POINT('',#6753);
#1591=VERTEX_POINT('',#6754);
#1592=VERTEX_POINT('',#6777);
#1593=VERTEX_POINT('',#6778);
#1594=VERTEX_POINT('',#6802);
#1595=VERTEX_POINT('',#6803);
#1596=VERTEX_POINT('',#6827);
#1597=VERTEX_POINT('',#6828);
#1598=VERTEX_POINT('',#6830);
#1599=VERTEX_POINT('',#6836);
#1600=VERTEX_POINT('',#6844);
#1601=VERTEX_POINT('',#6845);
#1602=VERTEX_POINT('',#6847);
#1603=VERTEX_POINT('',#6856);
#1604=VERTEX_POINT('',#6868);
#1605=VERTEX_POINT('',#6869);
#1606=VERTEX_POINT('',#6892);
#1607=VERTEX_POINT('',#6893);
#1608=VERTEX_POINT('',#6917);
#1609=VERTEX_POINT('',#6918);
#1610=VERTEX_POINT('',#6942);
#1611=VERTEX_POINT('',#6943);
#1612=VERTEX_POINT('',#6966);
#1613=VERTEX_POINT('',#6967);
#1614=VERTEX_POINT('',#6991);
#1615=VERTEX_POINT('',#6992);
#1616=VERTEX_POINT('',#7016);
#1617=VERTEX_POINT('',#7017);
#1618=VERTEX_POINT('',#7019);
#1619=VERTEX_POINT('',#7025);
#1620=VERTEX_POINT('',#7033);
#1621=VERTEX_POINT('',#7034);
#1622=VERTEX_POINT('',#7038);
#1623=VERTEX_POINT('',#7040);
#1624=VERTEX_POINT('',#7044);
#1625=VERTEX_POINT('',#7045);
#1626=VERTEX_POINT('',#7049);
#1627=VERTEX_POINT('',#7051);
#1628=VERTEX_POINT('',#7055);
#1629=VERTEX_POINT('',#7056);
#1630=VERTEX_POINT('',#7060);
#1631=VERTEX_POINT('',#7062);
#1632=VERTEX_POINT('',#7066);
#1633=VERTEX_POINT('',#7067);
#1634=VERTEX_POINT('',#7071);
#1635=VERTEX_POINT('',#7073);
#1636=VERTEX_POINT('',#7085);
#1637=VERTEX_POINT('',#7086);
#1638=VERTEX_POINT('',#7088);
#1639=VERTEX_POINT('',#7090);
#1640=VERTEX_POINT('',#7092);
#1641=VERTEX_POINT('',#7094);
#1642=VERTEX_POINT('',#7096);
#1643=VERTEX_POINT('',#7098);
#1644=VERTEX_POINT('',#7100);
#1645=VERTEX_POINT('',#7102);
#1646=VERTEX_POINT('',#7104);
#1647=VERTEX_POINT('',#7106);
#1648=VERTEX_POINT('',#7108);
#1649=VERTEX_POINT('',#7111);
#1650=VERTEX_POINT('',#7112);
#1651=VERTEX_POINT('',#7276);
#1652=VERTEX_POINT('',#7366);
#1653=VERTEX_POINT('',#7441);
#1654=VERTEX_POINT('',#7442);
#1655=VERTEX_POINT('',#7444);
#1656=VERTEX_POINT('',#7446);
#1657=VERTEX_POINT('',#7772);
#1658=VERTEX_POINT('',#7773);
#1659=VERTEX_POINT('',#7775);
#1660=VERTEX_POINT('',#7777);
#1661=VERTEX_POINT('',#7779);
#1662=VERTEX_POINT('',#7781);
#1663=VERTEX_POINT('',#7791);
#1664=VERTEX_POINT('',#7793);
#1665=VERTEX_POINT('',#7797);
#1666=VERTEX_POINT('',#7800);
#1667=VERTEX_POINT('',#7802);
#1668=VERTEX_POINT('',#7806);
#1669=VERTEX_POINT('',#7808);
#1670=VERTEX_POINT('',#7810);
#1671=VERTEX_POINT('',#7812);
#1672=VERTEX_POINT('',#7814);
#1673=VERTEX_POINT('',#7816);
#1674=VERTEX_POINT('',#7819);
#1675=VERTEX_POINT('',#7823);
#1676=VERTEX_POINT('',#7824);
#1677=VERTEX_POINT('',#7826);
#1678=VERTEX_POINT('',#7828);
#1679=VERTEX_POINT('',#7832);
#1680=VERTEX_POINT('',#7833);
#1681=VERTEX_POINT('',#7835);
#1682=VERTEX_POINT('',#7839);
#1683=VERTEX_POINT('',#7841);
#1684=VERTEX_POINT('',#7845);
#1685=VERTEX_POINT('',#7846);
#1686=VERTEX_POINT('',#7848);
#1687=VERTEX_POINT('',#7852);
#1688=VERTEX_POINT('',#7853);
#1689=VERTEX_POINT('',#7861);
#1690=VERTEX_POINT('',#7862);
#1691=VERTEX_POINT('',#7864);
#1692=VERTEX_POINT('',#7874);
#1693=VERTEX_POINT('',#7875);
#1694=VERTEX_POINT('',#7877);
#1695=VERTEX_POINT('',#7887);
#1696=VERTEX_POINT('',#7888);
#1697=VERTEX_POINT('',#7893);
#1698=VERTEX_POINT('',#7895);
#1699=VERTEX_POINT('',#7905);
#1700=VERTEX_POINT('',#7906);
#1701=VERTEX_POINT('',#7908);
#1702=VERTEX_POINT('',#7910);
#1703=VERTEX_POINT('',#7913);
#1704=VERTEX_POINT('',#10636);
#1705=VERTEX_POINT('',#10638);
#1706=VERTEX_POINT('',#10642);
#1707=VERTEX_POINT('',#10644);
#1708=VERTEX_POINT('',#10650);
#1709=VERTEX_POINT('',#10651);
#1710=VERTEX_POINT('',#10653);
#1711=VERTEX_POINT('',#10655);
#1712=VERTEX_POINT('',#10659);
#1713=VERTEX_POINT('',#10661);
#1714=VERTEX_POINT('',#10665);
#1715=VERTEX_POINT('',#10667);
#1716=VERTEX_POINT('',#10671);
#1717=VERTEX_POINT('',#10675);
#1718=VERTEX_POINT('',#10676);
#1719=VERTEX_POINT('',#10678);
#1720=VERTEX_POINT('',#10680);
#1721=VERTEX_POINT('',#10684);
#1722=VERTEX_POINT('',#10686);
#1723=VERTEX_POINT('',#10690);
#1724=VERTEX_POINT('',#10692);
#1725=VERTEX_POINT('',#10698);
#1726=VERTEX_POINT('',#10699);
#1727=VERTEX_POINT('',#10701);
#1728=VERTEX_POINT('',#10703);
#1729=VERTEX_POINT('',#10707);
#1730=VERTEX_POINT('',#10708);
#1731=VERTEX_POINT('',#10710);
#1732=VERTEX_POINT('',#10712);
#1733=VERTEX_POINT('',#10719);
#1734=VERTEX_POINT('',#10727);
#1735=VERTEX_POINT('',#10733);
#1736=VERTEX_POINT('',#10737);
#1737=VERTEX_POINT('',#10764);
#1738=VERTEX_POINT('',#10765);
#1739=VERTEX_POINT('',#10767);
#1740=VERTEX_POINT('',#10769);
#1741=VERTEX_POINT('',#10773);
#1742=VERTEX_POINT('',#10775);
#1743=VERTEX_POINT('',#10779);
#1744=VERTEX_POINT('',#10781);
#1745=VERTEX_POINT('',#10785);
#1746=VERTEX_POINT('',#10787);
#1747=VERTEX_POINT('',#10789);
#1748=VERTEX_POINT('',#10793);
#1749=VERTEX_POINT('',#10795);
#1750=VERTEX_POINT('',#10797);
#1751=VERTEX_POINT('',#10801);
#1752=VERTEX_POINT('',#10803);
#1753=VERTEX_POINT('',#10807);
#1754=VERTEX_POINT('',#10808);
#1755=VERTEX_POINT('',#10811);
#1756=VERTEX_POINT('',#10815);
#1757=VERTEX_POINT('',#10820);
#1758=VERTEX_POINT('',#10822);
#1759=VERTEX_POINT('',#10826);
#1760=VERTEX_POINT('',#10830);
#1761=VERTEX_POINT('',#10834);
#1762=VERTEX_POINT('',#10838);
#1763=VERTEX_POINT('',#10843);
#1764=VERTEX_POINT('',#10844);
#1765=VERTEX_POINT('',#10846);
#1766=VERTEX_POINT('',#10848);
#1767=VERTEX_POINT('',#10852);
#1768=VERTEX_POINT('',#10854);
#1769=VERTEX_POINT('',#10858);
#1770=VERTEX_POINT('',#10860);
#1771=VERTEX_POINT('',#10864);
#1772=VERTEX_POINT('',#10866);
#1773=VERTEX_POINT('',#10868);
#1774=VERTEX_POINT('',#10872);
#1775=VERTEX_POINT('',#10873);
#1776=VERTEX_POINT('',#10875);
#1777=VERTEX_POINT('',#10877);
#1778=VERTEX_POINT('',#10881);
#1779=VERTEX_POINT('',#10883);
#1780=VERTEX_POINT('',#10887);
#1781=VERTEX_POINT('',#10889);
#1782=VERTEX_POINT('',#10896);
#1783=VERTEX_POINT('',#10897);
#1784=VERTEX_POINT('',#10899);
#1785=VERTEX_POINT('',#10901);
#1786=VERTEX_POINT('',#10905);
#1787=VERTEX_POINT('',#10907);
#1788=VERTEX_POINT('',#10911);
#1789=VERTEX_POINT('',#10913);
#1790=VERTEX_POINT('',#10917);
#1791=VERTEX_POINT('',#10919);
#1792=VERTEX_POINT('',#10923);
#1793=VERTEX_POINT('',#10924);
#1794=VERTEX_POINT('',#10926);
#1795=VERTEX_POINT('',#10928);
#1796=VERTEX_POINT('',#10932);
#1797=VERTEX_POINT('',#10934);
#1798=VERTEX_POINT('',#10941);
#1799=VERTEX_POINT('',#10943);
#1800=VERTEX_POINT('',#10947);
#1801=VERTEX_POINT('',#10949);
#1802=VERTEX_POINT('',#10953);
#1803=VERTEX_POINT('',#10955);
#1804=VERTEX_POINT('',#10957);
#1805=VERTEX_POINT('',#10967);
#1806=VERTEX_POINT('',#10969);
#1807=VERTEX_POINT('',#10973);
#1808=VERTEX_POINT('',#10977);
#1809=VERTEX_POINT('',#10978);
#1810=VERTEX_POINT('',#10980);
#1811=VERTEX_POINT('',#10982);
#1812=VERTEX_POINT('',#10986);
#1813=VERTEX_POINT('',#10990);
#1814=VERTEX_POINT('',#10996);
#1815=VERTEX_POINT('',#11000);
#1816=VERTEX_POINT('',#11001);
#1817=VERTEX_POINT('',#11003);
#1818=VERTEX_POINT('',#11005);
#1819=EDGE_CURVE('',#1460,#1461,#786,.T.);
#1820=EDGE_CURVE('',#1461,#1462,#622,.T.);
#1821=EDGE_CURVE('',#1462,#1463,#576,.T.);
#1822=EDGE_CURVE('',#1463,#1460,#623,.T.);
#1823=EDGE_CURVE('',#1464,#1465,#787,.T.);
#1824=EDGE_CURVE('',#1465,#1461,#624,.T.);
#1825=EDGE_CURVE('',#1460,#1464,#625,.T.);
#1826=EDGE_CURVE('',#1466,#1467,#788,.T.);
#1827=EDGE_CURVE('',#1467,#1465,#626,.T.);
#1828=EDGE_CURVE('',#1464,#1466,#627,.T.);
#1829=EDGE_CURVE('',#1468,#1469,#789,.T.);
#1830=EDGE_CURVE('',#1469,#1467,#628,.T.);
#1831=EDGE_CURVE('',#1466,#1468,#629,.T.);
#1832=EDGE_CURVE('',#1470,#1471,#790,.T.);
#1833=EDGE_CURVE('',#1471,#1469,#630,.T.);
#1834=EDGE_CURVE('',#1468,#1470,#631,.T.);
#1835=EDGE_CURVE('',#1472,#1473,#791,.T.);
#1836=EDGE_CURVE('',#1473,#1471,#632,.T.);
#1837=EDGE_CURVE('',#1470,#1472,#633,.T.);
#1838=EDGE_CURVE('',#1474,#1475,#792,.T.);
#1839=EDGE_CURVE('',#1475,#1473,#634,.T.);
#1840=EDGE_CURVE('',#1472,#1474,#635,.T.);
#1841=EDGE_CURVE('',#1476,#1477,#793,.T.);
#1842=EDGE_CURVE('',#1476,#1478,#636,.T.);
#1843=EDGE_CURVE('',#1479,#1478,#577,.T.);
#1844=EDGE_CURVE('',#1479,#1477,#637,.T.);
#1845=EDGE_CURVE('',#1480,#1481,#794,.T.);
#1846=EDGE_CURVE('',#1481,#1482,#638,.T.);
#1847=EDGE_CURVE('',#1482,#1483,#578,.T.);
#1848=EDGE_CURVE('',#1483,#1480,#639,.T.);
#1849=EDGE_CURVE('',#1484,#1485,#795,.T.);
#1850=EDGE_CURVE('',#1485,#1481,#640,.T.);
#1851=EDGE_CURVE('',#1480,#1484,#641,.T.);
#1852=EDGE_CURVE('',#1486,#1487,#796,.T.);
#1853=EDGE_CURVE('',#1487,#1485,#642,.T.);
#1854=EDGE_CURVE('',#1484,#1486,#643,.T.);
#1855=EDGE_CURVE('',#1488,#1489,#797,.T.);
#1856=EDGE_CURVE('',#1489,#1487,#644,.T.);
#1857=EDGE_CURVE('',#1486,#1488,#645,.T.);
#1858=EDGE_CURVE('',#1490,#1491,#798,.T.);
#1859=EDGE_CURVE('',#1491,#1489,#646,.T.);
#1860=EDGE_CURVE('',#1488,#1490,#647,.T.);
#1861=EDGE_CURVE('',#1492,#1493,#799,.T.);
#1862=EDGE_CURVE('',#1493,#1491,#648,.T.);
#1863=EDGE_CURVE('',#1490,#1492,#649,.T.);
#1864=EDGE_CURVE('',#1494,#1495,#800,.T.);
#1865=EDGE_CURVE('',#1495,#1493,#650,.T.);
#1866=EDGE_CURVE('',#1492,#1494,#651,.T.);
#1867=EDGE_CURVE('',#1496,#1497,#801,.T.);
#1868=EDGE_CURVE('',#1496,#1498,#652,.T.);
#1869=EDGE_CURVE('',#1499,#1498,#579,.T.);
#1870=EDGE_CURVE('',#1499,#1497,#653,.T.);
#1871=EDGE_CURVE('',#1500,#1501,#802,.T.);
#1872=EDGE_CURVE('',#1501,#1502,#654,.T.);
#1873=EDGE_CURVE('',#1502,#1503,#580,.T.);
#1874=EDGE_CURVE('',#1503,#1500,#655,.T.);
#1875=EDGE_CURVE('',#1504,#1505,#803,.T.);
#1876=EDGE_CURVE('',#1505,#1501,#656,.T.);
#1877=EDGE_CURVE('',#1500,#1504,#657,.T.);
#1878=EDGE_CURVE('',#1506,#1507,#804,.T.);
#1879=EDGE_CURVE('',#1507,#1505,#658,.T.);
#1880=EDGE_CURVE('',#1504,#1506,#659,.T.);
#1881=EDGE_CURVE('',#1508,#1509,#805,.T.);
#1882=EDGE_CURVE('',#1509,#1507,#660,.T.);
#1883=EDGE_CURVE('',#1506,#1508,#661,.T.);
#1884=EDGE_CURVE('',#1510,#1511,#806,.T.);
#1885=EDGE_CURVE('',#1511,#1509,#662,.T.);
#1886=EDGE_CURVE('',#1508,#1510,#663,.T.);
#1887=EDGE_CURVE('',#1512,#1513,#807,.T.);
#1888=EDGE_CURVE('',#1513,#1511,#664,.T.);
#1889=EDGE_CURVE('',#1510,#1512,#665,.T.);
#1890=EDGE_CURVE('',#1514,#1515,#808,.T.);
#1891=EDGE_CURVE('',#1515,#1513,#666,.T.);
#1892=EDGE_CURVE('',#1512,#1514,#667,.T.);
#1893=EDGE_CURVE('',#1516,#1517,#809,.T.);
#1894=EDGE_CURVE('',#1516,#1518,#668,.T.);
#1895=EDGE_CURVE('',#1519,#1518,#581,.T.);
#1896=EDGE_CURVE('',#1519,#1517,#669,.T.);
#1897=EDGE_CURVE('',#1520,#1521,#810,.T.);
#1898=EDGE_CURVE('',#1521,#1522,#670,.T.);
#1899=EDGE_CURVE('',#1522,#1523,#582,.T.);
#1900=EDGE_CURVE('',#1523,#1520,#671,.T.);
#1901=EDGE_CURVE('',#1524,#1525,#811,.T.);
#1902=EDGE_CURVE('',#1525,#1521,#672,.T.);
#1903=EDGE_CURVE('',#1520,#1524,#673,.T.);
#1904=EDGE_CURVE('',#1526,#1527,#812,.T.);
#1905=EDGE_CURVE('',#1527,#1525,#674,.T.);
#1906=EDGE_CURVE('',#1524,#1526,#675,.T.);
#1907=EDGE_CURVE('',#1528,#1529,#813,.T.);
#1908=EDGE_CURVE('',#1529,#1527,#676,.T.);
#1909=EDGE_CURVE('',#1526,#1528,#677,.T.);
#1910=EDGE_CURVE('',#1530,#1531,#814,.T.);
#1911=EDGE_CURVE('',#1531,#1529,#678,.T.);
#1912=EDGE_CURVE('',#1528,#1530,#679,.T.);
#1913=EDGE_CURVE('',#1532,#1533,#815,.T.);
#1914=EDGE_CURVE('',#1533,#1531,#680,.T.);
#1915=EDGE_CURVE('',#1530,#1532,#681,.T.);
#1916=EDGE_CURVE('',#1534,#1535,#816,.T.);
#1917=EDGE_CURVE('',#1535,#1533,#682,.T.);
#1918=EDGE_CURVE('',#1532,#1534,#683,.T.);
#1919=EDGE_CURVE('',#1536,#1537,#817,.T.);
#1920=EDGE_CURVE('',#1536,#1538,#684,.T.);
#1921=EDGE_CURVE('',#1539,#1538,#583,.T.);
#1922=EDGE_CURVE('',#1539,#1537,#685,.T.);
#1923=EDGE_CURVE('',#1540,#1541,#818,.T.);
#1924=EDGE_CURVE('',#1541,#1542,#686,.T.);
#1925=EDGE_CURVE('',#1543,#1542,#584,.T.);
#1926=EDGE_CURVE('',#1540,#1543,#687,.T.);
#1927=EDGE_CURVE('',#1544,#1545,#819,.T.);
#1928=EDGE_CURVE('',#1545,#1541,#688,.T.);
#1929=EDGE_CURVE('',#1544,#1540,#689,.T.);
#1930=EDGE_CURVE('',#1546,#1547,#820,.T.);
#1931=EDGE_CURVE('',#1547,#1545,#690,.T.);
#1932=EDGE_CURVE('',#1546,#1544,#691,.T.);
#1933=EDGE_CURVE('',#1548,#1549,#821,.T.);
#1934=EDGE_CURVE('',#1549,#1547,#692,.T.);
#1935=EDGE_CURVE('',#1548,#1546,#693,.T.);
#1936=EDGE_CURVE('',#1550,#1551,#822,.T.);
#1937=EDGE_CURVE('',#1551,#1549,#694,.T.);
#1938=EDGE_CURVE('',#1550,#1548,#695,.T.);
#1939=EDGE_CURVE('',#1552,#1553,#823,.T.);
#1940=EDGE_CURVE('',#1553,#1551,#696,.T.);
#1941=EDGE_CURVE('',#1552,#1550,#697,.T.);
#1942=EDGE_CURVE('',#1554,#1555,#824,.T.);
#1943=EDGE_CURVE('',#1555,#1553,#698,.T.);
#1944=EDGE_CURVE('',#1554,#1552,#699,.T.);
#1945=EDGE_CURVE('',#1556,#1557,#825,.T.);
#1946=EDGE_CURVE('',#1558,#1556,#700,.T.);
#1947=EDGE_CURVE('',#1559,#1558,#585,.T.);
#1948=EDGE_CURVE('',#1559,#1557,#701,.T.);
#1949=EDGE_CURVE('',#1560,#1561,#826,.T.);
#1950=EDGE_CURVE('',#1561,#1562,#702,.T.);
#1951=EDGE_CURVE('',#1563,#1562,#586,.T.);
#1952=EDGE_CURVE('',#1560,#1563,#703,.T.);
#1953=EDGE_CURVE('',#1564,#1565,#827,.T.);
#1954=EDGE_CURVE('',#1565,#1561,#704,.T.);
#1955=EDGE_CURVE('',#1564,#1560,#705,.T.);
#1956=EDGE_CURVE('',#1566,#1567,#828,.T.);
#1957=EDGE_CURVE('',#1567,#1565,#706,.T.);
#1958=EDGE_CURVE('',#1566,#1564,#707,.T.);
#1959=EDGE_CURVE('',#1568,#1569,#829,.T.);
#1960=EDGE_CURVE('',#1569,#1567,#708,.T.);
#1961=EDGE_CURVE('',#1568,#1566,#709,.T.);
#1962=EDGE_CURVE('',#1570,#1571,#830,.T.);
#1963=EDGE_CURVE('',#1571,#1569,#710,.T.);
#1964=EDGE_CURVE('',#1570,#1568,#711,.T.);
#1965=EDGE_CURVE('',#1572,#1573,#831,.T.);
#1966=EDGE_CURVE('',#1573,#1571,#712,.T.);
#1967=EDGE_CURVE('',#1572,#1570,#713,.T.);
#1968=EDGE_CURVE('',#1574,#1575,#832,.T.);
#1969=EDGE_CURVE('',#1575,#1573,#714,.T.);
#1970=EDGE_CURVE('',#1574,#1572,#715,.T.);
#1971=EDGE_CURVE('',#1576,#1577,#833,.T.);
#1972=EDGE_CURVE('',#1578,#1576,#716,.T.);
#1973=EDGE_CURVE('',#1579,#1578,#587,.T.);
#1974=EDGE_CURVE('',#1579,#1577,#717,.T.);
#1975=EDGE_CURVE('',#1580,#1581,#834,.T.);
#1976=EDGE_CURVE('',#1581,#1582,#718,.T.);
#1977=EDGE_CURVE('',#1583,#1582,#588,.T.);
#1978=EDGE_CURVE('',#1580,#1583,#719,.T.);
#1979=EDGE_CURVE('',#1584,#1585,#835,.T.);
#1980=EDGE_CURVE('',#1585,#1581,#720,.T.);
#1981=EDGE_CURVE('',#1584,#1580,#721,.T.);
#1982=EDGE_CURVE('',#1586,#1587,#836,.T.);
#1983=EDGE_CURVE('',#1587,#1585,#722,.T.);
#1984=EDGE_CURVE('',#1586,#1584,#723,.T.);
#1985=EDGE_CURVE('',#1588,#1589,#837,.T.);
#1986=EDGE_CURVE('',#1589,#1587,#724,.T.);
#1987=EDGE_CURVE('',#1588,#1586,#725,.T.);
#1988=EDGE_CURVE('',#1590,#1591,#838,.T.);
#1989=EDGE_CURVE('',#1591,#1589,#726,.T.);
#1990=EDGE_CURVE('',#1590,#1588,#727,.T.);
#1991=EDGE_CURVE('',#1592,#1593,#839,.T.);
#1992=EDGE_CURVE('',#1593,#1591,#728,.T.);
#1993=EDGE_CURVE('',#1592,#1590,#729,.T.);
#1994=EDGE_CURVE('',#1594,#1595,#840,.T.);
#1995=EDGE_CURVE('',#1595,#1593,#730,.T.);
#1996=EDGE_CURVE('',#1594,#1592,#731,.T.);
#1997=EDGE_CURVE('',#1596,#1597,#841,.T.);
#1998=EDGE_CURVE('',#1598,#1596,#732,.T.);
#1999=EDGE_CURVE('',#1599,#1598,#589,.T.);
#2000=EDGE_CURVE('',#1599,#1597,#733,.T.);
#2001=EDGE_CURVE('',#1600,#1601,#842,.T.);
#2002=EDGE_CURVE('',#1601,#1602,#734,.T.);
#2003=EDGE_CURVE('',#1603,#1602,#590,.T.);
#2004=EDGE_CURVE('',#1600,#1603,#735,.T.);
#2005=EDGE_CURVE('',#1604,#1605,#843,.T.);
#2006=EDGE_CURVE('',#1605,#1601,#736,.T.);
#2007=EDGE_CURVE('',#1604,#1600,#737,.T.);
#2008=EDGE_CURVE('',#1606,#1607,#844,.T.);
#2009=EDGE_CURVE('',#1607,#1605,#738,.T.);
#2010=EDGE_CURVE('',#1606,#1604,#739,.T.);
#2011=EDGE_CURVE('',#1608,#1609,#845,.T.);
#2012=EDGE_CURVE('',#1609,#1607,#740,.T.);
#2013=EDGE_CURVE('',#1608,#1606,#741,.T.);
#2014=EDGE_CURVE('',#1610,#1611,#846,.T.);
#2015=EDGE_CURVE('',#1611,#1609,#742,.T.);
#2016=EDGE_CURVE('',#1610,#1608,#743,.T.);
#2017=EDGE_CURVE('',#1612,#1613,#847,.T.);
#2018=EDGE_CURVE('',#1613,#1611,#744,.T.);
#2019=EDGE_CURVE('',#1612,#1610,#745,.T.);
#2020=EDGE_CURVE('',#1614,#1615,#848,.T.);
#2021=EDGE_CURVE('',#1615,#1613,#746,.T.);
#2022=EDGE_CURVE('',#1614,#1612,#747,.T.);
#2023=EDGE_CURVE('',#1616,#1617,#849,.T.);
#2024=EDGE_CURVE('',#1618,#1616,#748,.T.);
#2025=EDGE_CURVE('',#1619,#1618,#591,.T.);
#2026=EDGE_CURVE('',#1619,#1617,#749,.T.);
#2027=EDGE_CURVE('',#1620,#1621,#850,.T.);
#2028=EDGE_CURVE('',#1621,#1620,#592,.F.);
#2029=EDGE_CURVE('',#1622,#1620,#851,.F.);
#2030=EDGE_CURVE('',#1622,#1623,#593,.T.);
#2031=EDGE_CURVE('',#1621,#1623,#852,.F.);
#2032=EDGE_CURVE('',#1624,#1625,#853,.F.);
#2033=EDGE_CURVE('',#1624,#1625,#594,.F.);
#2034=EDGE_CURVE('',#1626,#1624,#854,.F.);
#2035=EDGE_CURVE('',#1627,#1626,#595,.T.);
#2036=EDGE_CURVE('',#1625,#1627,#855,.F.);
#2037=EDGE_CURVE('',#1628,#1629,#856,.T.);
#2038=EDGE_CURVE('',#1628,#1629,#596,.T.);
#2039=EDGE_CURVE('',#1630,#1628,#857,.T.);
#2040=EDGE_CURVE('',#1631,#1630,#597,.F.);
#2041=EDGE_CURVE('',#1629,#1631,#858,.T.);
#2042=EDGE_CURVE('',#1632,#1633,#859,.T.);
#2043=EDGE_CURVE('',#1633,#1632,#598,.T.);
#2044=EDGE_CURVE('',#1634,#1632,#860,.T.);
#2045=EDGE_CURVE('',#1634,#1635,#599,.F.);
#2046=EDGE_CURVE('',#1633,#1635,#861,.T.);
#2047=EDGE_CURVE('',#1623,#1622,#862,.F.);
#2048=EDGE_CURVE('',#1627,#1626,#863,.T.);
#2049=EDGE_CURVE('',#1631,#1630,#864,.T.);
#2050=EDGE_CURVE('',#1635,#1634,#865,.T.);
#2051=EDGE_CURVE('',#1636,#1637,#866,.T.);
#2052=EDGE_CURVE('',#1638,#1637,#867,.T.);
#2053=EDGE_CURVE('',#1638,#1639,#868,.T.);
#2054=EDGE_CURVE('',#1640,#1639,#869,.T.);
#2055=EDGE_CURVE('',#1641,#1640,#870,.T.);
#2056=EDGE_CURVE('',#1642,#1641,#871,.T.);
#2057=EDGE_CURVE('',#1642,#1643,#872,.T.);
#2058=EDGE_CURVE('',#1644,#1643,#873,.T.);
#2059=EDGE_CURVE('',#1644,#1645,#874,.T.);
#2060=EDGE_CURVE('',#1645,#1646,#875,.T.);
#2061=EDGE_CURVE('',#1646,#1647,#876,.T.);
#2062=EDGE_CURVE('',#1648,#1647,#877,.T.);
#2063=EDGE_CURVE('',#1636,#1648,#878,.T.);
#2064=EDGE_CURVE('',#1649,#1650,#750,.T.);
#2065=EDGE_CURVE('',#1650,#1539,#751,.T.);
#2066=EDGE_CURVE('',#1538,#1559,#752,.T.);
#2067=EDGE_CURVE('',#1558,#1649,#753,.T.);
#2068=EDGE_CURVE('',#1651,#1499,#754,.T.);
#2069=EDGE_CURVE('',#1498,#1599,#755,.T.);
#2070=EDGE_CURVE('',#1598,#1652,#756,.T.);
#2071=EDGE_CURVE('',#1652,#1651,#757,.T.);
#2072=EDGE_CURVE('',#1653,#1654,#879,.T.);
#2073=EDGE_CURVE('',#1654,#1655,#880,.T.);
#2074=EDGE_CURVE('',#1655,#1656,#881,.T.);
#2075=EDGE_CURVE('',#1656,#1653,#882,.T.);
#2076=EDGE_CURVE('',#1618,#1519,#758,.T.);
#2077=EDGE_CURVE('',#1518,#1619,#759,.T.);
#2078=EDGE_CURVE('',#1578,#1479,#760,.T.);
#2079=EDGE_CURVE('',#1478,#1579,#761,.T.);
#2080=EDGE_CURVE('',#1657,#1658,#883,.T.);
#2081=EDGE_CURVE('',#1657,#1659,#884,.T.);
#2082=EDGE_CURVE('',#1660,#1659,#885,.T.);
#2083=EDGE_CURVE('',#1661,#1660,#886,.T.);
#2084=EDGE_CURVE('',#1662,#1661,#887,.T.);
#2085=EDGE_CURVE('',#1658,#1662,#888,.T.);
#2086=EDGE_CURVE('',#1662,#1647,#889,.T.);
#2087=EDGE_CURVE('',#1648,#1661,#890,.T.);
#2088=EDGE_CURVE('',#1660,#1636,#891,.T.);
#2089=EDGE_CURVE('',#1659,#1637,#892,.T.);
#2090=EDGE_CURVE('',#1663,#1658,#893,.T.);
#2091=EDGE_CURVE('',#1664,#1663,#894,.T.);
#2092=EDGE_CURVE('',#1657,#1664,#895,.T.);
#2093=EDGE_CURVE('',#1664,#1665,#896,.T.);
#2094=EDGE_CURVE('',#1665,#1642,#897,.T.);
#2095=EDGE_CURVE('',#1641,#1666,#600,.T.);
#2096=EDGE_CURVE('',#1666,#1667,#898,.T.);
#2097=EDGE_CURVE('',#1667,#1638,#601,.T.);
#2098=EDGE_CURVE('',#1647,#1668,#899,.T.);
#2099=EDGE_CURVE('',#1668,#1669,#900,.T.);
#2100=EDGE_CURVE('',#1669,#1670,#901,.T.);
#2101=EDGE_CURVE('',#1670,#1671,#902,.T.);
#2102=EDGE_CURVE('',#1672,#1671,#903,.T.);
#2103=EDGE_CURVE('',#1672,#1673,#904,.T.);
#2104=EDGE_CURVE('',#1644,#1673,#905,.T.);
#2105=EDGE_CURVE('',#1643,#1674,#906,.T.);
#2106=EDGE_CURVE('',#1674,#1663,#907,.T.);
#2107=EDGE_CURVE('',#1675,#1676,#908,.T.);
#2108=EDGE_CURVE('',#1676,#1677,#909,.T.);
#2109=EDGE_CURVE('',#1677,#1678,#910,.T.);
#2110=EDGE_CURVE('',#1678,#1675,#911,.T.);
#2111=EDGE_CURVE('',#1679,#1680,#912,.T.);
#2112=EDGE_CURVE('',#1681,#1679,#913,.T.);
#2113=EDGE_CURVE('',#1680,#1681,#914,.T.);
#2114=EDGE_CURVE('',#1682,#1681,#915,.T.);
#2115=EDGE_CURVE('',#1679,#1683,#916,.T.);
#2116=EDGE_CURVE('',#1683,#1682,#917,.T.);
#2117=EDGE_CURVE('',#1684,#1685,#918,.T.);
#2118=EDGE_CURVE('',#1686,#1684,#919,.T.);
#2119=EDGE_CURVE('',#1685,#1686,#920,.T.);
#2120=EDGE_CURVE('',#1687,#1688,#921,.T.);
#2121=EDGE_CURVE('',#1688,#1686,#922,.T.);
#2122=EDGE_CURVE('',#1684,#1687,#923,.T.);
#2123=EDGE_CURVE('',#1686,#1679,#924,.T.);
#2124=EDGE_CURVE('',#1680,#1685,#925,.T.);
#2125=EDGE_CURVE('',#1689,#1690,#926,.T.);
#2126=EDGE_CURVE('',#1691,#1689,#927,.T.);
#2127=EDGE_CURVE('',#1690,#1691,#928,.T.);
#2128=EDGE_CURVE('',#1689,#1680,#929,.T.);
#2129=EDGE_CURVE('',#1681,#1691,#930,.T.);
#2130=EDGE_CURVE('',#1678,#1690,#931,.T.);
#2131=EDGE_CURVE('',#1691,#1675,#932,.T.);
#2132=EDGE_CURVE('',#1692,#1693,#933,.T.);
#2133=EDGE_CURVE('',#1694,#1692,#934,.T.);
#2134=EDGE_CURVE('',#1693,#1694,#935,.T.);
#2135=EDGE_CURVE('',#1692,#1684,#936,.T.);
#2136=EDGE_CURVE('',#1685,#1694,#937,.T.);
#2137=EDGE_CURVE('',#1690,#1693,#938,.T.);
#2138=EDGE_CURVE('',#1694,#1689,#939,.T.);
#2139=EDGE_CURVE('',#1695,#1696,#940,.T.);
#2140=EDGE_CURVE('',#1696,#1692,#941,.T.);
#2141=EDGE_CURVE('',#1693,#1695,#942,.T.);
#2142=EDGE_CURVE('',#1683,#1697,#943,.T.);
#2143=EDGE_CURVE('',#1697,#1698,#944,.T.);
#2144=EDGE_CURVE('',#1698,#1682,#945,.T.);
#2145=EDGE_CURVE('',#1677,#1695,#946,.T.);
#2146=EDGE_CURVE('',#1682,#1675,#947,.T.);
#2147=EDGE_CURVE('',#1698,#1676,#948,.T.);
#2148=EDGE_CURVE('',#1699,#1700,#949,.T.);
#2149=EDGE_CURVE('',#1700,#1701,#950,.T.);
#2150=EDGE_CURVE('',#1701,#1702,#951,.T.);
#2151=EDGE_CURVE('',#1702,#1699,#952,.T.);
#2152=EDGE_CURVE('',#1703,#1703,#602,.T.);
#2153=EDGE_CURVE('',#1617,#1615,#762,.T.);
#2154=EDGE_CURVE('',#1616,#1614,#763,.T.);
#2155=EDGE_CURVE('',#1602,#1503,#764,.T.);
#2156=EDGE_CURVE('',#1514,#1516,#765,.T.);
#2157=EDGE_CURVE('',#1502,#1603,#766,.T.);
#2158=EDGE_CURVE('',#1517,#1515,#767,.T.);
#2159=EDGE_CURVE('',#1597,#1595,#768,.T.);
#2160=EDGE_CURVE('',#1596,#1594,#769,.T.);
#2161=EDGE_CURVE('',#1582,#1483,#770,.T.);
#2162=EDGE_CURVE('',#1494,#1496,#771,.T.);
#2163=EDGE_CURVE('',#1482,#1583,#772,.T.);
#2164=EDGE_CURVE('',#1497,#1495,#773,.T.);
#2165=EDGE_CURVE('',#1577,#1575,#774,.T.);
#2166=EDGE_CURVE('',#1576,#1574,#775,.T.);
#2167=EDGE_CURVE('',#1562,#1463,#776,.T.);
#2168=EDGE_CURVE('',#1474,#1476,#777,.T.);
#2169=EDGE_CURVE('',#1462,#1563,#778,.T.);
#2170=EDGE_CURVE('',#1477,#1475,#779,.T.);
#2171=EDGE_CURVE('',#1557,#1555,#780,.T.);
#2172=EDGE_CURVE('',#1556,#1554,#781,.T.);
#2173=EDGE_CURVE('',#1542,#1523,#782,.T.);
#2174=EDGE_CURVE('',#1534,#1536,#783,.T.);
#2175=EDGE_CURVE('',#1522,#1543,#784,.T.);
#2176=EDGE_CURVE('',#1537,#1535,#785,.T.);
#2177=EDGE_CURVE('',#1704,#1669,#953,.T.);
#2178=EDGE_CURVE('',#1705,#1704,#954,.T.);
#2179=EDGE_CURVE('',#1705,#1670,#955,.T.);
#2180=EDGE_CURVE('',#1672,#1706,#956,.T.);
#2181=EDGE_CURVE('',#1671,#1707,#957,.T.);
#2182=EDGE_CURVE('',#1706,#1707,#958,.T.);
#2183=EDGE_CURVE('',#1707,#1705,#603,.T.);
#2184=EDGE_CURVE('',#1708,#1709,#959,.T.);
#2185=EDGE_CURVE('',#1708,#1710,#960,.T.);
#2186=EDGE_CURVE('',#1710,#1711,#961,.T.);
#2187=EDGE_CURVE('',#1709,#1711,#962,.T.);
#2188=EDGE_CURVE('',#1712,#1708,#963,.T.);
#2189=EDGE_CURVE('',#1713,#1712,#964,.T.);
#2190=EDGE_CURVE('',#1713,#1710,#965,.T.);
#2191=EDGE_CURVE('',#1709,#1714,#966,.T.);
#2192=EDGE_CURVE('',#1711,#1715,#967,.T.);
#2193=EDGE_CURVE('',#1714,#1715,#968,.T.);
#2194=EDGE_CURVE('',#1716,#1713,#604,.T.);
#2195=EDGE_CURVE('',#1715,#1716,#605,.T.);
#2196=EDGE_CURVE('',#1717,#1718,#969,.T.);
#2197=EDGE_CURVE('',#1717,#1719,#970,.T.);
#2198=EDGE_CURVE('',#1719,#1720,#971,.T.);
#2199=EDGE_CURVE('',#1718,#1720,#972,.T.);
#2200=EDGE_CURVE('',#1721,#1717,#973,.T.);
#2201=EDGE_CURVE('',#1722,#1721,#974,.T.);
#2202=EDGE_CURVE('',#1722,#1719,#975,.T.);
#2203=EDGE_CURVE('',#1718,#1723,#976,.T.);
#2204=EDGE_CURVE('',#1720,#1724,#977,.T.);
#2205=EDGE_CURVE('',#1723,#1724,#978,.T.);
#2206=EDGE_CURVE('',#1724,#1722,#606,.T.);
#2207=EDGE_CURVE('',#1725,#1726,#979,.T.);
#2208=EDGE_CURVE('',#1727,#1725,#980,.T.);
#2209=EDGE_CURVE('',#1727,#1728,#981,.T.);
#2210=EDGE_CURVE('',#1726,#1728,#982,.T.);
#2211=EDGE_CURVE('',#1729,#1730,#983,.T.);
#2212=EDGE_CURVE('',#1729,#1731,#984,.T.);
#2213=EDGE_CURVE('',#1731,#1732,#985,.T.);
#2214=EDGE_CURVE('',#1730,#1732,#986,.T.);
#2215=EDGE_CURVE('',#1728,#1731,#987,.T.);
#2216=EDGE_CURVE('',#1732,#1727,#607,.T.);
#2217=EDGE_CURVE('',#1733,#1668,#988,.T.);
#2218=EDGE_CURVE('',#1729,#1733,#989,.T.);
#2219=EDGE_CURVE('',#1730,#1721,#608,.T.);
#2220=EDGE_CURVE('',#1723,#1704,#609,.T.);
#2221=EDGE_CURVE('',#1706,#1712,#610,.T.);
#2222=EDGE_CURVE('',#1714,#1725,#611,.T.);
#2223=EDGE_CURVE('',#1734,#1726,#990,.T.);
#2224=EDGE_CURVE('',#1673,#1734,#991,.T.);
#2225=EDGE_CURVE('',#1716,#1703,#992,.T.);
#2226=EDGE_CURVE('',#1639,#1735,#612,.T.);
#2227=EDGE_CURVE('',#1667,#1735,#993,.T.);
#2228=EDGE_CURVE('',#1735,#1736,#994,.T.);
#2229=EDGE_CURVE('',#1666,#1736,#995,.T.);
#2230=EDGE_CURVE('',#1736,#1640,#613,.T.);
#2231=EDGE_CURVE('',#1645,#1734,#996,.T.);
#2232=EDGE_CURVE('',#1646,#1733,#997,.T.);
#2233=EDGE_CURVE('',#1655,#1699,#998,.T.);
#2234=EDGE_CURVE('',#1654,#1700,#999,.T.);
#2235=EDGE_CURVE('',#1653,#1701,#1000,.T.);
#2236=EDGE_CURVE('',#1656,#1702,#1001,.T.);
#2237=EDGE_CURVE('',#1665,#1674,#1002,.T.);
#2238=EDGE_CURVE('',#1687,#1696,#1003,.T.);
#2239=EDGE_CURVE('',#1697,#1688,#1004,.T.);
#2240=EDGE_CURVE('',#1737,#1738,#1005,.T.);
#2241=EDGE_CURVE('',#1738,#1739,#1006,.T.);
#2242=EDGE_CURVE('',#1739,#1740,#1007,.T.);
#2243=EDGE_CURVE('',#1737,#1740,#1008,.T.);
#2244=EDGE_CURVE('',#1738,#1741,#1009,.T.);
#2245=EDGE_CURVE('',#1741,#1742,#1010,.T.);
#2246=EDGE_CURVE('',#1742,#1739,#1011,.T.);
#2247=EDGE_CURVE('',#1741,#1743,#1012,.T.);
#2248=EDGE_CURVE('',#1743,#1744,#1013,.T.);
#2249=EDGE_CURVE('',#1744,#1742,#1014,.T.);
#2250=EDGE_CURVE('',#1743,#1745,#1015,.T.);
#2251=EDGE_CURVE('',#1745,#1746,#1016,.T.);
#2252=EDGE_CURVE('',#1746,#1747,#1017,.T.);
#2253=EDGE_CURVE('',#1747,#1744,#1018,.T.);
#2254=EDGE_CURVE('',#1748,#1746,#1019,.T.);
#2255=EDGE_CURVE('',#1745,#1749,#1020,.T.);
#2256=EDGE_CURVE('',#1749,#1750,#1021,.T.);
#2257=EDGE_CURVE('',#1750,#1748,#1022,.T.);
#2258=EDGE_CURVE('',#1751,#1750,#1023,.T.);
#2259=EDGE_CURVE('',#1749,#1752,#1024,.T.);
#2260=EDGE_CURVE('',#1752,#1751,#1025,.T.);
#2261=EDGE_CURVE('',#1753,#1754,#1026,.T.);
#2262=EDGE_CURVE('',#1754,#1751,#1027,.T.);
#2263=EDGE_CURVE('',#1752,#1755,#1028,.T.);
#2264=EDGE_CURVE('',#1755,#1753,#1029,.T.);
#2265=EDGE_CURVE('',#1740,#1756,#1030,.T.);
#2266=EDGE_CURVE('',#1756,#1753,#1031,.T.);
#2267=EDGE_CURVE('',#1755,#1737,#1032,.T.);
#2268=EDGE_CURVE('',#1757,#1740,#1033,.T.);
#2269=EDGE_CURVE('',#1757,#1758,#1034,.T.);
#2270=EDGE_CURVE('',#1756,#1758,#1035,.T.);
#2271=EDGE_CURVE('',#1759,#1739,#1036,.T.);
#2272=EDGE_CURVE('',#1759,#1757,#1037,.T.);
#2273=EDGE_CURVE('',#1760,#1742,#1038,.T.);
#2274=EDGE_CURVE('',#1760,#1759,#1039,.T.);
#2275=EDGE_CURVE('',#1761,#1744,#1040,.T.);
#2276=EDGE_CURVE('',#1761,#1760,#1041,.T.);
#2277=EDGE_CURVE('',#1762,#1747,#1042,.T.);
#2278=EDGE_CURVE('',#1762,#1761,#1043,.T.);
#2279=EDGE_CURVE('',#1763,#1764,#614,.T.);
#2280=EDGE_CURVE('',#1763,#1765,#1044,.T.);
#2281=EDGE_CURVE('',#1766,#1765,#615,.T.);
#2282=EDGE_CURVE('',#1764,#1766,#1045,.T.);
#2283=EDGE_CURVE('',#1767,#1764,#1046,.T.);
#2284=EDGE_CURVE('',#1768,#1767,#1047,.T.);
#2285=EDGE_CURVE('',#1763,#1768,#1048,.T.);
#2286=EDGE_CURVE('',#1766,#1769,#1049,.T.);
#2287=EDGE_CURVE('',#1765,#1770,#1050,.T.);
#2288=EDGE_CURVE('',#1769,#1770,#1051,.T.);
#2289=EDGE_CURVE('',#1767,#1771,#1052,.T.);
#2290=EDGE_CURVE('',#1771,#1772,#1053,.T.);
#2291=EDGE_CURVE('',#1773,#1772,#1054,.T.);
#2292=EDGE_CURVE('',#1773,#1768,#1055,.T.);
#2293=EDGE_CURVE('',#1774,#1775,#616,.T.);
#2294=EDGE_CURVE('',#1776,#1775,#1056,.T.);
#2295=EDGE_CURVE('',#1776,#1777,#617,.T.);
#2296=EDGE_CURVE('',#1774,#1777,#1057,.T.);
#2297=EDGE_CURVE('',#1775,#1778,#1058,.T.);
#2298=EDGE_CURVE('',#1774,#1779,#1059,.T.);
#2299=EDGE_CURVE('',#1778,#1779,#1060,.T.);
#2300=EDGE_CURVE('',#1780,#1776,#1061,.T.);
#2301=EDGE_CURVE('',#1781,#1780,#1062,.T.);
#2302=EDGE_CURVE('',#1777,#1781,#1063,.T.);
#2303=EDGE_CURVE('',#1770,#1781,#1064,.T.);
#2304=EDGE_CURVE('',#1780,#1769,#1065,.T.);
#2305=EDGE_CURVE('',#1782,#1783,#618,.T.);
#2306=EDGE_CURVE('',#1784,#1783,#1066,.T.);
#2307=EDGE_CURVE('',#1784,#1785,#619,.T.);
#2308=EDGE_CURVE('',#1782,#1785,#1067,.T.);
#2309=EDGE_CURVE('',#1783,#1786,#1068,.T.);
#2310=EDGE_CURVE('',#1782,#1787,#1069,.T.);
#2311=EDGE_CURVE('',#1786,#1787,#1070,.T.);
#2312=EDGE_CURVE('',#1788,#1784,#1071,.T.);
#2313=EDGE_CURVE('',#1789,#1788,#1072,.T.);
#2314=EDGE_CURVE('',#1785,#1789,#1073,.T.);
#2315=EDGE_CURVE('',#1788,#1790,#1074,.T.);
#2316=EDGE_CURVE('',#1790,#1791,#1075,.T.);
#2317=EDGE_CURVE('',#1791,#1789,#1076,.T.);
#2318=EDGE_CURVE('',#1792,#1793,#620,.T.);
#2319=EDGE_CURVE('',#1792,#1794,#1077,.T.);
#2320=EDGE_CURVE('',#1795,#1794,#621,.T.);
#2321=EDGE_CURVE('',#1793,#1795,#1078,.T.);
#2322=EDGE_CURVE('',#1796,#1793,#1079,.T.);
#2323=EDGE_CURVE('',#1797,#1796,#1080,.T.);
#2324=EDGE_CURVE('',#1792,#1797,#1081,.T.);
#2325=EDGE_CURVE('',#1795,#1790,#1082,.T.);
#2326=EDGE_CURVE('',#1794,#1791,#1083,.T.);
#2327=EDGE_CURVE('',#1796,#1798,#1084,.T.);
#2328=EDGE_CURVE('',#1799,#1798,#1085,.T.);
#2329=EDGE_CURVE('',#1799,#1797,#1086,.T.);
#2330=EDGE_CURVE('',#1800,#1799,#1087,.T.);
#2331=EDGE_CURVE('',#1798,#1801,#1088,.T.);
#2332=EDGE_CURVE('',#1800,#1801,#1089,.T.);
#2333=EDGE_CURVE('',#1787,#1802,#1090,.T.);
#2334=EDGE_CURVE('',#1802,#1803,#1091,.T.);
#2335=EDGE_CURVE('',#1803,#1804,#1092,.T.);
#2336=EDGE_CURVE('',#1804,#1786,#1093,.T.);
#2337=EDGE_CURVE('',#1802,#1773,#1094,.T.);
#2338=EDGE_CURVE('',#1772,#1803,#1095,.T.);
#2339=EDGE_CURVE('',#1779,#1800,#1096,.T.);
#2340=EDGE_CURVE('',#1801,#1778,#1097,.T.);
#2341=EDGE_CURVE('',#1805,#1801,#1098,.T.);
#2342=EDGE_CURVE('',#1805,#1806,#1099,.T.);
#2343=EDGE_CURVE('',#1806,#1771,#1100,.F.);
#2344=EDGE_CURVE('',#1807,#1798,#1101,.T.);
#2345=EDGE_CURVE('',#1807,#1805,#1102,.T.);
#2346=EDGE_CURVE('',#1808,#1809,#1103,.T.);
#2347=EDGE_CURVE('',#1809,#1810,#1104,.T.);
#2348=EDGE_CURVE('',#1810,#1811,#1105,.F.);
#2349=EDGE_CURVE('',#1811,#1808,#1106,.T.);
#2350=EDGE_CURVE('',#1748,#1812,#1107,.T.);
#2351=EDGE_CURVE('',#1812,#1762,#1108,.T.);
#2352=EDGE_CURVE('',#1813,#1754,#1109,.T.);
#2353=EDGE_CURVE('',#1813,#1812,#1110,.F.);
#2354=EDGE_CURVE('',#1758,#1813,#1111,.T.);
#2355=EDGE_CURVE('',#1814,#1807,#1112,.T.);
#2356=EDGE_CURVE('',#1806,#1814,#1113,.T.);
#2357=EDGE_CURVE('',#1815,#1816,#1114,.T.);
#2358=EDGE_CURVE('',#1816,#1817,#1115,.T.);
#2359=EDGE_CURVE('',#1817,#1818,#1116,.T.);
#2360=EDGE_CURVE('',#1818,#1815,#1117,.T.);
#2361=EDGE_CURVE('',#1815,#1808,#1118,.T.);
#2362=EDGE_CURVE('',#1816,#1811,#1119,.F.);
#2363=EDGE_CURVE('',#1817,#1810,#1120,.T.);
#2364=EDGE_CURVE('',#1818,#1809,#1121,.T.);
#2365=EDGE_CURVE('',#1814,#1804,#1122,.T.);
#2366=ORIENTED_EDGE('',*,*,#1819,.T.);
#2367=ORIENTED_EDGE('',*,*,#1820,.T.);
#2368=ORIENTED_EDGE('',*,*,#1821,.T.);
#2369=ORIENTED_EDGE('',*,*,#1822,.T.);
#2370=ORIENTED_EDGE('',*,*,#1823,.T.);
#2371=ORIENTED_EDGE('',*,*,#1824,.T.);
#2372=ORIENTED_EDGE('',*,*,#1819,.F.);
#2373=ORIENTED_EDGE('',*,*,#1825,.T.);
#2374=ORIENTED_EDGE('',*,*,#1826,.T.);
#2375=ORIENTED_EDGE('',*,*,#1827,.T.);
#2376=ORIENTED_EDGE('',*,*,#1823,.F.);
#2377=ORIENTED_EDGE('',*,*,#1828,.T.);
#2378=ORIENTED_EDGE('',*,*,#1829,.T.);
#2379=ORIENTED_EDGE('',*,*,#1830,.T.);
#2380=ORIENTED_EDGE('',*,*,#1826,.F.);
#2381=ORIENTED_EDGE('',*,*,#1831,.T.);
#2382=ORIENTED_EDGE('',*,*,#1832,.T.);
#2383=ORIENTED_EDGE('',*,*,#1833,.T.);
#2384=ORIENTED_EDGE('',*,*,#1829,.F.);
#2385=ORIENTED_EDGE('',*,*,#1834,.T.);
#2386=ORIENTED_EDGE('',*,*,#1835,.T.);
#2387=ORIENTED_EDGE('',*,*,#1836,.T.);
#2388=ORIENTED_EDGE('',*,*,#1832,.F.);
#2389=ORIENTED_EDGE('',*,*,#1837,.T.);
#2390=ORIENTED_EDGE('',*,*,#1838,.T.);
#2391=ORIENTED_EDGE('',*,*,#1839,.T.);
#2392=ORIENTED_EDGE('',*,*,#1835,.F.);
#2393=ORIENTED_EDGE('',*,*,#1840,.T.);
#2394=ORIENTED_EDGE('',*,*,#1841,.F.);
#2395=ORIENTED_EDGE('',*,*,#1842,.T.);
#2396=ORIENTED_EDGE('',*,*,#1843,.F.);
#2397=ORIENTED_EDGE('',*,*,#1844,.T.);
#2398=ORIENTED_EDGE('',*,*,#1845,.T.);
#2399=ORIENTED_EDGE('',*,*,#1846,.T.);
#2400=ORIENTED_EDGE('',*,*,#1847,.T.);
#2401=ORIENTED_EDGE('',*,*,#1848,.T.);
#2402=ORIENTED_EDGE('',*,*,#1849,.T.);
#2403=ORIENTED_EDGE('',*,*,#1850,.T.);
#2404=ORIENTED_EDGE('',*,*,#1845,.F.);
#2405=ORIENTED_EDGE('',*,*,#1851,.T.);
#2406=ORIENTED_EDGE('',*,*,#1852,.T.);
#2407=ORIENTED_EDGE('',*,*,#1853,.T.);
#2408=ORIENTED_EDGE('',*,*,#1849,.F.);
#2409=ORIENTED_EDGE('',*,*,#1854,.T.);
#2410=ORIENTED_EDGE('',*,*,#1855,.T.);
#2411=ORIENTED_EDGE('',*,*,#1856,.T.);
#2412=ORIENTED_EDGE('',*,*,#1852,.F.);
#2413=ORIENTED_EDGE('',*,*,#1857,.T.);
#2414=ORIENTED_EDGE('',*,*,#1858,.T.);
#2415=ORIENTED_EDGE('',*,*,#1859,.T.);
#2416=ORIENTED_EDGE('',*,*,#1855,.F.);
#2417=ORIENTED_EDGE('',*,*,#1860,.T.);
#2418=ORIENTED_EDGE('',*,*,#1861,.T.);
#2419=ORIENTED_EDGE('',*,*,#1862,.T.);
#2420=ORIENTED_EDGE('',*,*,#1858,.F.);
#2421=ORIENTED_EDGE('',*,*,#1863,.T.);
#2422=ORIENTED_EDGE('',*,*,#1864,.T.);
#2423=ORIENTED_EDGE('',*,*,#1865,.T.);
#2424=ORIENTED_EDGE('',*,*,#1861,.F.);
#2425=ORIENTED_EDGE('',*,*,#1866,.T.);
#2426=ORIENTED_EDGE('',*,*,#1867,.F.);
#2427=ORIENTED_EDGE('',*,*,#1868,.T.);
#2428=ORIENTED_EDGE('',*,*,#1869,.F.);
#2429=ORIENTED_EDGE('',*,*,#1870,.T.);
#2430=ORIENTED_EDGE('',*,*,#1871,.T.);
#2431=ORIENTED_EDGE('',*,*,#1872,.T.);
#2432=ORIENTED_EDGE('',*,*,#1873,.T.);
#2433=ORIENTED_EDGE('',*,*,#1874,.T.);
#2434=ORIENTED_EDGE('',*,*,#1875,.T.);
#2435=ORIENTED_EDGE('',*,*,#1876,.T.);
#2436=ORIENTED_EDGE('',*,*,#1871,.F.);
#2437=ORIENTED_EDGE('',*,*,#1877,.T.);
#2438=ORIENTED_EDGE('',*,*,#1878,.T.);
#2439=ORIENTED_EDGE('',*,*,#1879,.T.);
#2440=ORIENTED_EDGE('',*,*,#1875,.F.);
#2441=ORIENTED_EDGE('',*,*,#1880,.T.);
#2442=ORIENTED_EDGE('',*,*,#1881,.T.);
#2443=ORIENTED_EDGE('',*,*,#1882,.T.);
#2444=ORIENTED_EDGE('',*,*,#1878,.F.);
#2445=ORIENTED_EDGE('',*,*,#1883,.T.);
#2446=ORIENTED_EDGE('',*,*,#1884,.T.);
#2447=ORIENTED_EDGE('',*,*,#1885,.T.);
#2448=ORIENTED_EDGE('',*,*,#1881,.F.);
#2449=ORIENTED_EDGE('',*,*,#1886,.T.);
#2450=ORIENTED_EDGE('',*,*,#1887,.T.);
#2451=ORIENTED_EDGE('',*,*,#1888,.T.);
#2452=ORIENTED_EDGE('',*,*,#1884,.F.);
#2453=ORIENTED_EDGE('',*,*,#1889,.T.);
#2454=ORIENTED_EDGE('',*,*,#1890,.T.);
#2455=ORIENTED_EDGE('',*,*,#1891,.T.);
#2456=ORIENTED_EDGE('',*,*,#1887,.F.);
#2457=ORIENTED_EDGE('',*,*,#1892,.T.);
#2458=ORIENTED_EDGE('',*,*,#1893,.F.);
#2459=ORIENTED_EDGE('',*,*,#1894,.T.);
#2460=ORIENTED_EDGE('',*,*,#1895,.F.);
#2461=ORIENTED_EDGE('',*,*,#1896,.T.);
#2462=ORIENTED_EDGE('',*,*,#1897,.T.);
#2463=ORIENTED_EDGE('',*,*,#1898,.T.);
#2464=ORIENTED_EDGE('',*,*,#1899,.T.);
#2465=ORIENTED_EDGE('',*,*,#1900,.T.);
#2466=ORIENTED_EDGE('',*,*,#1901,.T.);
#2467=ORIENTED_EDGE('',*,*,#1902,.T.);
#2468=ORIENTED_EDGE('',*,*,#1897,.F.);
#2469=ORIENTED_EDGE('',*,*,#1903,.T.);
#2470=ORIENTED_EDGE('',*,*,#1904,.T.);
#2471=ORIENTED_EDGE('',*,*,#1905,.T.);
#2472=ORIENTED_EDGE('',*,*,#1901,.F.);
#2473=ORIENTED_EDGE('',*,*,#1906,.T.);
#2474=ORIENTED_EDGE('',*,*,#1907,.T.);
#2475=ORIENTED_EDGE('',*,*,#1908,.T.);
#2476=ORIENTED_EDGE('',*,*,#1904,.F.);
#2477=ORIENTED_EDGE('',*,*,#1909,.T.);
#2478=ORIENTED_EDGE('',*,*,#1910,.T.);
#2479=ORIENTED_EDGE('',*,*,#1911,.T.);
#2480=ORIENTED_EDGE('',*,*,#1907,.F.);
#2481=ORIENTED_EDGE('',*,*,#1912,.T.);
#2482=ORIENTED_EDGE('',*,*,#1913,.T.);
#2483=ORIENTED_EDGE('',*,*,#1914,.T.);
#2484=ORIENTED_EDGE('',*,*,#1910,.F.);
#2485=ORIENTED_EDGE('',*,*,#1915,.T.);
#2486=ORIENTED_EDGE('',*,*,#1916,.T.);
#2487=ORIENTED_EDGE('',*,*,#1917,.T.);
#2488=ORIENTED_EDGE('',*,*,#1913,.F.);
#2489=ORIENTED_EDGE('',*,*,#1918,.T.);
#2490=ORIENTED_EDGE('',*,*,#1919,.F.);
#2491=ORIENTED_EDGE('',*,*,#1920,.T.);
#2492=ORIENTED_EDGE('',*,*,#1921,.F.);
#2493=ORIENTED_EDGE('',*,*,#1922,.T.);
#2494=ORIENTED_EDGE('',*,*,#1923,.T.);
#2495=ORIENTED_EDGE('',*,*,#1924,.T.);
#2496=ORIENTED_EDGE('',*,*,#1925,.F.);
#2497=ORIENTED_EDGE('',*,*,#1926,.F.);
#2498=ORIENTED_EDGE('',*,*,#1927,.T.);
#2499=ORIENTED_EDGE('',*,*,#1928,.T.);
#2500=ORIENTED_EDGE('',*,*,#1923,.F.);
#2501=ORIENTED_EDGE('',*,*,#1929,.F.);
#2502=ORIENTED_EDGE('',*,*,#1930,.T.);
#2503=ORIENTED_EDGE('',*,*,#1931,.T.);
#2504=ORIENTED_EDGE('',*,*,#1927,.F.);
#2505=ORIENTED_EDGE('',*,*,#1932,.F.);
#2506=ORIENTED_EDGE('',*,*,#1933,.T.);
#2507=ORIENTED_EDGE('',*,*,#1934,.T.);
#2508=ORIENTED_EDGE('',*,*,#1930,.F.);
#2509=ORIENTED_EDGE('',*,*,#1935,.F.);
#2510=ORIENTED_EDGE('',*,*,#1936,.T.);
#2511=ORIENTED_EDGE('',*,*,#1937,.T.);
#2512=ORIENTED_EDGE('',*,*,#1933,.F.);
#2513=ORIENTED_EDGE('',*,*,#1938,.F.);
#2514=ORIENTED_EDGE('',*,*,#1939,.T.);
#2515=ORIENTED_EDGE('',*,*,#1940,.T.);
#2516=ORIENTED_EDGE('',*,*,#1936,.F.);
#2517=ORIENTED_EDGE('',*,*,#1941,.F.);
#2518=ORIENTED_EDGE('',*,*,#1942,.T.);
#2519=ORIENTED_EDGE('',*,*,#1943,.T.);
#2520=ORIENTED_EDGE('',*,*,#1939,.F.);
#2521=ORIENTED_EDGE('',*,*,#1944,.F.);
#2522=ORIENTED_EDGE('',*,*,#1945,.F.);
#2523=ORIENTED_EDGE('',*,*,#1946,.F.);
#2524=ORIENTED_EDGE('',*,*,#1947,.F.);
#2525=ORIENTED_EDGE('',*,*,#1948,.T.);
#2526=ORIENTED_EDGE('',*,*,#1949,.T.);
#2527=ORIENTED_EDGE('',*,*,#1950,.T.);
#2528=ORIENTED_EDGE('',*,*,#1951,.F.);
#2529=ORIENTED_EDGE('',*,*,#1952,.F.);
#2530=ORIENTED_EDGE('',*,*,#1953,.T.);
#2531=ORIENTED_EDGE('',*,*,#1954,.T.);
#2532=ORIENTED_EDGE('',*,*,#1949,.F.);
#2533=ORIENTED_EDGE('',*,*,#1955,.F.);
#2534=ORIENTED_EDGE('',*,*,#1956,.T.);
#2535=ORIENTED_EDGE('',*,*,#1957,.T.);
#2536=ORIENTED_EDGE('',*,*,#1953,.F.);
#2537=ORIENTED_EDGE('',*,*,#1958,.F.);
#2538=ORIENTED_EDGE('',*,*,#1959,.T.);
#2539=ORIENTED_EDGE('',*,*,#1960,.T.);
#2540=ORIENTED_EDGE('',*,*,#1956,.F.);
#2541=ORIENTED_EDGE('',*,*,#1961,.F.);
#2542=ORIENTED_EDGE('',*,*,#1962,.T.);
#2543=ORIENTED_EDGE('',*,*,#1963,.T.);
#2544=ORIENTED_EDGE('',*,*,#1959,.F.);
#2545=ORIENTED_EDGE('',*,*,#1964,.F.);
#2546=ORIENTED_EDGE('',*,*,#1965,.T.);
#2547=ORIENTED_EDGE('',*,*,#1966,.T.);
#2548=ORIENTED_EDGE('',*,*,#1962,.F.);
#2549=ORIENTED_EDGE('',*,*,#1967,.F.);
#2550=ORIENTED_EDGE('',*,*,#1968,.T.);
#2551=ORIENTED_EDGE('',*,*,#1969,.T.);
#2552=ORIENTED_EDGE('',*,*,#1965,.F.);
#2553=ORIENTED_EDGE('',*,*,#1970,.F.);
#2554=ORIENTED_EDGE('',*,*,#1971,.F.);
#2555=ORIENTED_EDGE('',*,*,#1972,.F.);
#2556=ORIENTED_EDGE('',*,*,#1973,.F.);
#2557=ORIENTED_EDGE('',*,*,#1974,.T.);
#2558=ORIENTED_EDGE('',*,*,#1975,.T.);
#2559=ORIENTED_EDGE('',*,*,#1976,.T.);
#2560=ORIENTED_EDGE('',*,*,#1977,.F.);
#2561=ORIENTED_EDGE('',*,*,#1978,.F.);
#2562=ORIENTED_EDGE('',*,*,#1979,.T.);
#2563=ORIENTED_EDGE('',*,*,#1980,.T.);
#2564=ORIENTED_EDGE('',*,*,#1975,.F.);
#2565=ORIENTED_EDGE('',*,*,#1981,.F.);
#2566=ORIENTED_EDGE('',*,*,#1982,.T.);
#2567=ORIENTED_EDGE('',*,*,#1983,.T.);
#2568=ORIENTED_EDGE('',*,*,#1979,.F.);
#2569=ORIENTED_EDGE('',*,*,#1984,.F.);
#2570=ORIENTED_EDGE('',*,*,#1985,.T.);
#2571=ORIENTED_EDGE('',*,*,#1986,.T.);
#2572=ORIENTED_EDGE('',*,*,#1982,.F.);
#2573=ORIENTED_EDGE('',*,*,#1987,.F.);
#2574=ORIENTED_EDGE('',*,*,#1988,.T.);
#2575=ORIENTED_EDGE('',*,*,#1989,.T.);
#2576=ORIENTED_EDGE('',*,*,#1985,.F.);
#2577=ORIENTED_EDGE('',*,*,#1990,.F.);
#2578=ORIENTED_EDGE('',*,*,#1991,.T.);
#2579=ORIENTED_EDGE('',*,*,#1992,.T.);
#2580=ORIENTED_EDGE('',*,*,#1988,.F.);
#2581=ORIENTED_EDGE('',*,*,#1993,.F.);
#2582=ORIENTED_EDGE('',*,*,#1994,.T.);
#2583=ORIENTED_EDGE('',*,*,#1995,.T.);
#2584=ORIENTED_EDGE('',*,*,#1991,.F.);
#2585=ORIENTED_EDGE('',*,*,#1996,.F.);
#2586=ORIENTED_EDGE('',*,*,#1997,.F.);
#2587=ORIENTED_EDGE('',*,*,#1998,.F.);
#2588=ORIENTED_EDGE('',*,*,#1999,.F.);
#2589=ORIENTED_EDGE('',*,*,#2000,.T.);
#2590=ORIENTED_EDGE('',*,*,#2001,.T.);
#2591=ORIENTED_EDGE('',*,*,#2002,.T.);
#2592=ORIENTED_EDGE('',*,*,#2003,.F.);
#2593=ORIENTED_EDGE('',*,*,#2004,.F.);
#2594=ORIENTED_EDGE('',*,*,#2005,.T.);
#2595=ORIENTED_EDGE('',*,*,#2006,.T.);
#2596=ORIENTED_EDGE('',*,*,#2001,.F.);
#2597=ORIENTED_EDGE('',*,*,#2007,.F.);
#2598=ORIENTED_EDGE('',*,*,#2008,.T.);
#2599=ORIENTED_EDGE('',*,*,#2009,.T.);
#2600=ORIENTED_EDGE('',*,*,#2005,.F.);
#2601=ORIENTED_EDGE('',*,*,#2010,.F.);
#2602=ORIENTED_EDGE('',*,*,#2011,.T.);
#2603=ORIENTED_EDGE('',*,*,#2012,.T.);
#2604=ORIENTED_EDGE('',*,*,#2008,.F.);
#2605=ORIENTED_EDGE('',*,*,#2013,.F.);
#2606=ORIENTED_EDGE('',*,*,#2014,.T.);
#2607=ORIENTED_EDGE('',*,*,#2015,.T.);
#2608=ORIENTED_EDGE('',*,*,#2011,.F.);
#2609=ORIENTED_EDGE('',*,*,#2016,.F.);
#2610=ORIENTED_EDGE('',*,*,#2017,.T.);
#2611=ORIENTED_EDGE('',*,*,#2018,.T.);
#2612=ORIENTED_EDGE('',*,*,#2014,.F.);
#2613=ORIENTED_EDGE('',*,*,#2019,.F.);
#2614=ORIENTED_EDGE('',*,*,#2020,.T.);
#2615=ORIENTED_EDGE('',*,*,#2021,.T.);
#2616=ORIENTED_EDGE('',*,*,#2017,.F.);
#2617=ORIENTED_EDGE('',*,*,#2022,.F.);
#2618=ORIENTED_EDGE('',*,*,#2023,.F.);
#2619=ORIENTED_EDGE('',*,*,#2024,.F.);
#2620=ORIENTED_EDGE('',*,*,#2025,.F.);
#2621=ORIENTED_EDGE('',*,*,#2026,.T.);
#2622=ORIENTED_EDGE('',*,*,#2027,.F.);
#2623=ORIENTED_EDGE('',*,*,#2028,.F.);
#2624=ORIENTED_EDGE('',*,*,#2029,.F.);
#2625=ORIENTED_EDGE('',*,*,#2030,.T.);
#2626=ORIENTED_EDGE('',*,*,#2031,.F.);
#2627=ORIENTED_EDGE('',*,*,#2028,.T.);
#2628=ORIENTED_EDGE('',*,*,#2032,.F.);
#2629=ORIENTED_EDGE('',*,*,#2033,.T.);
#2630=ORIENTED_EDGE('',*,*,#2034,.F.);
#2631=ORIENTED_EDGE('',*,*,#2035,.F.);
#2632=ORIENTED_EDGE('',*,*,#2036,.F.);
#2633=ORIENTED_EDGE('',*,*,#2033,.F.);
#2634=ORIENTED_EDGE('',*,*,#2037,.F.);
#2635=ORIENTED_EDGE('',*,*,#2038,.T.);
#2636=ORIENTED_EDGE('',*,*,#2039,.F.);
#2637=ORIENTED_EDGE('',*,*,#2040,.F.);
#2638=ORIENTED_EDGE('',*,*,#2041,.F.);
#2639=ORIENTED_EDGE('',*,*,#2038,.F.);
#2640=ORIENTED_EDGE('',*,*,#2042,.F.);
#2641=ORIENTED_EDGE('',*,*,#2043,.F.);
#2642=ORIENTED_EDGE('',*,*,#2044,.F.);
#2643=ORIENTED_EDGE('',*,*,#2045,.T.);
#2644=ORIENTED_EDGE('',*,*,#2046,.F.);
#2645=ORIENTED_EDGE('',*,*,#2043,.T.);
#2646=ORIENTED_EDGE('',*,*,#2047,.F.);
#2647=ORIENTED_EDGE('',*,*,#2030,.F.);
#2648=ORIENTED_EDGE('',*,*,#2048,.F.);
#2649=ORIENTED_EDGE('',*,*,#2035,.T.);
#2650=ORIENTED_EDGE('',*,*,#2049,.F.);
#2651=ORIENTED_EDGE('',*,*,#2040,.T.);
#2652=ORIENTED_EDGE('',*,*,#2050,.F.);
#2653=ORIENTED_EDGE('',*,*,#2045,.F.);
#2654=ORIENTED_EDGE('',*,*,#2051,.T.);
#2655=ORIENTED_EDGE('',*,*,#2052,.F.);
#2656=ORIENTED_EDGE('',*,*,#2053,.T.);
#2657=ORIENTED_EDGE('',*,*,#2054,.F.);
#2658=ORIENTED_EDGE('',*,*,#2055,.F.);
#2659=ORIENTED_EDGE('',*,*,#2056,.F.);
#2660=ORIENTED_EDGE('',*,*,#2057,.T.);
#2661=ORIENTED_EDGE('',*,*,#2058,.F.);
#2662=ORIENTED_EDGE('',*,*,#2059,.T.);
#2663=ORIENTED_EDGE('',*,*,#2060,.T.);
#2664=ORIENTED_EDGE('',*,*,#2061,.T.);
#2665=ORIENTED_EDGE('',*,*,#2062,.F.);
#2666=ORIENTED_EDGE('',*,*,#2063,.F.);
#2667=ORIENTED_EDGE('',*,*,#2064,.T.);
#2668=ORIENTED_EDGE('',*,*,#2065,.T.);
#2669=ORIENTED_EDGE('',*,*,#1921,.T.);
#2670=ORIENTED_EDGE('',*,*,#2066,.T.);
#2671=ORIENTED_EDGE('',*,*,#1947,.T.);
#2672=ORIENTED_EDGE('',*,*,#2067,.T.);
#2673=ORIENTED_EDGE('',*,*,#2068,.T.);
#2674=ORIENTED_EDGE('',*,*,#1869,.T.);
#2675=ORIENTED_EDGE('',*,*,#2069,.T.);
#2676=ORIENTED_EDGE('',*,*,#1999,.T.);
#2677=ORIENTED_EDGE('',*,*,#2070,.T.);
#2678=ORIENTED_EDGE('',*,*,#2071,.T.);
#2679=ORIENTED_EDGE('',*,*,#2072,.T.);
#2680=ORIENTED_EDGE('',*,*,#2073,.T.);
#2681=ORIENTED_EDGE('',*,*,#2074,.T.);
#2682=ORIENTED_EDGE('',*,*,#2075,.T.);
#2683=ORIENTED_EDGE('',*,*,#2076,.T.);
#2684=ORIENTED_EDGE('',*,*,#1895,.T.);
#2685=ORIENTED_EDGE('',*,*,#2077,.T.);
#2686=ORIENTED_EDGE('',*,*,#2025,.T.);
#2687=ORIENTED_EDGE('',*,*,#2078,.T.);
#2688=ORIENTED_EDGE('',*,*,#1843,.T.);
#2689=ORIENTED_EDGE('',*,*,#2079,.T.);
#2690=ORIENTED_EDGE('',*,*,#1973,.T.);
#2691=ORIENTED_EDGE('',*,*,#2080,.F.);
#2692=ORIENTED_EDGE('',*,*,#2081,.T.);
#2693=ORIENTED_EDGE('',*,*,#2082,.F.);
#2694=ORIENTED_EDGE('',*,*,#2083,.F.);
#2695=ORIENTED_EDGE('',*,*,#2084,.F.);
#2696=ORIENTED_EDGE('',*,*,#2085,.F.);
#2697=ORIENTED_EDGE('',*,*,#2086,.F.);
#2698=ORIENTED_EDGE('',*,*,#2084,.T.);
#2699=ORIENTED_EDGE('',*,*,#2087,.F.);
#2700=ORIENTED_EDGE('',*,*,#2062,.T.);
#2701=ORIENTED_EDGE('',*,*,#2051,.F.);
#2702=ORIENTED_EDGE('',*,*,#2088,.F.);
#2703=ORIENTED_EDGE('',*,*,#2082,.T.);
#2704=ORIENTED_EDGE('',*,*,#2089,.T.);
#2705=ORIENTED_EDGE('',*,*,#2080,.T.);
#2706=ORIENTED_EDGE('',*,*,#2090,.F.);
#2707=ORIENTED_EDGE('',*,*,#2091,.F.);
#2708=ORIENTED_EDGE('',*,*,#2092,.F.);
#2709=ORIENTED_EDGE('',*,*,#2089,.F.);
#2710=ORIENTED_EDGE('',*,*,#2081,.F.);
#2711=ORIENTED_EDGE('',*,*,#2092,.T.);
#2712=ORIENTED_EDGE('',*,*,#2093,.T.);
#2713=ORIENTED_EDGE('',*,*,#2094,.T.);
#2714=ORIENTED_EDGE('',*,*,#2056,.T.);
#2715=ORIENTED_EDGE('',*,*,#2095,.T.);
#2716=ORIENTED_EDGE('',*,*,#2096,.T.);
#2717=ORIENTED_EDGE('',*,*,#2097,.T.);
#2718=ORIENTED_EDGE('',*,*,#2052,.T.);
#2719=ORIENTED_EDGE('',*,*,#2041,.T.);
#2720=ORIENTED_EDGE('',*,*,#2049,.T.);
#2721=ORIENTED_EDGE('',*,*,#2039,.T.);
#2722=ORIENTED_EDGE('',*,*,#2037,.T.);
#2723=ORIENTED_EDGE('',*,*,#2046,.T.);
#2724=ORIENTED_EDGE('',*,*,#2050,.T.);
#2725=ORIENTED_EDGE('',*,*,#2044,.T.);
#2726=ORIENTED_EDGE('',*,*,#2042,.T.);
#2727=ORIENTED_EDGE('',*,*,#2085,.T.);
#2728=ORIENTED_EDGE('',*,*,#2086,.T.);
#2729=ORIENTED_EDGE('',*,*,#2098,.T.);
#2730=ORIENTED_EDGE('',*,*,#2099,.T.);
#2731=ORIENTED_EDGE('',*,*,#2100,.T.);
#2732=ORIENTED_EDGE('',*,*,#2101,.T.);
#2733=ORIENTED_EDGE('',*,*,#2102,.F.);
#2734=ORIENTED_EDGE('',*,*,#2103,.T.);
#2735=ORIENTED_EDGE('',*,*,#2104,.F.);
#2736=ORIENTED_EDGE('',*,*,#2058,.T.);
#2737=ORIENTED_EDGE('',*,*,#2105,.T.);
#2738=ORIENTED_EDGE('',*,*,#2106,.T.);
#2739=ORIENTED_EDGE('',*,*,#2090,.T.);
#2740=ORIENTED_EDGE('',*,*,#2031,.T.);
#2741=ORIENTED_EDGE('',*,*,#2047,.T.);
#2742=ORIENTED_EDGE('',*,*,#2029,.T.);
#2743=ORIENTED_EDGE('',*,*,#2027,.T.);
#2744=ORIENTED_EDGE('',*,*,#2036,.T.);
#2745=ORIENTED_EDGE('',*,*,#2048,.T.);
#2746=ORIENTED_EDGE('',*,*,#2034,.T.);
#2747=ORIENTED_EDGE('',*,*,#2032,.T.);
#2748=ORIENTED_EDGE('',*,*,#2107,.T.);
#2749=ORIENTED_EDGE('',*,*,#2108,.T.);
#2750=ORIENTED_EDGE('',*,*,#2109,.T.);
#2751=ORIENTED_EDGE('',*,*,#2110,.T.);
#2752=ORIENTED_EDGE('',*,*,#2111,.F.);
#2753=ORIENTED_EDGE('',*,*,#2112,.F.);
#2754=ORIENTED_EDGE('',*,*,#2113,.F.);
#2755=ORIENTED_EDGE('',*,*,#2114,.T.);
#2756=ORIENTED_EDGE('',*,*,#2112,.T.);
#2757=ORIENTED_EDGE('',*,*,#2115,.T.);
#2758=ORIENTED_EDGE('',*,*,#2116,.T.);
#2759=ORIENTED_EDGE('',*,*,#2117,.F.);
#2760=ORIENTED_EDGE('',*,*,#2118,.F.);
#2761=ORIENTED_EDGE('',*,*,#2119,.F.);
#2762=ORIENTED_EDGE('',*,*,#2120,.T.);
#2763=ORIENTED_EDGE('',*,*,#2121,.T.);
#2764=ORIENTED_EDGE('',*,*,#2118,.T.);
#2765=ORIENTED_EDGE('',*,*,#2122,.T.);
#2766=ORIENTED_EDGE('',*,*,#2119,.T.);
#2767=ORIENTED_EDGE('',*,*,#2123,.T.);
#2768=ORIENTED_EDGE('',*,*,#2111,.T.);
#2769=ORIENTED_EDGE('',*,*,#2124,.T.);
#2770=ORIENTED_EDGE('',*,*,#2125,.F.);
#2771=ORIENTED_EDGE('',*,*,#2126,.F.);
#2772=ORIENTED_EDGE('',*,*,#2127,.F.);
#2773=ORIENTED_EDGE('',*,*,#2126,.T.);
#2774=ORIENTED_EDGE('',*,*,#2128,.T.);
#2775=ORIENTED_EDGE('',*,*,#2113,.T.);
#2776=ORIENTED_EDGE('',*,*,#2129,.T.);
#2777=ORIENTED_EDGE('',*,*,#2130,.T.);
#2778=ORIENTED_EDGE('',*,*,#2127,.T.);
#2779=ORIENTED_EDGE('',*,*,#2131,.T.);
#2780=ORIENTED_EDGE('',*,*,#2110,.F.);
#2781=ORIENTED_EDGE('',*,*,#2132,.F.);
#2782=ORIENTED_EDGE('',*,*,#2133,.F.);
#2783=ORIENTED_EDGE('',*,*,#2134,.F.);
#2784=ORIENTED_EDGE('',*,*,#2133,.T.);
#2785=ORIENTED_EDGE('',*,*,#2135,.T.);
#2786=ORIENTED_EDGE('',*,*,#2117,.T.);
#2787=ORIENTED_EDGE('',*,*,#2136,.T.);
#2788=ORIENTED_EDGE('',*,*,#2125,.T.);
#2789=ORIENTED_EDGE('',*,*,#2137,.T.);
#2790=ORIENTED_EDGE('',*,*,#2134,.T.);
#2791=ORIENTED_EDGE('',*,*,#2138,.T.);
#2792=ORIENTED_EDGE('',*,*,#2139,.T.);
#2793=ORIENTED_EDGE('',*,*,#2140,.T.);
#2794=ORIENTED_EDGE('',*,*,#2132,.T.);
#2795=ORIENTED_EDGE('',*,*,#2141,.T.);
#2796=ORIENTED_EDGE('',*,*,#2142,.T.);
#2797=ORIENTED_EDGE('',*,*,#2143,.T.);
#2798=ORIENTED_EDGE('',*,*,#2144,.T.);
#2799=ORIENTED_EDGE('',*,*,#2116,.F.);
#2800=ORIENTED_EDGE('',*,*,#2141,.F.);
#2801=ORIENTED_EDGE('',*,*,#2137,.F.);
#2802=ORIENTED_EDGE('',*,*,#2130,.F.);
#2803=ORIENTED_EDGE('',*,*,#2109,.F.);
#2804=ORIENTED_EDGE('',*,*,#2145,.T.);
#2805=ORIENTED_EDGE('',*,*,#2083,.T.);
#2806=ORIENTED_EDGE('',*,*,#2088,.T.);
#2807=ORIENTED_EDGE('',*,*,#2063,.T.);
#2808=ORIENTED_EDGE('',*,*,#2087,.T.);
#2809=ORIENTED_EDGE('',*,*,#2131,.F.);
#2810=ORIENTED_EDGE('',*,*,#2129,.F.);
#2811=ORIENTED_EDGE('',*,*,#2114,.F.);
#2812=ORIENTED_EDGE('',*,*,#2146,.T.);
#2813=ORIENTED_EDGE('',*,*,#2107,.F.);
#2814=ORIENTED_EDGE('',*,*,#2146,.F.);
#2815=ORIENTED_EDGE('',*,*,#2144,.F.);
#2816=ORIENTED_EDGE('',*,*,#2147,.T.);
#2817=ORIENTED_EDGE('',*,*,#2124,.F.);
#2818=ORIENTED_EDGE('',*,*,#2128,.F.);
#2819=ORIENTED_EDGE('',*,*,#2138,.F.);
#2820=ORIENTED_EDGE('',*,*,#2136,.F.);
#2821=ORIENTED_EDGE('',*,*,#2148,.T.);
#2822=ORIENTED_EDGE('',*,*,#2149,.T.);
#2823=ORIENTED_EDGE('',*,*,#2150,.T.);
#2824=ORIENTED_EDGE('',*,*,#2151,.T.);
#2825=ORIENTED_EDGE('',*,*,#2152,.T.);
#2826=ORIENTED_EDGE('',*,*,#2023,.T.);
#2827=ORIENTED_EDGE('',*,*,#2153,.T.);
#2828=ORIENTED_EDGE('',*,*,#2020,.F.);
#2829=ORIENTED_EDGE('',*,*,#2154,.F.);
#2830=ORIENTED_EDGE('',*,*,#2155,.F.);
#2831=ORIENTED_EDGE('',*,*,#2002,.F.);
#2832=ORIENTED_EDGE('',*,*,#2006,.F.);
#2833=ORIENTED_EDGE('',*,*,#2009,.F.);
#2834=ORIENTED_EDGE('',*,*,#2012,.F.);
#2835=ORIENTED_EDGE('',*,*,#2015,.F.);
#2836=ORIENTED_EDGE('',*,*,#2018,.F.);
#2837=ORIENTED_EDGE('',*,*,#2021,.F.);
#2838=ORIENTED_EDGE('',*,*,#2153,.F.);
#2839=ORIENTED_EDGE('',*,*,#2026,.F.);
#2840=ORIENTED_EDGE('',*,*,#2077,.F.);
#2841=ORIENTED_EDGE('',*,*,#1894,.F.);
#2842=ORIENTED_EDGE('',*,*,#2156,.F.);
#2843=ORIENTED_EDGE('',*,*,#1892,.F.);
#2844=ORIENTED_EDGE('',*,*,#1889,.F.);
#2845=ORIENTED_EDGE('',*,*,#1886,.F.);
#2846=ORIENTED_EDGE('',*,*,#1883,.F.);
#2847=ORIENTED_EDGE('',*,*,#1880,.F.);
#2848=ORIENTED_EDGE('',*,*,#1877,.F.);
#2849=ORIENTED_EDGE('',*,*,#1874,.F.);
#2850=ORIENTED_EDGE('',*,*,#2157,.F.);
#2851=ORIENTED_EDGE('',*,*,#1872,.F.);
#2852=ORIENTED_EDGE('',*,*,#1876,.F.);
#2853=ORIENTED_EDGE('',*,*,#1879,.F.);
#2854=ORIENTED_EDGE('',*,*,#1882,.F.);
#2855=ORIENTED_EDGE('',*,*,#1885,.F.);
#2856=ORIENTED_EDGE('',*,*,#1888,.F.);
#2857=ORIENTED_EDGE('',*,*,#1891,.F.);
#2858=ORIENTED_EDGE('',*,*,#2158,.F.);
#2859=ORIENTED_EDGE('',*,*,#1896,.F.);
#2860=ORIENTED_EDGE('',*,*,#2076,.F.);
#2861=ORIENTED_EDGE('',*,*,#2024,.T.);
#2862=ORIENTED_EDGE('',*,*,#2154,.T.);
#2863=ORIENTED_EDGE('',*,*,#2022,.T.);
#2864=ORIENTED_EDGE('',*,*,#2019,.T.);
#2865=ORIENTED_EDGE('',*,*,#2016,.T.);
#2866=ORIENTED_EDGE('',*,*,#2013,.T.);
#2867=ORIENTED_EDGE('',*,*,#2010,.T.);
#2868=ORIENTED_EDGE('',*,*,#2007,.T.);
#2869=ORIENTED_EDGE('',*,*,#2004,.T.);
#2870=ORIENTED_EDGE('',*,*,#1997,.T.);
#2871=ORIENTED_EDGE('',*,*,#2159,.T.);
#2872=ORIENTED_EDGE('',*,*,#1994,.F.);
#2873=ORIENTED_EDGE('',*,*,#2160,.F.);
#2874=ORIENTED_EDGE('',*,*,#2161,.F.);
#2875=ORIENTED_EDGE('',*,*,#1976,.F.);
#2876=ORIENTED_EDGE('',*,*,#1980,.F.);
#2877=ORIENTED_EDGE('',*,*,#1983,.F.);
#2878=ORIENTED_EDGE('',*,*,#1986,.F.);
#2879=ORIENTED_EDGE('',*,*,#1989,.F.);
#2880=ORIENTED_EDGE('',*,*,#1992,.F.);
#2881=ORIENTED_EDGE('',*,*,#1995,.F.);
#2882=ORIENTED_EDGE('',*,*,#2159,.F.);
#2883=ORIENTED_EDGE('',*,*,#2000,.F.);
#2884=ORIENTED_EDGE('',*,*,#2069,.F.);
#2885=ORIENTED_EDGE('',*,*,#1868,.F.);
#2886=ORIENTED_EDGE('',*,*,#2162,.F.);
#2887=ORIENTED_EDGE('',*,*,#1866,.F.);
#2888=ORIENTED_EDGE('',*,*,#1863,.F.);
#2889=ORIENTED_EDGE('',*,*,#1860,.F.);
#2890=ORIENTED_EDGE('',*,*,#1857,.F.);
#2891=ORIENTED_EDGE('',*,*,#1854,.F.);
#2892=ORIENTED_EDGE('',*,*,#1851,.F.);
#2893=ORIENTED_EDGE('',*,*,#1848,.F.);
#2894=ORIENTED_EDGE('',*,*,#2163,.F.);
#2895=ORIENTED_EDGE('',*,*,#1846,.F.);
#2896=ORIENTED_EDGE('',*,*,#1850,.F.);
#2897=ORIENTED_EDGE('',*,*,#1853,.F.);
#2898=ORIENTED_EDGE('',*,*,#1856,.F.);
#2899=ORIENTED_EDGE('',*,*,#1859,.F.);
#2900=ORIENTED_EDGE('',*,*,#1862,.F.);
#2901=ORIENTED_EDGE('',*,*,#1865,.F.);
#2902=ORIENTED_EDGE('',*,*,#2164,.F.);
#2903=ORIENTED_EDGE('',*,*,#1870,.F.);
#2904=ORIENTED_EDGE('',*,*,#2068,.F.);
#2905=ORIENTED_EDGE('',*,*,#2071,.F.);
#2906=ORIENTED_EDGE('',*,*,#2070,.F.);
#2907=ORIENTED_EDGE('',*,*,#1998,.T.);
#2908=ORIENTED_EDGE('',*,*,#2160,.T.);
#2909=ORIENTED_EDGE('',*,*,#1996,.T.);
#2910=ORIENTED_EDGE('',*,*,#1993,.T.);
#2911=ORIENTED_EDGE('',*,*,#1990,.T.);
#2912=ORIENTED_EDGE('',*,*,#1987,.T.);
#2913=ORIENTED_EDGE('',*,*,#1984,.T.);
#2914=ORIENTED_EDGE('',*,*,#1981,.T.);
#2915=ORIENTED_EDGE('',*,*,#1978,.T.);
#2916=ORIENTED_EDGE('',*,*,#1971,.T.);
#2917=ORIENTED_EDGE('',*,*,#2165,.T.);
#2918=ORIENTED_EDGE('',*,*,#1968,.F.);
#2919=ORIENTED_EDGE('',*,*,#2166,.F.);
#2920=ORIENTED_EDGE('',*,*,#2167,.F.);
#2921=ORIENTED_EDGE('',*,*,#1950,.F.);
#2922=ORIENTED_EDGE('',*,*,#1954,.F.);
#2923=ORIENTED_EDGE('',*,*,#1957,.F.);
#2924=ORIENTED_EDGE('',*,*,#1960,.F.);
#2925=ORIENTED_EDGE('',*,*,#1963,.F.);
#2926=ORIENTED_EDGE('',*,*,#1966,.F.);
#2927=ORIENTED_EDGE('',*,*,#1969,.F.);
#2928=ORIENTED_EDGE('',*,*,#2165,.F.);
#2929=ORIENTED_EDGE('',*,*,#1974,.F.);
#2930=ORIENTED_EDGE('',*,*,#2079,.F.);
#2931=ORIENTED_EDGE('',*,*,#1842,.F.);
#2932=ORIENTED_EDGE('',*,*,#2168,.F.);
#2933=ORIENTED_EDGE('',*,*,#1840,.F.);
#2934=ORIENTED_EDGE('',*,*,#1837,.F.);
#2935=ORIENTED_EDGE('',*,*,#1834,.F.);
#2936=ORIENTED_EDGE('',*,*,#1831,.F.);
#2937=ORIENTED_EDGE('',*,*,#1828,.F.);
#2938=ORIENTED_EDGE('',*,*,#1825,.F.);
#2939=ORIENTED_EDGE('',*,*,#1822,.F.);
#2940=ORIENTED_EDGE('',*,*,#2169,.F.);
#2941=ORIENTED_EDGE('',*,*,#1820,.F.);
#2942=ORIENTED_EDGE('',*,*,#1824,.F.);
#2943=ORIENTED_EDGE('',*,*,#1827,.F.);
#2944=ORIENTED_EDGE('',*,*,#1830,.F.);
#2945=ORIENTED_EDGE('',*,*,#1833,.F.);
#2946=ORIENTED_EDGE('',*,*,#1836,.F.);
#2947=ORIENTED_EDGE('',*,*,#1839,.F.);
#2948=ORIENTED_EDGE('',*,*,#2170,.F.);
#2949=ORIENTED_EDGE('',*,*,#1844,.F.);
#2950=ORIENTED_EDGE('',*,*,#2078,.F.);
#2951=ORIENTED_EDGE('',*,*,#1972,.T.);
#2952=ORIENTED_EDGE('',*,*,#2166,.T.);
#2953=ORIENTED_EDGE('',*,*,#1970,.T.);
#2954=ORIENTED_EDGE('',*,*,#1967,.T.);
#2955=ORIENTED_EDGE('',*,*,#1964,.T.);
#2956=ORIENTED_EDGE('',*,*,#1961,.T.);
#2957=ORIENTED_EDGE('',*,*,#1958,.T.);
#2958=ORIENTED_EDGE('',*,*,#1955,.T.);
#2959=ORIENTED_EDGE('',*,*,#1952,.T.);
#2960=ORIENTED_EDGE('',*,*,#1945,.T.);
#2961=ORIENTED_EDGE('',*,*,#2171,.T.);
#2962=ORIENTED_EDGE('',*,*,#1942,.F.);
#2963=ORIENTED_EDGE('',*,*,#2172,.F.);
#2964=ORIENTED_EDGE('',*,*,#2173,.F.);
#2965=ORIENTED_EDGE('',*,*,#1924,.F.);
#2966=ORIENTED_EDGE('',*,*,#1928,.F.);
#2967=ORIENTED_EDGE('',*,*,#1931,.F.);
#2968=ORIENTED_EDGE('',*,*,#1934,.F.);
#2969=ORIENTED_EDGE('',*,*,#1937,.F.);
#2970=ORIENTED_EDGE('',*,*,#1940,.F.);
#2971=ORIENTED_EDGE('',*,*,#1943,.F.);
#2972=ORIENTED_EDGE('',*,*,#2171,.F.);
#2973=ORIENTED_EDGE('',*,*,#1948,.F.);
#2974=ORIENTED_EDGE('',*,*,#2066,.F.);
#2975=ORIENTED_EDGE('',*,*,#1920,.F.);
#2976=ORIENTED_EDGE('',*,*,#2174,.F.);
#2977=ORIENTED_EDGE('',*,*,#1918,.F.);
#2978=ORIENTED_EDGE('',*,*,#1915,.F.);
#2979=ORIENTED_EDGE('',*,*,#1912,.F.);
#2980=ORIENTED_EDGE('',*,*,#1909,.F.);
#2981=ORIENTED_EDGE('',*,*,#1906,.F.);
#2982=ORIENTED_EDGE('',*,*,#1903,.F.);
#2983=ORIENTED_EDGE('',*,*,#1900,.F.);
#2984=ORIENTED_EDGE('',*,*,#2175,.F.);
#2985=ORIENTED_EDGE('',*,*,#1898,.F.);
#2986=ORIENTED_EDGE('',*,*,#1902,.F.);
#2987=ORIENTED_EDGE('',*,*,#1905,.F.);
#2988=ORIENTED_EDGE('',*,*,#1908,.F.);
#2989=ORIENTED_EDGE('',*,*,#1911,.F.);
#2990=ORIENTED_EDGE('',*,*,#1914,.F.);
#2991=ORIENTED_EDGE('',*,*,#1917,.F.);
#2992=ORIENTED_EDGE('',*,*,#2176,.F.);
#2993=ORIENTED_EDGE('',*,*,#1922,.F.);
#2994=ORIENTED_EDGE('',*,*,#2065,.F.);
#2995=ORIENTED_EDGE('',*,*,#2064,.F.);
#2996=ORIENTED_EDGE('',*,*,#2067,.F.);
#2997=ORIENTED_EDGE('',*,*,#1946,.T.);
#2998=ORIENTED_EDGE('',*,*,#2172,.T.);
#2999=ORIENTED_EDGE('',*,*,#1944,.T.);
#3000=ORIENTED_EDGE('',*,*,#1941,.T.);
#3001=ORIENTED_EDGE('',*,*,#1938,.T.);
#3002=ORIENTED_EDGE('',*,*,#1935,.T.);
#3003=ORIENTED_EDGE('',*,*,#1932,.T.);
#3004=ORIENTED_EDGE('',*,*,#1929,.T.);
#3005=ORIENTED_EDGE('',*,*,#1926,.T.);
#3006=ORIENTED_EDGE('',*,*,#1919,.T.);
#3007=ORIENTED_EDGE('',*,*,#2176,.T.);
#3008=ORIENTED_EDGE('',*,*,#1916,.F.);
#3009=ORIENTED_EDGE('',*,*,#2174,.T.);
#3010=ORIENTED_EDGE('',*,*,#2175,.T.);
#3011=ORIENTED_EDGE('',*,*,#1925,.T.);
#3012=ORIENTED_EDGE('',*,*,#2173,.T.);
#3013=ORIENTED_EDGE('',*,*,#1899,.F.);
#3014=ORIENTED_EDGE('',*,*,#1893,.T.);
#3015=ORIENTED_EDGE('',*,*,#2158,.T.);
#3016=ORIENTED_EDGE('',*,*,#1890,.F.);
#3017=ORIENTED_EDGE('',*,*,#2156,.T.);
#3018=ORIENTED_EDGE('',*,*,#2157,.T.);
#3019=ORIENTED_EDGE('',*,*,#2003,.T.);
#3020=ORIENTED_EDGE('',*,*,#2155,.T.);
#3021=ORIENTED_EDGE('',*,*,#1873,.F.);
#3022=ORIENTED_EDGE('',*,*,#1867,.T.);
#3023=ORIENTED_EDGE('',*,*,#2164,.T.);
#3024=ORIENTED_EDGE('',*,*,#1864,.F.);
#3025=ORIENTED_EDGE('',*,*,#2162,.T.);
#3026=ORIENTED_EDGE('',*,*,#2163,.T.);
#3027=ORIENTED_EDGE('',*,*,#1977,.T.);
#3028=ORIENTED_EDGE('',*,*,#2161,.T.);
#3029=ORIENTED_EDGE('',*,*,#1847,.F.);
#3030=ORIENTED_EDGE('',*,*,#1841,.T.);
#3031=ORIENTED_EDGE('',*,*,#2170,.T.);
#3032=ORIENTED_EDGE('',*,*,#1838,.F.);
#3033=ORIENTED_EDGE('',*,*,#2168,.T.);
#3034=ORIENTED_EDGE('',*,*,#2169,.T.);
#3035=ORIENTED_EDGE('',*,*,#1951,.T.);
#3036=ORIENTED_EDGE('',*,*,#2167,.T.);
#3037=ORIENTED_EDGE('',*,*,#1821,.F.);
#3038=ORIENTED_EDGE('',*,*,#2177,.F.);
#3039=ORIENTED_EDGE('',*,*,#2178,.F.);
#3040=ORIENTED_EDGE('',*,*,#2179,.T.);
#3041=ORIENTED_EDGE('',*,*,#2100,.F.);
#3042=ORIENTED_EDGE('',*,*,#2180,.F.);
#3043=ORIENTED_EDGE('',*,*,#2102,.T.);
#3044=ORIENTED_EDGE('',*,*,#2181,.T.);
#3045=ORIENTED_EDGE('',*,*,#2182,.F.);
#3046=ORIENTED_EDGE('',*,*,#2181,.F.);
#3047=ORIENTED_EDGE('',*,*,#2101,.F.);
#3048=ORIENTED_EDGE('',*,*,#2179,.F.);
#3049=ORIENTED_EDGE('',*,*,#2183,.F.);
#3050=ORIENTED_EDGE('',*,*,#2184,.F.);
#3051=ORIENTED_EDGE('',*,*,#2185,.T.);
#3052=ORIENTED_EDGE('',*,*,#2186,.T.);
#3053=ORIENTED_EDGE('',*,*,#2187,.F.);
#3054=ORIENTED_EDGE('',*,*,#2188,.F.);
#3055=ORIENTED_EDGE('',*,*,#2189,.F.);
#3056=ORIENTED_EDGE('',*,*,#2190,.T.);
#3057=ORIENTED_EDGE('',*,*,#2185,.F.);
#3058=ORIENTED_EDGE('',*,*,#2191,.F.);
#3059=ORIENTED_EDGE('',*,*,#2187,.T.);
#3060=ORIENTED_EDGE('',*,*,#2192,.T.);
#3061=ORIENTED_EDGE('',*,*,#2193,.F.);
#3062=ORIENTED_EDGE('',*,*,#2192,.F.);
#3063=ORIENTED_EDGE('',*,*,#2186,.F.);
#3064=ORIENTED_EDGE('',*,*,#2190,.F.);
#3065=ORIENTED_EDGE('',*,*,#2194,.F.);
#3066=ORIENTED_EDGE('',*,*,#2195,.F.);
#3067=ORIENTED_EDGE('',*,*,#2196,.F.);
#3068=ORIENTED_EDGE('',*,*,#2197,.T.);
#3069=ORIENTED_EDGE('',*,*,#2198,.T.);
#3070=ORIENTED_EDGE('',*,*,#2199,.F.);
#3071=ORIENTED_EDGE('',*,*,#2200,.F.);
#3072=ORIENTED_EDGE('',*,*,#2201,.F.);
#3073=ORIENTED_EDGE('',*,*,#2202,.T.);
#3074=ORIENTED_EDGE('',*,*,#2197,.F.);
#3075=ORIENTED_EDGE('',*,*,#2203,.F.);
#3076=ORIENTED_EDGE('',*,*,#2199,.T.);
#3077=ORIENTED_EDGE('',*,*,#2204,.T.);
#3078=ORIENTED_EDGE('',*,*,#2205,.F.);
#3079=ORIENTED_EDGE('',*,*,#2204,.F.);
#3080=ORIENTED_EDGE('',*,*,#2198,.F.);
#3081=ORIENTED_EDGE('',*,*,#2202,.F.);
#3082=ORIENTED_EDGE('',*,*,#2206,.F.);
#3083=ORIENTED_EDGE('',*,*,#2207,.F.);
#3084=ORIENTED_EDGE('',*,*,#2208,.F.);
#3085=ORIENTED_EDGE('',*,*,#2209,.T.);
#3086=ORIENTED_EDGE('',*,*,#2210,.F.);
#3087=ORIENTED_EDGE('',*,*,#2211,.F.);
#3088=ORIENTED_EDGE('',*,*,#2212,.T.);
#3089=ORIENTED_EDGE('',*,*,#2213,.T.);
#3090=ORIENTED_EDGE('',*,*,#2214,.F.);
#3091=ORIENTED_EDGE('',*,*,#2213,.F.);
#3092=ORIENTED_EDGE('',*,*,#2215,.F.);
#3093=ORIENTED_EDGE('',*,*,#2209,.F.);
#3094=ORIENTED_EDGE('',*,*,#2216,.F.);
#3095=ORIENTED_EDGE('',*,*,#2177,.T.);
#3096=ORIENTED_EDGE('',*,*,#2099,.F.);
#3097=ORIENTED_EDGE('',*,*,#2217,.F.);
#3098=ORIENTED_EDGE('',*,*,#2218,.F.);
#3099=ORIENTED_EDGE('',*,*,#2211,.T.);
#3100=ORIENTED_EDGE('',*,*,#2219,.T.);
#3101=ORIENTED_EDGE('',*,*,#2200,.T.);
#3102=ORIENTED_EDGE('',*,*,#2196,.T.);
#3103=ORIENTED_EDGE('',*,*,#2203,.T.);
#3104=ORIENTED_EDGE('',*,*,#2220,.T.);
#3105=ORIENTED_EDGE('',*,*,#2180,.T.);
#3106=ORIENTED_EDGE('',*,*,#2221,.T.);
#3107=ORIENTED_EDGE('',*,*,#2188,.T.);
#3108=ORIENTED_EDGE('',*,*,#2184,.T.);
#3109=ORIENTED_EDGE('',*,*,#2191,.T.);
#3110=ORIENTED_EDGE('',*,*,#2222,.T.);
#3111=ORIENTED_EDGE('',*,*,#2207,.T.);
#3112=ORIENTED_EDGE('',*,*,#2223,.F.);
#3113=ORIENTED_EDGE('',*,*,#2224,.F.);
#3114=ORIENTED_EDGE('',*,*,#2103,.F.);
#3115=ORIENTED_EDGE('',*,*,#2182,.T.);
#3116=ORIENTED_EDGE('',*,*,#2183,.T.);
#3117=ORIENTED_EDGE('',*,*,#2178,.T.);
#3118=ORIENTED_EDGE('',*,*,#2220,.F.);
#3119=ORIENTED_EDGE('',*,*,#2205,.T.);
#3120=ORIENTED_EDGE('',*,*,#2206,.T.);
#3121=ORIENTED_EDGE('',*,*,#2201,.T.);
#3122=ORIENTED_EDGE('',*,*,#2219,.F.);
#3123=ORIENTED_EDGE('',*,*,#2214,.T.);
#3124=ORIENTED_EDGE('',*,*,#2216,.T.);
#3125=ORIENTED_EDGE('',*,*,#2208,.T.);
#3126=ORIENTED_EDGE('',*,*,#2222,.F.);
#3127=ORIENTED_EDGE('',*,*,#2193,.T.);
#3128=ORIENTED_EDGE('',*,*,#2195,.T.);
#3129=ORIENTED_EDGE('',*,*,#2225,.T.);
#3130=ORIENTED_EDGE('',*,*,#2152,.F.);
#3131=ORIENTED_EDGE('',*,*,#2225,.F.);
#3132=ORIENTED_EDGE('',*,*,#2194,.T.);
#3133=ORIENTED_EDGE('',*,*,#2189,.T.);
#3134=ORIENTED_EDGE('',*,*,#2221,.F.);
#3135=ORIENTED_EDGE('',*,*,#2226,.F.);
#3136=ORIENTED_EDGE('',*,*,#2053,.F.);
#3137=ORIENTED_EDGE('',*,*,#2097,.F.);
#3138=ORIENTED_EDGE('',*,*,#2227,.T.);
#3139=ORIENTED_EDGE('',*,*,#2228,.F.);
#3140=ORIENTED_EDGE('',*,*,#2227,.F.);
#3141=ORIENTED_EDGE('',*,*,#2096,.F.);
#3142=ORIENTED_EDGE('',*,*,#2229,.T.);
#3143=ORIENTED_EDGE('',*,*,#2230,.F.);
#3144=ORIENTED_EDGE('',*,*,#2229,.F.);
#3145=ORIENTED_EDGE('',*,*,#2095,.F.);
#3146=ORIENTED_EDGE('',*,*,#2055,.T.);
#3147=ORIENTED_EDGE('',*,*,#2060,.F.);
#3148=ORIENTED_EDGE('',*,*,#2231,.T.);
#3149=ORIENTED_EDGE('',*,*,#2223,.T.);
#3150=ORIENTED_EDGE('',*,*,#2210,.T.);
#3151=ORIENTED_EDGE('',*,*,#2215,.T.);
#3152=ORIENTED_EDGE('',*,*,#2212,.F.);
#3153=ORIENTED_EDGE('',*,*,#2218,.T.);
#3154=ORIENTED_EDGE('',*,*,#2232,.F.);
#3155=ORIENTED_EDGE('',*,*,#2059,.F.);
#3156=ORIENTED_EDGE('',*,*,#2104,.T.);
#3157=ORIENTED_EDGE('',*,*,#2224,.T.);
#3158=ORIENTED_EDGE('',*,*,#2231,.F.);
#3159=ORIENTED_EDGE('',*,*,#2061,.F.);
#3160=ORIENTED_EDGE('',*,*,#2232,.T.);
#3161=ORIENTED_EDGE('',*,*,#2217,.T.);
#3162=ORIENTED_EDGE('',*,*,#2098,.F.);
#3163=ORIENTED_EDGE('',*,*,#2148,.F.);
#3164=ORIENTED_EDGE('',*,*,#2233,.F.);
#3165=ORIENTED_EDGE('',*,*,#2073,.F.);
#3166=ORIENTED_EDGE('',*,*,#2234,.T.);
#3167=ORIENTED_EDGE('',*,*,#2149,.F.);
#3168=ORIENTED_EDGE('',*,*,#2234,.F.);
#3169=ORIENTED_EDGE('',*,*,#2072,.F.);
#3170=ORIENTED_EDGE('',*,*,#2235,.T.);
#3171=ORIENTED_EDGE('',*,*,#2150,.F.);
#3172=ORIENTED_EDGE('',*,*,#2235,.F.);
#3173=ORIENTED_EDGE('',*,*,#2075,.F.);
#3174=ORIENTED_EDGE('',*,*,#2236,.T.);
#3175=ORIENTED_EDGE('',*,*,#2151,.F.);
#3176=ORIENTED_EDGE('',*,*,#2236,.F.);
#3177=ORIENTED_EDGE('',*,*,#2074,.F.);
#3178=ORIENTED_EDGE('',*,*,#2233,.T.);
#3179=ORIENTED_EDGE('',*,*,#2094,.F.);
#3180=ORIENTED_EDGE('',*,*,#2237,.T.);
#3181=ORIENTED_EDGE('',*,*,#2105,.F.);
#3182=ORIENTED_EDGE('',*,*,#2057,.F.);
#3183=ORIENTED_EDGE('',*,*,#2140,.F.);
#3184=ORIENTED_EDGE('',*,*,#2238,.F.);
#3185=ORIENTED_EDGE('',*,*,#2122,.F.);
#3186=ORIENTED_EDGE('',*,*,#2135,.F.);
#3187=ORIENTED_EDGE('',*,*,#2239,.T.);
#3188=ORIENTED_EDGE('',*,*,#2120,.F.);
#3189=ORIENTED_EDGE('',*,*,#2238,.T.);
#3190=ORIENTED_EDGE('',*,*,#2139,.F.);
#3191=ORIENTED_EDGE('',*,*,#2145,.F.);
#3192=ORIENTED_EDGE('',*,*,#2108,.F.);
#3193=ORIENTED_EDGE('',*,*,#2147,.F.);
#3194=ORIENTED_EDGE('',*,*,#2143,.F.);
#3195=ORIENTED_EDGE('',*,*,#2237,.F.);
#3196=ORIENTED_EDGE('',*,*,#2093,.F.);
#3197=ORIENTED_EDGE('',*,*,#2091,.T.);
#3198=ORIENTED_EDGE('',*,*,#2106,.F.);
#3199=ORIENTED_EDGE('',*,*,#2121,.F.);
#3200=ORIENTED_EDGE('',*,*,#2239,.F.);
#3201=ORIENTED_EDGE('',*,*,#2142,.F.);
#3202=ORIENTED_EDGE('',*,*,#2115,.F.);
#3203=ORIENTED_EDGE('',*,*,#2123,.F.);
#3204=ORIENTED_EDGE('',*,*,#2054,.T.);
#3205=ORIENTED_EDGE('',*,*,#2226,.T.);
#3206=ORIENTED_EDGE('',*,*,#2228,.T.);
#3207=ORIENTED_EDGE('',*,*,#2230,.T.);
#3208=ORIENTED_EDGE('',*,*,#2240,.T.);
#3209=ORIENTED_EDGE('',*,*,#2241,.T.);
#3210=ORIENTED_EDGE('',*,*,#2242,.T.);
#3211=ORIENTED_EDGE('',*,*,#2243,.F.);
#3212=ORIENTED_EDGE('',*,*,#2244,.T.);
#3213=ORIENTED_EDGE('',*,*,#2245,.T.);
#3214=ORIENTED_EDGE('',*,*,#2246,.T.);
#3215=ORIENTED_EDGE('',*,*,#2241,.F.);
#3216=ORIENTED_EDGE('',*,*,#2247,.T.);
#3217=ORIENTED_EDGE('',*,*,#2248,.T.);
#3218=ORIENTED_EDGE('',*,*,#2249,.T.);
#3219=ORIENTED_EDGE('',*,*,#2245,.F.);
#3220=ORIENTED_EDGE('',*,*,#2250,.T.);
#3221=ORIENTED_EDGE('',*,*,#2251,.T.);
#3222=ORIENTED_EDGE('',*,*,#2252,.T.);
#3223=ORIENTED_EDGE('',*,*,#2253,.T.);
#3224=ORIENTED_EDGE('',*,*,#2248,.F.);
#3225=ORIENTED_EDGE('',*,*,#2254,.T.);
#3226=ORIENTED_EDGE('',*,*,#2251,.F.);
#3227=ORIENTED_EDGE('',*,*,#2255,.T.);
#3228=ORIENTED_EDGE('',*,*,#2256,.T.);
#3229=ORIENTED_EDGE('',*,*,#2257,.T.);
#3230=ORIENTED_EDGE('',*,*,#2258,.T.);
#3231=ORIENTED_EDGE('',*,*,#2256,.F.);
#3232=ORIENTED_EDGE('',*,*,#2259,.T.);
#3233=ORIENTED_EDGE('',*,*,#2260,.T.);
#3234=ORIENTED_EDGE('',*,*,#2261,.T.);
#3235=ORIENTED_EDGE('',*,*,#2262,.T.);
#3236=ORIENTED_EDGE('',*,*,#2260,.F.);
#3237=ORIENTED_EDGE('',*,*,#2263,.T.);
#3238=ORIENTED_EDGE('',*,*,#2264,.T.);
#3239=ORIENTED_EDGE('',*,*,#2265,.T.);
#3240=ORIENTED_EDGE('',*,*,#2266,.T.);
#3241=ORIENTED_EDGE('',*,*,#2264,.F.);
#3242=ORIENTED_EDGE('',*,*,#2267,.T.);
#3243=ORIENTED_EDGE('',*,*,#2243,.T.);
#3244=ORIENTED_EDGE('',*,*,#2265,.F.);
#3245=ORIENTED_EDGE('',*,*,#2268,.F.);
#3246=ORIENTED_EDGE('',*,*,#2269,.T.);
#3247=ORIENTED_EDGE('',*,*,#2270,.F.);
#3248=ORIENTED_EDGE('',*,*,#2242,.F.);
#3249=ORIENTED_EDGE('',*,*,#2271,.F.);
#3250=ORIENTED_EDGE('',*,*,#2272,.T.);
#3251=ORIENTED_EDGE('',*,*,#2268,.T.);
#3252=ORIENTED_EDGE('',*,*,#2246,.F.);
#3253=ORIENTED_EDGE('',*,*,#2273,.F.);
#3254=ORIENTED_EDGE('',*,*,#2274,.T.);
#3255=ORIENTED_EDGE('',*,*,#2271,.T.);
#3256=ORIENTED_EDGE('',*,*,#2249,.F.);
#3257=ORIENTED_EDGE('',*,*,#2275,.F.);
#3258=ORIENTED_EDGE('',*,*,#2276,.T.);
#3259=ORIENTED_EDGE('',*,*,#2273,.T.);
#3260=ORIENTED_EDGE('',*,*,#2253,.F.);
#3261=ORIENTED_EDGE('',*,*,#2277,.F.);
#3262=ORIENTED_EDGE('',*,*,#2278,.T.);
#3263=ORIENTED_EDGE('',*,*,#2275,.T.);
#3264=ORIENTED_EDGE('',*,*,#2240,.F.);
#3265=ORIENTED_EDGE('',*,*,#2267,.F.);
#3266=ORIENTED_EDGE('',*,*,#2263,.F.);
#3267=ORIENTED_EDGE('',*,*,#2259,.F.);
#3268=ORIENTED_EDGE('',*,*,#2255,.F.);
#3269=ORIENTED_EDGE('',*,*,#2250,.F.);
#3270=ORIENTED_EDGE('',*,*,#2247,.F.);
#3271=ORIENTED_EDGE('',*,*,#2244,.F.);
#3272=ORIENTED_EDGE('',*,*,#2279,.F.);
#3273=ORIENTED_EDGE('',*,*,#2280,.T.);
#3274=ORIENTED_EDGE('',*,*,#2281,.F.);
#3275=ORIENTED_EDGE('',*,*,#2282,.F.);
#3276=ORIENTED_EDGE('',*,*,#2283,.F.);
#3277=ORIENTED_EDGE('',*,*,#2284,.F.);
#3278=ORIENTED_EDGE('',*,*,#2285,.F.);
#3279=ORIENTED_EDGE('',*,*,#2279,.T.);
#3280=ORIENTED_EDGE('',*,*,#2286,.F.);
#3281=ORIENTED_EDGE('',*,*,#2281,.T.);
#3282=ORIENTED_EDGE('',*,*,#2287,.T.);
#3283=ORIENTED_EDGE('',*,*,#2288,.F.);
#3284=ORIENTED_EDGE('',*,*,#2284,.T.);
#3285=ORIENTED_EDGE('',*,*,#2289,.T.);
#3286=ORIENTED_EDGE('',*,*,#2290,.T.);
#3287=ORIENTED_EDGE('',*,*,#2291,.F.);
#3288=ORIENTED_EDGE('',*,*,#2292,.T.);
#3289=ORIENTED_EDGE('',*,*,#2293,.T.);
#3290=ORIENTED_EDGE('',*,*,#2294,.F.);
#3291=ORIENTED_EDGE('',*,*,#2295,.T.);
#3292=ORIENTED_EDGE('',*,*,#2296,.F.);
#3293=ORIENTED_EDGE('',*,*,#2297,.F.);
#3294=ORIENTED_EDGE('',*,*,#2293,.F.);
#3295=ORIENTED_EDGE('',*,*,#2298,.T.);
#3296=ORIENTED_EDGE('',*,*,#2299,.F.);
#3297=ORIENTED_EDGE('',*,*,#2300,.F.);
#3298=ORIENTED_EDGE('',*,*,#2301,.F.);
#3299=ORIENTED_EDGE('',*,*,#2302,.F.);
#3300=ORIENTED_EDGE('',*,*,#2295,.F.);
#3301=ORIENTED_EDGE('',*,*,#2288,.T.);
#3302=ORIENTED_EDGE('',*,*,#2303,.T.);
#3303=ORIENTED_EDGE('',*,*,#2301,.T.);
#3304=ORIENTED_EDGE('',*,*,#2304,.T.);
#3305=ORIENTED_EDGE('',*,*,#2305,.T.);
#3306=ORIENTED_EDGE('',*,*,#2306,.F.);
#3307=ORIENTED_EDGE('',*,*,#2307,.T.);
#3308=ORIENTED_EDGE('',*,*,#2308,.F.);
#3309=ORIENTED_EDGE('',*,*,#2309,.F.);
#3310=ORIENTED_EDGE('',*,*,#2305,.F.);
#3311=ORIENTED_EDGE('',*,*,#2310,.T.);
#3312=ORIENTED_EDGE('',*,*,#2311,.F.);
#3313=ORIENTED_EDGE('',*,*,#2312,.F.);
#3314=ORIENTED_EDGE('',*,*,#2313,.F.);
#3315=ORIENTED_EDGE('',*,*,#2314,.F.);
#3316=ORIENTED_EDGE('',*,*,#2307,.F.);
#3317=ORIENTED_EDGE('',*,*,#2313,.T.);
#3318=ORIENTED_EDGE('',*,*,#2315,.T.);
#3319=ORIENTED_EDGE('',*,*,#2316,.T.);
#3320=ORIENTED_EDGE('',*,*,#2317,.T.);
#3321=ORIENTED_EDGE('',*,*,#2318,.F.);
#3322=ORIENTED_EDGE('',*,*,#2319,.T.);
#3323=ORIENTED_EDGE('',*,*,#2320,.F.);
#3324=ORIENTED_EDGE('',*,*,#2321,.F.);
#3325=ORIENTED_EDGE('',*,*,#2322,.F.);
#3326=ORIENTED_EDGE('',*,*,#2323,.F.);
#3327=ORIENTED_EDGE('',*,*,#2324,.F.);
#3328=ORIENTED_EDGE('',*,*,#2318,.T.);
#3329=ORIENTED_EDGE('',*,*,#2325,.F.);
#3330=ORIENTED_EDGE('',*,*,#2320,.T.);
#3331=ORIENTED_EDGE('',*,*,#2326,.T.);
#3332=ORIENTED_EDGE('',*,*,#2316,.F.);
#3333=ORIENTED_EDGE('',*,*,#2323,.T.);
#3334=ORIENTED_EDGE('',*,*,#2327,.T.);
#3335=ORIENTED_EDGE('',*,*,#2328,.F.);
#3336=ORIENTED_EDGE('',*,*,#2329,.T.);
#3337=ORIENTED_EDGE('',*,*,#2330,.T.);
#3338=ORIENTED_EDGE('',*,*,#2328,.T.);
#3339=ORIENTED_EDGE('',*,*,#2331,.T.);
#3340=ORIENTED_EDGE('',*,*,#2332,.F.);
#3341=ORIENTED_EDGE('',*,*,#2311,.T.);
#3342=ORIENTED_EDGE('',*,*,#2333,.T.);
#3343=ORIENTED_EDGE('',*,*,#2334,.T.);
#3344=ORIENTED_EDGE('',*,*,#2335,.T.);
#3345=ORIENTED_EDGE('',*,*,#2336,.T.);
#3346=ORIENTED_EDGE('',*,*,#2337,.T.);
#3347=ORIENTED_EDGE('',*,*,#2291,.T.);
#3348=ORIENTED_EDGE('',*,*,#2338,.T.);
#3349=ORIENTED_EDGE('',*,*,#2334,.F.);
#3350=ORIENTED_EDGE('',*,*,#2299,.T.);
#3351=ORIENTED_EDGE('',*,*,#2339,.T.);
#3352=ORIENTED_EDGE('',*,*,#2332,.T.);
#3353=ORIENTED_EDGE('',*,*,#2340,.T.);
#3354=ORIENTED_EDGE('',*,*,#2286,.T.);
#3355=ORIENTED_EDGE('',*,*,#2304,.F.);
#3356=ORIENTED_EDGE('',*,*,#2300,.T.);
#3357=ORIENTED_EDGE('',*,*,#2294,.T.);
#3358=ORIENTED_EDGE('',*,*,#2297,.T.);
#3359=ORIENTED_EDGE('',*,*,#2340,.F.);
#3360=ORIENTED_EDGE('',*,*,#2341,.F.);
#3361=ORIENTED_EDGE('',*,*,#2342,.T.);
#3362=ORIENTED_EDGE('',*,*,#2343,.T.);
#3363=ORIENTED_EDGE('',*,*,#2289,.F.);
#3364=ORIENTED_EDGE('',*,*,#2283,.T.);
#3365=ORIENTED_EDGE('',*,*,#2282,.T.);
#3366=ORIENTED_EDGE('',*,*,#2331,.F.);
#3367=ORIENTED_EDGE('',*,*,#2344,.F.);
#3368=ORIENTED_EDGE('',*,*,#2345,.T.);
#3369=ORIENTED_EDGE('',*,*,#2341,.T.);
#3370=ORIENTED_EDGE('',*,*,#2330,.F.);
#3371=ORIENTED_EDGE('',*,*,#2339,.F.);
#3372=ORIENTED_EDGE('',*,*,#2298,.F.);
#3373=ORIENTED_EDGE('',*,*,#2296,.T.);
#3374=ORIENTED_EDGE('',*,*,#2302,.T.);
#3375=ORIENTED_EDGE('',*,*,#2303,.F.);
#3376=ORIENTED_EDGE('',*,*,#2287,.F.);
#3377=ORIENTED_EDGE('',*,*,#2280,.F.);
#3378=ORIENTED_EDGE('',*,*,#2285,.T.);
#3379=ORIENTED_EDGE('',*,*,#2292,.F.);
#3380=ORIENTED_EDGE('',*,*,#2337,.F.);
#3381=ORIENTED_EDGE('',*,*,#2333,.F.);
#3382=ORIENTED_EDGE('',*,*,#2310,.F.);
#3383=ORIENTED_EDGE('',*,*,#2308,.T.);
#3384=ORIENTED_EDGE('',*,*,#2314,.T.);
#3385=ORIENTED_EDGE('',*,*,#2317,.F.);
#3386=ORIENTED_EDGE('',*,*,#2326,.F.);
#3387=ORIENTED_EDGE('',*,*,#2319,.F.);
#3388=ORIENTED_EDGE('',*,*,#2324,.T.);
#3389=ORIENTED_EDGE('',*,*,#2329,.F.);
#3390=ORIENTED_EDGE('',*,*,#2346,.T.);
#3391=ORIENTED_EDGE('',*,*,#2347,.T.);
#3392=ORIENTED_EDGE('',*,*,#2348,.T.);
#3393=ORIENTED_EDGE('',*,*,#2349,.T.);
#3394=ORIENTED_EDGE('',*,*,#2254,.F.);
#3395=ORIENTED_EDGE('',*,*,#2350,.T.);
#3396=ORIENTED_EDGE('',*,*,#2351,.T.);
#3397=ORIENTED_EDGE('',*,*,#2277,.T.);
#3398=ORIENTED_EDGE('',*,*,#2252,.F.);
#3399=ORIENTED_EDGE('',*,*,#2262,.F.);
#3400=ORIENTED_EDGE('',*,*,#2352,.F.);
#3401=ORIENTED_EDGE('',*,*,#2353,.T.);
#3402=ORIENTED_EDGE('',*,*,#2350,.F.);
#3403=ORIENTED_EDGE('',*,*,#2257,.F.);
#3404=ORIENTED_EDGE('',*,*,#2258,.F.);
#3405=ORIENTED_EDGE('',*,*,#2266,.F.);
#3406=ORIENTED_EDGE('',*,*,#2270,.T.);
#3407=ORIENTED_EDGE('',*,*,#2354,.T.);
#3408=ORIENTED_EDGE('',*,*,#2352,.T.);
#3409=ORIENTED_EDGE('',*,*,#2261,.F.);
#3410=ORIENTED_EDGE('',*,*,#2351,.F.);
#3411=ORIENTED_EDGE('',*,*,#2353,.F.);
#3412=ORIENTED_EDGE('',*,*,#2354,.F.);
#3413=ORIENTED_EDGE('',*,*,#2269,.F.);
#3414=ORIENTED_EDGE('',*,*,#2272,.F.);
#3415=ORIENTED_EDGE('',*,*,#2274,.F.);
#3416=ORIENTED_EDGE('',*,*,#2276,.F.);
#3417=ORIENTED_EDGE('',*,*,#2278,.F.);
#3418=ORIENTED_EDGE('',*,*,#2355,.F.);
#3419=ORIENTED_EDGE('',*,*,#2356,.F.);
#3420=ORIENTED_EDGE('',*,*,#2342,.F.);
#3421=ORIENTED_EDGE('',*,*,#2345,.F.);
#3422=ORIENTED_EDGE('',*,*,#2357,.T.);
#3423=ORIENTED_EDGE('',*,*,#2358,.T.);
#3424=ORIENTED_EDGE('',*,*,#2359,.T.);
#3425=ORIENTED_EDGE('',*,*,#2360,.T.);
#3426=ORIENTED_EDGE('',*,*,#2357,.F.);
#3427=ORIENTED_EDGE('',*,*,#2361,.T.);
#3428=ORIENTED_EDGE('',*,*,#2349,.F.);
#3429=ORIENTED_EDGE('',*,*,#2362,.F.);
#3430=ORIENTED_EDGE('',*,*,#2358,.F.);
#3431=ORIENTED_EDGE('',*,*,#2362,.T.);
#3432=ORIENTED_EDGE('',*,*,#2348,.F.);
#3433=ORIENTED_EDGE('',*,*,#2363,.F.);
#3434=ORIENTED_EDGE('',*,*,#2359,.F.);
#3435=ORIENTED_EDGE('',*,*,#2363,.T.);
#3436=ORIENTED_EDGE('',*,*,#2347,.F.);
#3437=ORIENTED_EDGE('',*,*,#2364,.F.);
#3438=ORIENTED_EDGE('',*,*,#2360,.F.);
#3439=ORIENTED_EDGE('',*,*,#2364,.T.);
#3440=ORIENTED_EDGE('',*,*,#2346,.F.);
#3441=ORIENTED_EDGE('',*,*,#2361,.F.);
#3442=ORIENTED_EDGE('',*,*,#2309,.T.);
#3443=ORIENTED_EDGE('',*,*,#2336,.F.);
#3444=ORIENTED_EDGE('',*,*,#2365,.F.);
#3445=ORIENTED_EDGE('',*,*,#2355,.T.);
#3446=ORIENTED_EDGE('',*,*,#2344,.T.);
#3447=ORIENTED_EDGE('',*,*,#2327,.F.);
#3448=ORIENTED_EDGE('',*,*,#2322,.T.);
#3449=ORIENTED_EDGE('',*,*,#2321,.T.);
#3450=ORIENTED_EDGE('',*,*,#2325,.T.);
#3451=ORIENTED_EDGE('',*,*,#2315,.F.);
#3452=ORIENTED_EDGE('',*,*,#2312,.T.);
#3453=ORIENTED_EDGE('',*,*,#2306,.T.);
#3454=ORIENTED_EDGE('',*,*,#2290,.F.);
#3455=ORIENTED_EDGE('',*,*,#2343,.F.);
#3456=ORIENTED_EDGE('',*,*,#2356,.T.);
#3457=ORIENTED_EDGE('',*,*,#2365,.T.);
#3458=ORIENTED_EDGE('',*,*,#2335,.F.);
#3459=ORIENTED_EDGE('',*,*,#2338,.F.);
#3460=CYLINDRICAL_SURFACE('',#3770,1.2645);
#3461=CYLINDRICAL_SURFACE('',#3772,1.2645);
#3462=CYLINDRICAL_SURFACE('',#3773,1.2645);
#3463=CYLINDRICAL_SURFACE('',#3774,1.2645);
#3464=CYLINDRICAL_SURFACE('',#3775,1.2645);
#3465=CYLINDRICAL_SURFACE('',#3776,1.2645);
#3466=CYLINDRICAL_SURFACE('',#3777,1.2645);
#3467=CYLINDRICAL_SURFACE('',#3778,1.2645);
#3468=CYLINDRICAL_SURFACE('',#3780,1.2645);
#3469=CYLINDRICAL_SURFACE('',#3782,1.2645);
#3470=CYLINDRICAL_SURFACE('',#3783,1.2645);
#3471=CYLINDRICAL_SURFACE('',#3784,1.2645);
#3472=CYLINDRICAL_SURFACE('',#3785,1.2645);
#3473=CYLINDRICAL_SURFACE('',#3786,1.2645);
#3474=CYLINDRICAL_SURFACE('',#3787,1.2645);
#3475=CYLINDRICAL_SURFACE('',#3788,1.2645);
#3476=CYLINDRICAL_SURFACE('',#3790,1.2645);
#3477=CYLINDRICAL_SURFACE('',#3792,1.2645);
#3478=CYLINDRICAL_SURFACE('',#3793,1.2645);
#3479=CYLINDRICAL_SURFACE('',#3794,1.2645);
#3480=CYLINDRICAL_SURFACE('',#3795,1.2645);
#3481=CYLINDRICAL_SURFACE('',#3796,1.2645);
#3482=CYLINDRICAL_SURFACE('',#3797,1.2645);
#3483=CYLINDRICAL_SURFACE('',#3798,1.2645);
#3484=CYLINDRICAL_SURFACE('',#3800,1.2645);
#3485=CYLINDRICAL_SURFACE('',#3802,1.2645);
#3486=CYLINDRICAL_SURFACE('',#3803,1.2645);
#3487=CYLINDRICAL_SURFACE('',#3804,1.2645);
#3488=CYLINDRICAL_SURFACE('',#3805,1.2645);
#3489=CYLINDRICAL_SURFACE('',#3806,1.2645);
#3490=CYLINDRICAL_SURFACE('',#3807,1.2645);
#3491=CYLINDRICAL_SURFACE('',#3808,1.2645);
#3492=CYLINDRICAL_SURFACE('',#3810,1.543);
#3493=CYLINDRICAL_SURFACE('',#3812,1.543);
#3494=CYLINDRICAL_SURFACE('',#3813,1.543);
#3495=CYLINDRICAL_SURFACE('',#3814,1.543);
#3496=CYLINDRICAL_SURFACE('',#3815,1.543);
#3497=CYLINDRICAL_SURFACE('',#3816,1.543);
#3498=CYLINDRICAL_SURFACE('',#3817,1.543);
#3499=CYLINDRICAL_SURFACE('',#3818,1.543);
#3500=CYLINDRICAL_SURFACE('',#3820,1.54299999999999);
#3501=CYLINDRICAL_SURFACE('',#3822,1.54299999999999);
#3502=CYLINDRICAL_SURFACE('',#3823,1.54299999999999);
#3503=CYLINDRICAL_SURFACE('',#3824,1.54299999999999);
#3504=CYLINDRICAL_SURFACE('',#3825,1.54299999999999);
#3505=CYLINDRICAL_SURFACE('',#3826,1.54299999999999);
#3506=CYLINDRICAL_SURFACE('',#3827,1.54299999999999);
#3507=CYLINDRICAL_SURFACE('',#3828,1.54299999999999);
#3508=CYLINDRICAL_SURFACE('',#3830,1.543);
#3509=CYLINDRICAL_SURFACE('',#3832,1.543);
#3510=CYLINDRICAL_SURFACE('',#3833,1.543);
#3511=CYLINDRICAL_SURFACE('',#3834,1.543);
#3512=CYLINDRICAL_SURFACE('',#3835,1.543);
#3513=CYLINDRICAL_SURFACE('',#3836,1.543);
#3514=CYLINDRICAL_SURFACE('',#3837,1.543);
#3515=CYLINDRICAL_SURFACE('',#3838,1.543);
#3516=CYLINDRICAL_SURFACE('',#3840,1.54300000000001);
#3517=CYLINDRICAL_SURFACE('',#3842,1.54300000000001);
#3518=CYLINDRICAL_SURFACE('',#3843,1.54300000000001);
#3519=CYLINDRICAL_SURFACE('',#3844,1.54300000000001);
#3520=CYLINDRICAL_SURFACE('',#3845,1.54300000000001);
#3521=CYLINDRICAL_SURFACE('',#3846,1.54300000000001);
#3522=CYLINDRICAL_SURFACE('',#3847,1.54300000000001);
#3523=CYLINDRICAL_SURFACE('',#3848,1.54300000000001);
#3524=CYLINDRICAL_SURFACE('',#3852,1.2);
#3525=CYLINDRICAL_SURFACE('',#3856,1.2);
#3526=CYLINDRICAL_SURFACE('',#3860,1.2);
#3527=CYLINDRICAL_SURFACE('',#3864,1.2);
#3528=CYLINDRICAL_SURFACE('',#3898,1.54300000000001);
#3529=CYLINDRICAL_SURFACE('',#3899,1.543);
#3530=CYLINDRICAL_SURFACE('',#3900,1.54299999999999);
#3531=CYLINDRICAL_SURFACE('',#3901,1.543);
#3532=CYLINDRICAL_SURFACE('',#3902,1.2645);
#3533=CYLINDRICAL_SURFACE('',#3904,1.2645);
#3534=CYLINDRICAL_SURFACE('',#3906,1.2645);
#3535=CYLINDRICAL_SURFACE('',#3908,1.2645);
#3536=CYLINDRICAL_SURFACE('',#3935,3.75);
#3537=CYLINDRICAL_SURFACE('',#3936,3.7);
#3538=CYLINDRICAL_SURFACE('',#3939,3.7);
#3539=CYLINDRICAL_SURFACE('',#3967,0.999999999999996);
#3540=CYLINDRICAL_SURFACE('',#3973,0.999999999999996);
#3541=CYLINDRICAL_SURFACE('',#3979,0.999999999999996);
#3542=CYLINDRICAL_SURFACE('',#3985,0.999999999999996);
#3543=ADVANCED_FACE('',(#160),#3460,.F.);
#3544=ADVANCED_FACE('',(#161),#3461,.F.);
#3545=ADVANCED_FACE('',(#162),#3462,.F.);
#3546=ADVANCED_FACE('',(#163),#3463,.F.);
#3547=ADVANCED_FACE('',(#164),#3464,.F.);
#3548=ADVANCED_FACE('',(#165),#3465,.F.);
#3549=ADVANCED_FACE('',(#166),#3466,.F.);
#3550=ADVANCED_FACE('',(#167),#3467,.F.);
#3551=ADVANCED_FACE('',(#168),#3468,.F.);
#3552=ADVANCED_FACE('',(#169),#3469,.F.);
#3553=ADVANCED_FACE('',(#170),#3470,.F.);
#3554=ADVANCED_FACE('',(#171),#3471,.F.);
#3555=ADVANCED_FACE('',(#172),#3472,.F.);
#3556=ADVANCED_FACE('',(#173),#3473,.F.);
#3557=ADVANCED_FACE('',(#174),#3474,.F.);
#3558=ADVANCED_FACE('',(#175),#3475,.F.);
#3559=ADVANCED_FACE('',(#176),#3476,.F.);
#3560=ADVANCED_FACE('',(#177),#3477,.F.);
#3561=ADVANCED_FACE('',(#178),#3478,.F.);
#3562=ADVANCED_FACE('',(#179),#3479,.F.);
#3563=ADVANCED_FACE('',(#180),#3480,.F.);
#3564=ADVANCED_FACE('',(#181),#3481,.F.);
#3565=ADVANCED_FACE('',(#182),#3482,.F.);
#3566=ADVANCED_FACE('',(#183),#3483,.F.);
#3567=ADVANCED_FACE('',(#184),#3484,.F.);
#3568=ADVANCED_FACE('',(#185),#3485,.F.);
#3569=ADVANCED_FACE('',(#186),#3486,.F.);
#3570=ADVANCED_FACE('',(#187),#3487,.F.);
#3571=ADVANCED_FACE('',(#188),#3488,.F.);
#3572=ADVANCED_FACE('',(#189),#3489,.F.);
#3573=ADVANCED_FACE('',(#190),#3490,.F.);
#3574=ADVANCED_FACE('',(#191),#3491,.F.);
#3575=ADVANCED_FACE('',(#192),#3492,.F.);
#3576=ADVANCED_FACE('',(#193),#3493,.F.);
#3577=ADVANCED_FACE('',(#194),#3494,.F.);
#3578=ADVANCED_FACE('',(#195),#3495,.F.);
#3579=ADVANCED_FACE('',(#196),#3496,.F.);
#3580=ADVANCED_FACE('',(#197),#3497,.F.);
#3581=ADVANCED_FACE('',(#198),#3498,.F.);
#3582=ADVANCED_FACE('',(#199),#3499,.F.);
#3583=ADVANCED_FACE('',(#200),#3500,.F.);
#3584=ADVANCED_FACE('',(#201),#3501,.F.);
#3585=ADVANCED_FACE('',(#202),#3502,.F.);
#3586=ADVANCED_FACE('',(#203),#3503,.F.);
#3587=ADVANCED_FACE('',(#204),#3504,.F.);
#3588=ADVANCED_FACE('',(#205),#3505,.F.);
#3589=ADVANCED_FACE('',(#206),#3506,.F.);
#3590=ADVANCED_FACE('',(#207),#3507,.F.);
#3591=ADVANCED_FACE('',(#208),#3508,.F.);
#3592=ADVANCED_FACE('',(#209),#3509,.F.);
#3593=ADVANCED_FACE('',(#210),#3510,.F.);
#3594=ADVANCED_FACE('',(#211),#3511,.F.);
#3595=ADVANCED_FACE('',(#212),#3512,.F.);
#3596=ADVANCED_FACE('',(#213),#3513,.F.);
#3597=ADVANCED_FACE('',(#214),#3514,.F.);
#3598=ADVANCED_FACE('',(#215),#3515,.F.);
#3599=ADVANCED_FACE('',(#216),#3516,.F.);
#3600=ADVANCED_FACE('',(#217),#3517,.F.);
#3601=ADVANCED_FACE('',(#218),#3518,.F.);
#3602=ADVANCED_FACE('',(#219),#3519,.F.);
#3603=ADVANCED_FACE('',(#220),#3520,.F.);
#3604=ADVANCED_FACE('',(#221),#3521,.F.);
#3605=ADVANCED_FACE('',(#222),#3522,.F.);
#3606=ADVANCED_FACE('',(#223),#3523,.F.);
#3607=ADVANCED_FACE('',(#224),#51,.T.);
#3608=ADVANCED_FACE('',(#225),#3524,.F.);
#3609=ADVANCED_FACE('',(#226),#52,.T.);
#3610=ADVANCED_FACE('',(#227),#3525,.F.);
#3611=ADVANCED_FACE('',(#228),#53,.T.);
#3612=ADVANCED_FACE('',(#229),#3526,.F.);
#3613=ADVANCED_FACE('',(#230),#54,.T.);
#3614=ADVANCED_FACE('',(#231),#3527,.F.);
#3615=ADVANCED_FACE('',(#232),#55,.F.);
#3616=ADVANCED_FACE('',(#233),#56,.F.);
#3617=ADVANCED_FACE('',(#234),#57,.F.);
#3618=ADVANCED_FACE('',(#235),#58,.F.);
#3619=ADVANCED_FACE('',(#236,#35,#36,#37,#38,#39),#59,.T.);
#3620=ADVANCED_FACE('',(#237),#60,.F.);
#3621=ADVANCED_FACE('',(#238),#61,.F.);
#3622=ADVANCED_FACE('',(#239),#62,.F.);
#3623=ADVANCED_FACE('',(#240),#63,.T.);
#3624=ADVANCED_FACE('',(#241,#40,#41),#64,.T.);
#3625=ADVANCED_FACE('',(#242,#42,#43),#65,.F.);
#3626=ADVANCED_FACE('',(#243),#66,.T.);
#3627=ADVANCED_FACE('',(#244),#67,.T.);
#3628=ADVANCED_FACE('',(#245),#68,.T.);
#3629=ADVANCED_FACE('',(#246),#69,.T.);
#3630=ADVANCED_FACE('',(#247),#70,.T.);
#3631=ADVANCED_FACE('',(#248),#71,.T.);
#3632=ADVANCED_FACE('',(#249),#72,.T.);
#3633=ADVANCED_FACE('',(#250),#73,.T.);
#3634=ADVANCED_FACE('',(#251),#74,.T.);
#3635=ADVANCED_FACE('',(#252),#75,.T.);
#3636=ADVANCED_FACE('',(#253),#76,.T.);
#3637=ADVANCED_FACE('',(#254),#77,.T.);
#3638=ADVANCED_FACE('',(#255),#78,.T.);
#3639=ADVANCED_FACE('',(#256),#79,.T.);
#3640=ADVANCED_FACE('',(#257,#44),#80,.T.);
#3641=ADVANCED_FACE('',(#258),#81,.T.);
#3642=ADVANCED_FACE('',(#259),#82,.T.);
#3643=ADVANCED_FACE('',(#260,#45,#46),#83,.T.);
#3644=ADVANCED_FACE('',(#261),#3528,.F.);
#3645=ADVANCED_FACE('',(#262),#27,.F.);
#3646=ADVANCED_FACE('',(#263),#28,.F.);
#3647=ADVANCED_FACE('',(#264),#3529,.F.);
#3648=ADVANCED_FACE('',(#265),#29,.F.);
#3649=ADVANCED_FACE('',(#266),#30,.F.);
#3650=ADVANCED_FACE('',(#267),#3530,.F.);
#3651=ADVANCED_FACE('',(#268),#31,.F.);
#3652=ADVANCED_FACE('',(#269),#32,.F.);
#3653=ADVANCED_FACE('',(#270),#3531,.F.);
#3654=ADVANCED_FACE('',(#271),#33,.F.);
#3655=ADVANCED_FACE('',(#272),#34,.F.);
#3656=ADVANCED_FACE('',(#273),#3532,.F.);
#3657=ADVANCED_FACE('',(#274),#84,.F.);
#3658=ADVANCED_FACE('',(#275),#3533,.F.);
#3659=ADVANCED_FACE('',(#276),#85,.F.);
#3660=ADVANCED_FACE('',(#277),#3534,.F.);
#3661=ADVANCED_FACE('',(#278),#86,.F.);
#3662=ADVANCED_FACE('',(#279),#3535,.F.);
#3663=ADVANCED_FACE('',(#280),#87,.F.);
#3664=ADVANCED_FACE('',(#281),#88,.F.);
#3665=ADVANCED_FACE('',(#282),#89,.F.);
#3666=ADVANCED_FACE('',(#283),#90,.T.);
#3667=ADVANCED_FACE('',(#284),#91,.F.);
#3668=ADVANCED_FACE('',(#285),#92,.F.);
#3669=ADVANCED_FACE('',(#286),#93,.F.);
#3670=ADVANCED_FACE('',(#287),#94,.T.);
#3671=ADVANCED_FACE('',(#288),#95,.F.);
#3672=ADVANCED_FACE('',(#289),#96,.F.);
#3673=ADVANCED_FACE('',(#290),#97,.F.);
#3674=ADVANCED_FACE('',(#291),#98,.T.);
#3675=ADVANCED_FACE('',(#292),#99,.F.);
#3676=ADVANCED_FACE('',(#293),#100,.F.);
#3677=ADVANCED_FACE('',(#294),#101,.T.);
#3678=ADVANCED_FACE('',(#295),#102,.F.);
#3679=ADVANCED_FACE('',(#296),#103,.F.);
#3680=ADVANCED_FACE('',(#297),#3536,.F.);
#3681=ADVANCED_FACE('',(#298),#3537,.F.);
#3682=ADVANCED_FACE('',(#299),#104,.F.);
#3683=ADVANCED_FACE('',(#300),#3538,.F.);
#3684=ADVANCED_FACE('',(#301),#105,.F.);
#3685=ADVANCED_FACE('',(#302),#106,.F.);
#3686=ADVANCED_FACE('',(#303),#107,.F.);
#3687=ADVANCED_FACE('',(#304),#108,.F.);
#3688=ADVANCED_FACE('',(#305),#109,.F.);
#3689=ADVANCED_FACE('',(#306),#110,.F.);
#3690=ADVANCED_FACE('',(#307),#111,.F.);
#3691=ADVANCED_FACE('',(#308),#112,.T.);
#3692=ADVANCED_FACE('',(#309),#113,.T.);
#3693=ADVANCED_FACE('',(#310,#47),#114,.T.);
#3694=ADVANCED_FACE('',(#311,#48),#115,.F.);
#3695=ADVANCED_FACE('',(#312),#116,.T.);
#3696=ADVANCED_FACE('',(#313),#117,.T.);
#3697=ADVANCED_FACE('',(#314),#118,.T.);
#3698=ADVANCED_FACE('',(#315),#119,.T.);
#3699=ADVANCED_FACE('',(#316),#120,.T.);
#3700=ADVANCED_FACE('',(#317),#121,.T.);
#3701=ADVANCED_FACE('',(#318),#122,.T.);
#3702=ADVANCED_FACE('',(#319),#123,.T.);
#3703=ADVANCED_FACE('',(#320),#124,.T.);
#3704=ADVANCED_FACE('',(#321),#125,.T.);
#3705=ADVANCED_FACE('',(#322),#126,.T.);
#3706=ADVANCED_FACE('',(#323),#127,.T.);
#3707=ADVANCED_FACE('',(#324),#128,.T.);
#3708=ADVANCED_FACE('',(#325),#129,.T.);
#3709=ADVANCED_FACE('',(#326),#3539,.T.);
#3710=ADVANCED_FACE('',(#327),#130,.T.);
#3711=ADVANCED_FACE('',(#328),#131,.F.);
#3712=ADVANCED_FACE('',(#329),#132,.T.);
#3713=ADVANCED_FACE('',(#330),#3540,.T.);
#3714=ADVANCED_FACE('',(#331),#133,.F.);
#3715=ADVANCED_FACE('',(#332),#134,.T.);
#3716=ADVANCED_FACE('',(#333),#135,.T.);
#3717=ADVANCED_FACE('',(#334),#3541,.T.);
#3718=ADVANCED_FACE('',(#335),#136,.F.);
#3719=ADVANCED_FACE('',(#336),#137,.T.);
#3720=ADVANCED_FACE('',(#337),#138,.T.);
#3721=ADVANCED_FACE('',(#338),#3542,.T.);
#3722=ADVANCED_FACE('',(#339),#139,.T.);
#3723=ADVANCED_FACE('',(#340),#140,.F.);
#3724=ADVANCED_FACE('',(#341),#141,.T.);
#3725=ADVANCED_FACE('',(#342),#142,.T.);
#3726=ADVANCED_FACE('',(#343),#143,.T.);
#3727=ADVANCED_FACE('',(#344),#144,.T.);
#3728=ADVANCED_FACE('',(#345),#145,.T.);
#3729=ADVANCED_FACE('',(#346),#146,.T.);
#3730=ADVANCED_FACE('',(#347),#147,.T.);
#3731=ADVANCED_FACE('',(#348,#49),#148,.T.);
#3732=ADVANCED_FACE('',(#349),#149,.T.);
#3733=ADVANCED_FACE('',(#350),#150,.T.);
#3734=ADVANCED_FACE('',(#351),#151,.T.);
#3735=ADVANCED_FACE('',(#352,#50),#152,.F.);
#3736=ADVANCED_FACE('',(#353),#153,.F.);
#3737=ADVANCED_FACE('',(#354),#154,.T.);
#3738=ADVANCED_FACE('',(#355),#155,.T.);
#3739=ADVANCED_FACE('',(#356),#156,.T.);
#3740=ADVANCED_FACE('',(#357),#157,.T.);
#3741=ADVANCED_FACE('',(#358),#158,.T.);
#3742=ADVANCED_FACE('',(#359),#159,.T.);
#3743=CLOSED_SHELL('',(#3543,#3544,#3545,#3546,#3547,#3548,#3549,#3550,
#3551,#3552,#3553,#3554,#3555,#3556,#3557,#3558,#3559,#3560,#3561,#3562,
#3563,#3564,#3565,#3566,#3567,#3568,#3569,#3570,#3571,#3572,#3573,#3574,
#3575,#3576,#3577,#3578,#3579,#3580,#3581,#3582,#3583,#3584,#3585,#3586,
#3587,#3588,#3589,#3590,#3591,#3592,#3593,#3594,#3595,#3596,#3597,#3598,
#3599,#3600,#3601,#3602,#3603,#3604,#3605,#3606,#3607,#3608,#3609,#3610,
#3611,#3612,#3613,#3614,#3615,#3616,#3617,#3618,#3619,#3620,#3621,#3622,
#3623,#3624,#3625,#3626,#3627,#3628,#3629,#3630,#3631,#3632,#3633,#3634,
#3635,#3636,#3637,#3638,#3639,#3640,#3641,#3642,#3643,#3644,#3645,#3646,
#3647,#3648,#3649,#3650,#3651,#3652,#3653,#3654,#3655,#3656,#3657,#3658,
#3659,#3660,#3661,#3662,#3663,#3664,#3665,#3666,#3667,#3668,#3669,#3670,
#3671,#3672,#3673,#3674,#3675,#3676,#3677,#3678,#3679,#3680,#3681,#3682,
#3683,#3684,#3685,#3686,#3687,#3688,#3689,#3690,#3691,#3692,#3693,#3694));
#3744=CLOSED_SHELL('',(#3695,#3696,#3697,#3698,#3699,#3700,#3701,#3702,
#3703,#3704,#3705,#3706,#3707,#3708,#3709,#3710,#3711,#3712,#3713,#3714,
#3715,#3716,#3717,#3718,#3719,#3720,#3721,#3722,#3723,#3724,#3725,#3726,
#3727,#3728,#3729,#3730,#3731,#3732,#3733,#3734,#3735,#3736,#3737,#3738,
#3739,#3740,#3741,#3742));
#3745=DERIVED_UNIT_ELEMENT(#3749,1.);
#3746=DERIVED_UNIT_ELEMENT(#11030,-3.);
#3747=DERIVED_UNIT_ELEMENT(#3749,1.);
#3748=DERIVED_UNIT_ELEMENT(#11030,-3.);
#3749=(
MASS_UNIT()
NAMED_UNIT(*)
SI_UNIT(.KILO.,.GRAM.)
);
#3750=DERIVED_UNIT((#3745,#3746));
#3751=DERIVED_UNIT((#3747,#3748));
#3752=MEASURE_REPRESENTATION_ITEM('density measure',
POSITIVE_RATIO_MEASURE(7850.),#3750);
#3753=MEASURE_REPRESENTATION_ITEM('density measure',
POSITIVE_RATIO_MEASURE(7850.),#3751);
#3754=PROPERTY_DEFINITION_REPRESENTATION(#3764,#3758);
#3755=PROPERTY_DEFINITION_REPRESENTATION(#3765,#3759);
#3756=PROPERTY_DEFINITION_REPRESENTATION(#3766,#3760);
#3757=PROPERTY_DEFINITION_REPRESENTATION(#3767,#3761);
#3758=REPRESENTATION('material name',(#3762),#11026);
#3759=REPRESENTATION('density',(#3752),#11026);
#3760=REPRESENTATION('material name',(#3763),#11027);
#3761=REPRESENTATION('density',(#3753),#11027);
#3762=DESCRIPTIVE_REPRESENTATION_ITEM('Steel','Steel');
#3763=DESCRIPTIVE_REPRESENTATION_ITEM('Steel','Steel');
#3764=PROPERTY_DEFINITION('material property','material name',#11046);
#3765=PROPERTY_DEFINITION('material property','density of part',#11046);
#3766=PROPERTY_DEFINITION('material property','material name',#11047);
#3767=PROPERTY_DEFINITION('material property','density of part',#11047);
#3768=AXIS2_PLACEMENT_3D('',#4834,#4011,#4012);
#3769=AXIS2_PLACEMENT_3D('',#4835,#4013,#4014);
#3770=AXIS2_PLACEMENT_3D('',#4836,#4015,#4016);
#3771=AXIS2_PLACEMENT_3D('',#4846,#4018,#4019);
#3772=AXIS2_PLACEMENT_3D('',#4857,#4020,#4021);
#3773=AXIS2_PLACEMENT_3D('',#4908,#4023,#4024);
#3774=AXIS2_PLACEMENT_3D('',#4959,#4026,#4027);
#3775=AXIS2_PLACEMENT_3D('',#5007,#4029,#4030);
#3776=AXIS2_PLACEMENT_3D('',#5058,#4032,#4033);
#3777=AXIS2_PLACEMENT_3D('',#5109,#4035,#4036);
#3778=AXIS2_PLACEMENT_3D('',#5157,#4038,#4039);
#3779=AXIS2_PLACEMENT_3D('',#5176,#4041,#4042);
#3780=AXIS2_PLACEMENT_3D('',#5196,#4043,#4044);
#3781=AXIS2_PLACEMENT_3D('',#5206,#4046,#4047);
#3782=AXIS2_PLACEMENT_3D('',#5217,#4048,#4049);
#3783=AXIS2_PLACEMENT_3D('',#5268,#4051,#4052);
#3784=AXIS2_PLACEMENT_3D('',#5319,#4054,#4055);
#3785=AXIS2_PLACEMENT_3D('',#5367,#4057,#4058);
#3786=AXIS2_PLACEMENT_3D('',#5418,#4060,#4061);
#3787=AXIS2_PLACEMENT_3D('',#5469,#4063,#4064);
#3788=AXIS2_PLACEMENT_3D('',#5517,#4066,#4067);
#3789=AXIS2_PLACEMENT_3D('',#5536,#4069,#4070);
#3790=AXIS2_PLACEMENT_3D('',#5556,#4071,#4072);
#3791=AXIS2_PLACEMENT_3D('',#5566,#4074,#4075);
#3792=AXIS2_PLACEMENT_3D('',#5577,#4076,#4077);
#3793=AXIS2_PLACEMENT_3D('',#5628,#4079,#4080);
#3794=AXIS2_PLACEMENT_3D('',#5679,#4082,#4083);
#3795=AXIS2_PLACEMENT_3D('',#5727,#4085,#4086);
#3796=AXIS2_PLACEMENT_3D('',#5778,#4088,#4089);
#3797=AXIS2_PLACEMENT_3D('',#5829,#4091,#4092);
#3798=AXIS2_PLACEMENT_3D('',#5877,#4094,#4095);
#3799=AXIS2_PLACEMENT_3D('',#5896,#4097,#4098);
#3800=AXIS2_PLACEMENT_3D('',#5916,#4099,#4100);
#3801=AXIS2_PLACEMENT_3D('',#5926,#4102,#4103);
#3802=AXIS2_PLACEMENT_3D('',#5937,#4104,#4105);
#3803=AXIS2_PLACEMENT_3D('',#5988,#4107,#4108);
#3804=AXIS2_PLACEMENT_3D('',#6039,#4110,#4111);
#3805=AXIS2_PLACEMENT_3D('',#6087,#4113,#4114);
#3806=AXIS2_PLACEMENT_3D('',#6138,#4116,#4117);
#3807=AXIS2_PLACEMENT_3D('',#6189,#4119,#4120);
#3808=AXIS2_PLACEMENT_3D('',#6237,#4122,#4123);
#3809=AXIS2_PLACEMENT_3D('',#6256,#4125,#4126);
#3810=AXIS2_PLACEMENT_3D('',#6276,#4127,#4128);
#3811=AXIS2_PLACEMENT_3D('',#6290,#4130,#4131);
#3812=AXIS2_PLACEMENT_3D('',#6300,#4132,#4133);
#3813=AXIS2_PLACEMENT_3D('',#6324,#4135,#4136);
#3814=AXIS2_PLACEMENT_3D('',#6349,#4138,#4139);
#3815=AXIS2_PLACEMENT_3D('',#6374,#4141,#4142);
#3816=AXIS2_PLACEMENT_3D('',#6398,#4144,#4145);
#3817=AXIS2_PLACEMENT_3D('',#6423,#4147,#4148);
#3818=AXIS2_PLACEMENT_3D('',#6448,#4150,#4151);
#3819=AXIS2_PLACEMENT_3D('',#6459,#4153,#4154);
#3820=AXIS2_PLACEMENT_3D('',#6465,#4155,#4156);
#3821=AXIS2_PLACEMENT_3D('',#6479,#4158,#4159);
#3822=AXIS2_PLACEMENT_3D('',#6489,#4160,#4161);
#3823=AXIS2_PLACEMENT_3D('',#6513,#4163,#4164);
#3824=AXIS2_PLACEMENT_3D('',#6538,#4166,#4167);
#3825=AXIS2_PLACEMENT_3D('',#6563,#4169,#4170);
#3826=AXIS2_PLACEMENT_3D('',#6587,#4172,#4173);
#3827=AXIS2_PLACEMENT_3D('',#6612,#4175,#4176);
#3828=AXIS2_PLACEMENT_3D('',#6637,#4178,#4179);
#3829=AXIS2_PLACEMENT_3D('',#6648,#4181,#4182);
#3830=AXIS2_PLACEMENT_3D('',#6654,#4183,#4184);
#3831=AXIS2_PLACEMENT_3D('',#6668,#4186,#4187);
#3832=AXIS2_PLACEMENT_3D('',#6678,#4188,#4189);
#3833=AXIS2_PLACEMENT_3D('',#6702,#4191,#4192);
#3834=AXIS2_PLACEMENT_3D('',#6727,#4194,#4195);
#3835=AXIS2_PLACEMENT_3D('',#6752,#4197,#4198);
#3836=AXIS2_PLACEMENT_3D('',#6776,#4200,#4201);
#3837=AXIS2_PLACEMENT_3D('',#6801,#4203,#4204);
#3838=AXIS2_PLACEMENT_3D('',#6826,#4206,#4207);
#3839=AXIS2_PLACEMENT_3D('',#6837,#4209,#4210);
#3840=AXIS2_PLACEMENT_3D('',#6843,#4211,#4212);
#3841=AXIS2_PLACEMENT_3D('',#6857,#4214,#4215);
#3842=AXIS2_PLACEMENT_3D('',#6867,#4216,#4217);
#3843=AXIS2_PLACEMENT_3D('',#6891,#4219,#4220);
#3844=AXIS2_PLACEMENT_3D('',#6916,#4222,#4223);
#3845=AXIS2_PLACEMENT_3D('',#6941,#4225,#4226);
#3846=AXIS2_PLACEMENT_3D('',#6965,#4228,#4229);
#3847=AXIS2_PLACEMENT_3D('',#6990,#4231,#4232);
#3848=AXIS2_PLACEMENT_3D('',#7015,#4234,#4235);
#3849=AXIS2_PLACEMENT_3D('',#7026,#4237,#4238);
#3850=AXIS2_PLACEMENT_3D('',#7032,#4239,#4240);
#3851=AXIS2_PLACEMENT_3D('',#7036,#4242,#4243);
#3852=AXIS2_PLACEMENT_3D('',#7037,#4244,#4245);
#3853=AXIS2_PLACEMENT_3D('',#7041,#4247,#4248);
#3854=AXIS2_PLACEMENT_3D('',#7043,#4250,#4251);
#3855=AXIS2_PLACEMENT_3D('',#7047,#4253,#4254);
#3856=AXIS2_PLACEMENT_3D('',#7048,#4255,#4256);
#3857=AXIS2_PLACEMENT_3D('',#7052,#4258,#4259);
#3858=AXIS2_PLACEMENT_3D('',#7054,#4261,#4262);
#3859=AXIS2_PLACEMENT_3D('',#7058,#4264,#4265);
#3860=AXIS2_PLACEMENT_3D('',#7059,#4266,#4267);
#3861=AXIS2_PLACEMENT_3D('',#7063,#4269,#4270);
#3862=AXIS2_PLACEMENT_3D('',#7065,#4272,#4273);
#3863=AXIS2_PLACEMENT_3D('',#7069,#4275,#4276);
#3864=AXIS2_PLACEMENT_3D('',#7070,#4277,#4278);
#3865=AXIS2_PLACEMENT_3D('',#7074,#4280,#4281);
#3866=AXIS2_PLACEMENT_3D('',#7076,#4283,#4284);
#3867=AXIS2_PLACEMENT_3D('',#7078,#4286,#4287);
#3868=AXIS2_PLACEMENT_3D('',#7080,#4289,#4290);
#3869=AXIS2_PLACEMENT_3D('',#7082,#4292,#4293);
#3870=AXIS2_PLACEMENT_3D('',#7084,#4295,#4296);
#3871=AXIS2_PLACEMENT_3D('',#7771,#4314,#4315);
#3872=AXIS2_PLACEMENT_3D('',#7784,#4322,#4323);
#3873=AXIS2_PLACEMENT_3D('',#7787,#4326,#4327);
#3874=AXIS2_PLACEMENT_3D('',#7790,#4330,#4331);
#3875=AXIS2_PLACEMENT_3D('',#7796,#4335,#4336);
#3876=AXIS2_PLACEMENT_3D('',#7801,#4339,#4340);
#3877=AXIS2_PLACEMENT_3D('',#7804,#4342,#4343);
#3878=AXIS2_PLACEMENT_3D('',#7805,#4344,#4345);
#3879=AXIS2_PLACEMENT_3D('',#7822,#4355,#4356);
#3880=AXIS2_PLACEMENT_3D('',#7831,#4361,#4362);
#3881=AXIS2_PLACEMENT_3D('',#7838,#4366,#4367);
#3882=AXIS2_PLACEMENT_3D('',#7844,#4371,#4372);
#3883=AXIS2_PLACEMENT_3D('',#7851,#4376,#4377);
#3884=AXIS2_PLACEMENT_3D('',#7857,#4381,#4382);
#3885=AXIS2_PLACEMENT_3D('',#7860,#4385,#4386);
#3886=AXIS2_PLACEMENT_3D('',#7867,#4390,#4391);
#3887=AXIS2_PLACEMENT_3D('',#7870,#4394,#4395);
#3888=AXIS2_PLACEMENT_3D('',#7873,#4398,#4399);
#3889=AXIS2_PLACEMENT_3D('',#7880,#4403,#4404);
#3890=AXIS2_PLACEMENT_3D('',#7883,#4407,#4408);
#3891=AXIS2_PLACEMENT_3D('',#7886,#4411,#4412);
#3892=AXIS2_PLACEMENT_3D('',#7892,#4416,#4417);
#3893=AXIS2_PLACEMENT_3D('',#7898,#4421,#4422);
#3894=AXIS2_PLACEMENT_3D('',#7900,#4424,#4425);
#3895=AXIS2_PLACEMENT_3D('',#7902,#4427,#4428);
#3896=AXIS2_PLACEMENT_3D('',#7904,#4430,#4431);
#3897=AXIS2_PLACEMENT_3D('',#7914,#4436,#4437);
#3898=AXIS2_PLACEMENT_3D('',#7915,#4438,#4439);
#3899=AXIS2_PLACEMENT_3D('',#8593,#4440,#4441);
#3900=AXIS2_PLACEMENT_3D('',#9271,#4442,#4443);
#3901=AXIS2_PLACEMENT_3D('',#9949,#4444,#4445);
#3902=AXIS2_PLACEMENT_3D('',#10627,#4446,#4447);
#3903=AXIS2_PLACEMENT_3D('',#10628,#4448,#4449);
#3904=AXIS2_PLACEMENT_3D('',#10629,#4450,#4451);
#3905=AXIS2_PLACEMENT_3D('',#10630,#4452,#4453);
#3906=AXIS2_PLACEMENT_3D('',#10631,#4454,#4455);
#3907=AXIS2_PLACEMENT_3D('',#10632,#4456,#4457);
#3908=AXIS2_PLACEMENT_3D('',#10633,#4458,#4459);
#3909=AXIS2_PLACEMENT_3D('',#10634,#4460,#4461);
#3910=AXIS2_PLACEMENT_3D('',#10635,#4462,#4463);
#3911=AXIS2_PLACEMENT_3D('',#10641,#4467,#4468);
#3912=AXIS2_PLACEMENT_3D('',#10647,#4472,#4473);
#3913=AXIS2_PLACEMENT_3D('',#10648,#4474,#4475);
#3914=AXIS2_PLACEMENT_3D('',#10649,#4476,#4477);
#3915=AXIS2_PLACEMENT_3D('',#10658,#4482,#4483);
#3916=AXIS2_PLACEMENT_3D('',#10664,#4487,#4488);
#3917=AXIS2_PLACEMENT_3D('',#10670,#4492,#4493);
#3918=AXIS2_PLACEMENT_3D('',#10672,#4494,#4495);
#3919=AXIS2_PLACEMENT_3D('',#10673,#4496,#4497);
#3920=AXIS2_PLACEMENT_3D('',#10674,#4498,#4499);
#3921=AXIS2_PLACEMENT_3D('',#10683,#4504,#4505);
#3922=AXIS2_PLACEMENT_3D('',#10689,#4509,#4510);
#3923=AXIS2_PLACEMENT_3D('',#10695,#4514,#4515);
#3924=AXIS2_PLACEMENT_3D('',#10696,#4516,#4517);
#3925=AXIS2_PLACEMENT_3D('',#10697,#4518,#4519);
#3926=AXIS2_PLACEMENT_3D('',#10706,#4524,#4525);
#3927=AXIS2_PLACEMENT_3D('',#10715,#4530,#4531);
#3928=AXIS2_PLACEMENT_3D('',#10717,#4533,#4534);
#3929=AXIS2_PLACEMENT_3D('',#10718,#4535,#4536);
#3930=AXIS2_PLACEMENT_3D('',#10722,#4539,#4540);
#3931=AXIS2_PLACEMENT_3D('',#10723,#4541,#4542);
#3932=AXIS2_PLACEMENT_3D('',#10724,#4543,#4544);
#3933=AXIS2_PLACEMENT_3D('',#10725,#4545,#4546);
#3934=AXIS2_PLACEMENT_3D('',#10726,#4547,#4548);
#3935=AXIS2_PLACEMENT_3D('',#10730,#4551,#4552);
#3936=AXIS2_PLACEMENT_3D('',#10732,#4554,#4555);
#3937=AXIS2_PLACEMENT_3D('',#10734,#4556,#4557);
#3938=AXIS2_PLACEMENT_3D('',#10736,#4559,#4560);
#3939=AXIS2_PLACEMENT_3D('',#10740,#4563,#4564);
#3940=AXIS2_PLACEMENT_3D('',#10741,#4565,#4566);
#3941=AXIS2_PLACEMENT_3D('',#10742,#4567,#4568);
#3942=AXIS2_PLACEMENT_3D('',#10745,#4571,#4572);
#3943=AXIS2_PLACEMENT_3D('',#10746,#4573,#4574);
#3944=AXIS2_PLACEMENT_3D('',#10747,#4575,#4576);
#3945=AXIS2_PLACEMENT_3D('',#10750,#4579,#4580);
#3946=AXIS2_PLACEMENT_3D('',#10752,#4582,#4583);
#3947=AXIS2_PLACEMENT_3D('',#10754,#4585,#4586);
#3948=AXIS2_PLACEMENT_3D('',#10755,#4587,#4588);
#3949=AXIS2_PLACEMENT_3D('',#10757,#4590,#4591);
#3950=AXIS2_PLACEMENT_3D('',#10759,#4593,#4594);
#3951=AXIS2_PLACEMENT_3D('',#10761,#4596,#4597);
#3952=AXIS2_PLACEMENT_3D('',#10762,#4598,#4599);
#3953=AXIS2_PLACEMENT_3D('',#10763,#4600,#4601);
#3954=AXIS2_PLACEMENT_3D('',#10772,#4606,#4607);
#3955=AXIS2_PLACEMENT_3D('',#10778,#4611,#4612);
#3956=AXIS2_PLACEMENT_3D('',#10784,#4616,#4617);
#3957=AXIS2_PLACEMENT_3D('',#10792,#4622,#4623);
#3958=AXIS2_PLACEMENT_3D('',#10800,#4628,#4629);
#3959=AXIS2_PLACEMENT_3D('',#10806,#4633,#4634);
#3960=AXIS2_PLACEMENT_3D('',#10814,#4639,#4640);
#3961=AXIS2_PLACEMENT_3D('',#10819,#4644,#4645);
#3962=AXIS2_PLACEMENT_3D('',#10825,#4649,#4650);
#3963=AXIS2_PLACEMENT_3D('',#10829,#4653,#4654);
#3964=AXIS2_PLACEMENT_3D('',#10833,#4657,#4658);
#3965=AXIS2_PLACEMENT_3D('',#10837,#4661,#4662);
#3966=AXIS2_PLACEMENT_3D('',#10841,#4665,#4666);
#3967=AXIS2_PLACEMENT_3D('',#10842,#4667,#4668);
#3968=AXIS2_PLACEMENT_3D('',#10845,#4669,#4670);
#3969=AXIS2_PLACEMENT_3D('',#10849,#4672,#4673);
#3970=AXIS2_PLACEMENT_3D('',#10851,#4675,#4676);
#3971=AXIS2_PLACEMENT_3D('',#10857,#4680,#4681);
#3972=AXIS2_PLACEMENT_3D('',#10863,#4685,#4686);
#3973=AXIS2_PLACEMENT_3D('',#10871,#4691,#4692);
#3974=AXIS2_PLACEMENT_3D('',#10874,#4693,#4694);
#3975=AXIS2_PLACEMENT_3D('',#10878,#4696,#4697);
#3976=AXIS2_PLACEMENT_3D('',#10880,#4699,#4700);
#3977=AXIS2_PLACEMENT_3D('',#10886,#4704,#4705);
#3978=AXIS2_PLACEMENT_3D('',#10892,#4709,#4710);
#3979=AXIS2_PLACEMENT_3D('',#10895,#4713,#4714);
#3980=AXIS2_PLACEMENT_3D('',#10898,#4715,#4716);
#3981=AXIS2_PLACEMENT_3D('',#10902,#4718,#4719);
#3982=AXIS2_PLACEMENT_3D('',#10904,#4721,#4722);
#3983=AXIS2_PLACEMENT_3D('',#10910,#4726,#4727);
#3984=AXIS2_PLACEMENT_3D('',#10916,#4731,#4732);
#3985=AXIS2_PLACEMENT_3D('',#10922,#4736,#4737);
#3986=AXIS2_PLACEMENT_3D('',#10925,#4738,#4739);
#3987=AXIS2_PLACEMENT_3D('',#10929,#4741,#4742);
#3988=AXIS2_PLACEMENT_3D('',#10931,#4744,#4745);
#3989=AXIS2_PLACEMENT_3D('',#10937,#4749,#4750);
#3990=AXIS2_PLACEMENT_3D('',#10940,#4753,#4754);
#3991=AXIS2_PLACEMENT_3D('',#10946,#4758,#4759);
#3992=AXIS2_PLACEMENT_3D('',#10952,#4763,#4764);
#3993=AXIS2_PLACEMENT_3D('',#10960,#4769,#4770);
#3994=AXIS2_PLACEMENT_3D('',#10963,#4773,#4774);
#3995=AXIS2_PLACEMENT_3D('',#10966,#4777,#4778);
#3996=AXIS2_PLACEMENT_3D('',#10972,#4782,#4783);
#3997=AXIS2_PLACEMENT_3D('',#10976,#4786,#4787);
#3998=AXIS2_PLACEMENT_3D('',#10985,#4792,#4793);
#3999=AXIS2_PLACEMENT_3D('',#10989,#4796,#4797);
#4000=AXIS2_PLACEMENT_3D('',#10993,#4800,#4801);
#4001=AXIS2_PLACEMENT_3D('',#10995,#4803,#4804);
#4002=AXIS2_PLACEMENT_3D('',#10999,#4807,#4808);
#4003=AXIS2_PLACEMENT_3D('',#11008,#4813,#4814);
#4004=AXIS2_PLACEMENT_3D('',#11011,#4817,#4818);
#4005=AXIS2_PLACEMENT_3D('',#11013,#4820,#4821);
#4006=AXIS2_PLACEMENT_3D('',#11015,#4823,#4824);
#4007=AXIS2_PLACEMENT_3D('',#11016,#4825,#4826);
#4008=AXIS2_PLACEMENT_3D('',#11018,#4828,#4829);
#4009=AXIS2_PLACEMENT_3D('',#11019,#4830,#4831);
#4010=AXIS2_PLACEMENT_3D('',#11020,#4832,#4833);
#4011=DIRECTION('axis',(0.,0.,1.));
#4012=DIRECTION('refdir',(1.,0.,0.));
#4013=DIRECTION('axis',(0.,0.,1.));
#4014=DIRECTION('refdir',(1.,0.,0.));
#4015=DIRECTION('center_axis',(0.,0.,-1.));
#4016=DIRECTION('ref_axis',(-0.348572399392873,0.937281858557763,0.));
#4017=DIRECTION('',(0.,0.,-1.));
#4018=DIRECTION('center_axis',(0.,0.,-1.));
#4019=DIRECTION('ref_axis',(1.,0.,0.));
#4020=DIRECTION('center_axis',(0.,0.,-1.));
#4021=DIRECTION('ref_axis',(1.,0.,0.));
#4022=DIRECTION('',(0.,0.,-1.));
#4023=DIRECTION('center_axis',(0.,0.,-1.));
#4024=DIRECTION('ref_axis',(1.,0.,0.));
#4025=DIRECTION('',(0.,0.,-1.));
#4026=DIRECTION('center_axis',(0.,0.,-1.));
#4027=DIRECTION('ref_axis',(1.,0.,0.));
#4028=DIRECTION('',(0.,0.,-1.));
#4029=DIRECTION('center_axis',(0.,0.,-1.));
#4030=DIRECTION('ref_axis',(1.,0.,0.));
#4031=DIRECTION('',(0.,0.,-1.));
#4032=DIRECTION('center_axis',(0.,0.,-1.));
#4033=DIRECTION('ref_axis',(1.,0.,0.));
#4034=DIRECTION('',(0.,0.,-1.));
#4035=DIRECTION('center_axis',(0.,0.,-1.));
#4036=DIRECTION('ref_axis',(1.,0.,0.));
#4037=DIRECTION('',(0.,0.,-1.));
#4038=DIRECTION('center_axis',(0.,0.,-1.));
#4039=DIRECTION('ref_axis',(0.937375860622785,-0.348319531352598,0.));
#4040=DIRECTION('',(0.,0.,-1.));
#4041=DIRECTION('center_axis',(0.,0.,-1.));
#4042=DIRECTION('ref_axis',(1.,0.,0.));
#4043=DIRECTION('center_axis',(0.,0.,-1.));
#4044=DIRECTION('ref_axis',(-0.348592041808887,0.937274553366041,0.));
#4045=DIRECTION('',(0.,0.,-1.));
#4046=DIRECTION('center_axis',(0.,0.,-1.));
#4047=DIRECTION('ref_axis',(1.,0.,0.));
#4048=DIRECTION('center_axis',(0.,0.,-1.));
#4049=DIRECTION('ref_axis',(1.,0.,0.));
#4050=DIRECTION('',(0.,0.,-1.));
#4051=DIRECTION('center_axis',(0.,0.,-1.));
#4052=DIRECTION('ref_axis',(1.,0.,0.));
#4053=DIRECTION('',(0.,0.,-1.));
#4054=DIRECTION('center_axis',(0.,0.,-1.));
#4055=DIRECTION('ref_axis',(1.,0.,0.));
#4056=DIRECTION('',(0.,0.,-1.));
#4057=DIRECTION('center_axis',(0.,0.,-1.));
#4058=DIRECTION('ref_axis',(1.,0.,0.));
#4059=DIRECTION('',(0.,0.,-1.));
#4060=DIRECTION('center_axis',(0.,0.,-1.));
#4061=DIRECTION('ref_axis',(1.,0.,0.));
#4062=DIRECTION('',(0.,0.,-1.));
#4063=DIRECTION('center_axis',(0.,0.,-1.));
#4064=DIRECTION('ref_axis',(1.,0.,0.));
#4065=DIRECTION('',(0.,0.,-1.));
#4066=DIRECTION('center_axis',(0.,0.,-1.));
#4067=DIRECTION('ref_axis',(0.937376539488727,-0.348317704425341,0.));
#4068=DIRECTION('',(0.,0.,-1.));
#4069=DIRECTION('center_axis',(0.,0.,-1.));
#4070=DIRECTION('ref_axis',(1.,0.,0.));
#4071=DIRECTION('center_axis',(0.,0.,-1.));
#4072=DIRECTION('ref_axis',(-0.348618914746937,0.937264558318871,0.));
#4073=DIRECTION('',(0.,0.,-1.));
#4074=DIRECTION('center_axis',(0.,0.,-1.));
#4075=DIRECTION('ref_axis',(1.,0.,0.));
#4076=DIRECTION('center_axis',(0.,0.,-1.));
#4077=DIRECTION('ref_axis',(1.,0.,0.));
#4078=DIRECTION('',(0.,0.,-1.));
#4079=DIRECTION('center_axis',(0.,0.,-1.));
#4080=DIRECTION('ref_axis',(1.,0.,0.));
#4081=DIRECTION('',(0.,0.,-1.));
#4082=DIRECTION('center_axis',(0.,0.,-1.));
#4083=DIRECTION('ref_axis',(1.,0.,0.));
#4084=DIRECTION('',(0.,0.,-1.));
#4085=DIRECTION('center_axis',(0.,0.,-1.));
#4086=DIRECTION('ref_axis',(1.,0.,0.));
#4087=DIRECTION('',(0.,0.,-1.));
#4088=DIRECTION('center_axis',(0.,0.,-1.));
#4089=DIRECTION('ref_axis',(1.,0.,0.));
#4090=DIRECTION('',(0.,0.,-1.));
#4091=DIRECTION('center_axis',(0.,0.,-1.));
#4092=DIRECTION('ref_axis',(1.,0.,0.));
#4093=DIRECTION('',(0.,0.,-1.));
#4094=DIRECTION('center_axis',(0.,0.,-1.));
#4095=DIRECTION('ref_axis',(0.937375631999288,-0.348320146609316,0.));
#4096=DIRECTION('',(0.,0.,-1.));
#4097=DIRECTION('center_axis',(0.,0.,-1.));
#4098=DIRECTION('ref_axis',(1.,0.,0.));
#4099=DIRECTION('center_axis',(0.,0.,-1.));
#4100=DIRECTION('ref_axis',(-0.348543841388784,0.937292478701259,0.));
#4101=DIRECTION('',(0.,0.,-1.));
#4102=DIRECTION('center_axis',(0.,0.,-1.));
#4103=DIRECTION('ref_axis',(1.,0.,0.));
#4104=DIRECTION('center_axis',(0.,0.,-1.));
#4105=DIRECTION('ref_axis',(1.,0.,0.));
#4106=DIRECTION('',(0.,0.,-1.));
#4107=DIRECTION('center_axis',(0.,0.,-1.));
#4108=DIRECTION('ref_axis',(1.,0.,0.));
#4109=DIRECTION('',(0.,0.,-1.));
#4110=DIRECTION('center_axis',(0.,0.,-1.));
#4111=DIRECTION('ref_axis',(1.,0.,0.));
#4112=DIRECTION('',(0.,0.,-1.));
#4113=DIRECTION('center_axis',(0.,0.,-1.));
#4114=DIRECTION('ref_axis',(1.,0.,0.));
#4115=DIRECTION('',(0.,0.,-1.));
#4116=DIRECTION('center_axis',(0.,0.,-1.));
#4117=DIRECTION('ref_axis',(1.,0.,0.));
#4118=DIRECTION('',(0.,0.,-1.));
#4119=DIRECTION('center_axis',(0.,0.,-1.));
#4120=DIRECTION('ref_axis',(1.,0.,0.));
#4121=DIRECTION('',(0.,0.,-1.));
#4122=DIRECTION('center_axis',(0.,0.,-1.));
#4123=DIRECTION('ref_axis',(0.937370805840289,-0.348333134166602,0.));
#4124=DIRECTION('',(0.,0.,-1.));
#4125=DIRECTION('center_axis',(0.,0.,-1.));
#4126=DIRECTION('ref_axis',(1.,0.,0.));
#4127=DIRECTION('center_axis',(0.,0.,-1.));
#4128=DIRECTION('ref_axis',(0.793239536755897,0.608909711966635,0.));
#4129=DIRECTION('',(1.22464679914735E-16,-2.74659599554883E-30,-1.));
#4130=DIRECTION('center_axis',(0.,0.,1.));
#4131=DIRECTION('ref_axis',(1.,-2.23051936250032E-14,0.));
#4132=DIRECTION('center_axis',(0.,0.,-1.));
#4133=DIRECTION('ref_axis',(1.,-2.23051936250032E-14,0.));
#4134=DIRECTION('',(1.22464679914735E-16,-2.74659599554883E-30,-1.));
#4135=DIRECTION('center_axis',(0.,0.,-1.));
#4136=DIRECTION('ref_axis',(1.,-2.23051936250032E-14,0.));
#4137=DIRECTION('',(1.22464679914735E-16,-2.74659599554883E-30,-1.));
#4138=DIRECTION('center_axis',(0.,0.,-1.));
#4139=DIRECTION('ref_axis',(1.,-2.23051936250032E-14,0.));
#4140=DIRECTION('',(1.22464679914735E-16,-2.74659599554883E-30,-1.));
#4141=DIRECTION('center_axis',(0.,0.,-1.));
#4142=DIRECTION('ref_axis',(1.,-2.23051936250032E-14,0.));
#4143=DIRECTION('',(1.22464679914735E-16,-2.74659599554883E-30,-1.));
#4144=DIRECTION('center_axis',(0.,0.,-1.));
#4145=DIRECTION('ref_axis',(1.,-2.23051936250032E-14,0.));
#4146=DIRECTION('',(1.22464679914735E-16,-2.74659599554883E-30,-1.));
#4147=DIRECTION('center_axis',(0.,0.,-1.));
#4148=DIRECTION('ref_axis',(1.,-2.23051936250032E-14,0.));
#4149=DIRECTION('',(1.22464679914735E-16,-2.74659599554883E-30,-1.));
#4150=DIRECTION('center_axis',(0.,0.,-1.));
#4151=DIRECTION('ref_axis',(-0.609086700118842,-0.793103645016425,0.));
#4152=DIRECTION('',(1.22464679914735E-16,-2.74659599554883E-30,-1.));
#4153=DIRECTION('center_axis',(0.,0.,-1.));
#4154=DIRECTION('ref_axis',(1.,-2.23051936250032E-14,0.));
#4155=DIRECTION('center_axis',(0.,0.,-1.));
#4156=DIRECTION('ref_axis',(0.793246087675179,0.608901177850743,0.));
#4157=DIRECTION('',(1.22464679914735E-16,-2.65847991820296E-30,-1.));
#4158=DIRECTION('center_axis',(0.,0.,1.));
#4159=DIRECTION('ref_axis',(1.,-2.15856712500032E-14,0.));
#4160=DIRECTION('center_axis',(0.,0.,-1.));
#4161=DIRECTION('ref_axis',(1.,-2.15856712500032E-14,0.));
#4162=DIRECTION('',(1.22464679914735E-16,-2.65847991820296E-30,-1.));
#4163=DIRECTION('center_axis',(0.,0.,-1.));
#4164=DIRECTION('ref_axis',(1.,-2.15856712500032E-14,0.));
#4165=DIRECTION('',(1.22464679914735E-16,-2.65847991820296E-30,-1.));
#4166=DIRECTION('center_axis',(0.,0.,-1.));
#4167=DIRECTION('ref_axis',(1.,-2.15856712500032E-14,0.));
#4168=DIRECTION('',(1.22464679914735E-16,-2.65847991820296E-30,-1.));
#4169=DIRECTION('center_axis',(0.,0.,-1.));
#4170=DIRECTION('ref_axis',(1.,-2.15856712500032E-14,0.));
#4171=DIRECTION('',(1.22464679914735E-16,-2.65847991820296E-30,-1.));
#4172=DIRECTION('center_axis',(0.,0.,-1.));
#4173=DIRECTION('ref_axis',(1.,-2.15856712500032E-14,0.));
#4174=DIRECTION('',(1.22464679914735E-16,-2.65847991820296E-30,-1.));
#4175=DIRECTION('center_axis',(0.,0.,-1.));
#4176=DIRECTION('ref_axis',(1.,-2.15856712500032E-14,0.));
#4177=DIRECTION('',(1.22464679914735E-16,-2.65847991820296E-30,-1.));
#4178=DIRECTION('center_axis',(0.,0.,-1.));
#4179=DIRECTION('ref_axis',(-0.60907883569666,-0.793109684663099,0.));
#4180=DIRECTION('',(1.22464679914735E-16,-2.65847991820296E-30,-1.));
#4181=DIRECTION('center_axis',(0.,0.,-1.));
#4182=DIRECTION('ref_axis',(1.,-2.15856712500032E-14,0.));
#4183=DIRECTION('center_axis',(0.,0.,-1.));
#4184=DIRECTION('ref_axis',(0.793246442499319,0.60890071560327,0.));
#4185=DIRECTION('',(1.22464679914735E-16,-2.8347120728947E-30,-1.));
#4186=DIRECTION('center_axis',(0.,0.,1.));
#4187=DIRECTION('ref_axis',(1.,-2.30247160000032E-14,0.));
#4188=DIRECTION('center_axis',(0.,0.,-1.));
#4189=DIRECTION('ref_axis',(1.,-2.30247160000032E-14,0.));
#4190=DIRECTION('',(1.22464679914735E-16,-2.8347120728947E-30,-1.));
#4191=DIRECTION('center_axis',(0.,0.,-1.));
#4192=DIRECTION('ref_axis',(1.,-2.30247160000032E-14,0.));
#4193=DIRECTION('',(1.22464679914735E-16,-2.8347120728947E-30,-1.));
#4194=DIRECTION('center_axis',(0.,0.,-1.));
#4195=DIRECTION('ref_axis',(1.,-2.30247160000032E-14,0.));
#4196=DIRECTION('',(1.22464679914735E-16,-2.8347120728947E-30,-1.));
#4197=DIRECTION('center_axis',(0.,0.,-1.));
#4198=DIRECTION('ref_axis',(1.,-2.30247160000032E-14,0.));
#4199=DIRECTION('',(1.22464679914735E-16,-2.8347120728947E-30,-1.));
#4200=DIRECTION('center_axis',(0.,0.,-1.));
#4201=DIRECTION('ref_axis',(1.,-2.30247160000032E-14,0.));
#4202=DIRECTION('',(1.22464679914735E-16,-2.8347120728947E-30,-1.));
#4203=DIRECTION('center_axis',(0.,0.,-1.));
#4204=DIRECTION('ref_axis',(1.,-2.30247160000032E-14,0.));
#4205=DIRECTION('',(1.22464679914735E-16,-2.8347120728947E-30,-1.));
#4206=DIRECTION('center_axis',(0.,0.,-1.));
#4207=DIRECTION('ref_axis',(-0.609078497794108,-0.793109944159618,0.));
#4208=DIRECTION('',(1.22464679914735E-16,-2.8347120728947E-30,-1.));
#4209=DIRECTION('center_axis',(0.,0.,-1.));
#4210=DIRECTION('ref_axis',(1.,-2.30247160000032E-14,0.));
#4211=DIRECTION('center_axis',(0.,0.,-1.));
#4212=DIRECTION('ref_axis',(0.793244139541793,0.608903715773357,0.));
#4213=DIRECTION('',(1.22464679914735E-16,-4.24456931042872E-30,-1.));
#4214=DIRECTION('center_axis',(0.,0.,1.));
#4215=DIRECTION('ref_axis',(1.,-3.45370740000047E-14,0.));
#4216=DIRECTION('center_axis',(0.,0.,-1.));
#4217=DIRECTION('ref_axis',(1.,-3.45370740000046E-14,0.));
#4218=DIRECTION('',(1.22464679914735E-16,-4.24456931042872E-30,-1.));
#4219=DIRECTION('center_axis',(0.,0.,-1.));
#4220=DIRECTION('ref_axis',(1.,-3.45370740000046E-14,0.));
#4221=DIRECTION('',(1.22464679914735E-16,-4.24456931042872E-30,-1.));
#4222=DIRECTION('center_axis',(0.,0.,-1.));
#4223=DIRECTION('ref_axis',(1.,-3.45370740000046E-14,0.));
#4224=DIRECTION('',(1.22464679914735E-16,-4.24456931042872E-30,-1.));
#4225=DIRECTION('center_axis',(0.,0.,-1.));
#4226=DIRECTION('ref_axis',(1.,-3.45370740000046E-14,0.));
#4227=DIRECTION('',(1.22464679914735E-16,-4.24456931042872E-30,-1.));
#4228=DIRECTION('center_axis',(0.,0.,-1.));
#4229=DIRECTION('ref_axis',(1.,-3.45370740000046E-14,0.));
#4230=DIRECTION('',(1.22464679914735E-16,-4.24456931042872E-30,-1.));
#4231=DIRECTION('center_axis',(0.,0.,-1.));
#4232=DIRECTION('ref_axis',(1.,-3.45370740000046E-14,0.));
#4233=DIRECTION('',(1.22464679914735E-16,-4.24456931042872E-30,-1.));
#4234=DIRECTION('center_axis',(0.,0.,-1.));
#4235=DIRECTION('ref_axis',(-0.609081490837177,-0.793107645606548,0.));
#4236=DIRECTION('',(1.22464679914735E-16,-4.24456931042872E-30,-1.));
#4237=DIRECTION('center_axis',(0.,0.,-1.));
#4238=DIRECTION('ref_axis',(1.,-3.45370740000046E-14,0.));
#4239=DIRECTION('center_axis',(0.960493998204572,6.00006183934459E-15,-0.278300699627212));
#4240=DIRECTION('ref_axis',(5.76319465905985E-15,-1.,-1.66923029462459E-15));
#4241=DIRECTION('',(0.278300699627212,0.,0.960493998204572));
#4242=DIRECTION('center_axis',(0.960493998204572,6.00006183934459E-15,-0.278300699627212));
#4243=DIRECTION('ref_axis',(-0.278300699627212,2.7749421354669E-15,-0.960493998204572));
#4244=DIRECTION('center_axis',(-0.960493998204572,-5.97023953960612E-15,
0.278300699627212));
#4245=DIRECTION('ref_axis',(-0.278300699627212,2.7749421354669E-15,-0.960493998204572));
#4246=DIRECTION('',(0.960493998204572,5.97023953960611E-15,-0.278300699627212));
#4247=DIRECTION('center_axis',(0.960493998204572,6.00006183934459E-15,-0.278300699627212));
#4248=DIRECTION('ref_axis',(-0.278300699627212,2.7749421354669E-15,-0.960493998204572));
#4249=DIRECTION('',(-0.960493998204572,-5.97023953960611E-15,0.278300699627212));
#4250=DIRECTION('center_axis',(0.960493998204573,-5.868285648603E-15,-0.278300699627209));
#4251=DIRECTION('ref_axis',(-5.63628187172013E-15,-1.,1.63373911469007E-15));
#4252=DIRECTION('',(-0.278300699627209,0.,-0.960493998204573));
#4253=DIRECTION('center_axis',(-0.960493998204573,5.868285648603E-15,0.278300699627209));
#4254=DIRECTION('ref_axis',(-0.278300699627209,2.7749421354669E-15,-0.960493998204573));
#4255=DIRECTION('center_axis',(-0.960493998204573,5.83846334886453E-15,
0.278300699627209));
#4256=DIRECTION('ref_axis',(-0.278300699627209,2.7749421354669E-15,-0.960493998204573));
#4257=DIRECTION('',(0.960493998204573,-5.83846334886453E-15,-0.278300699627209));
#4258=DIRECTION('center_axis',(-0.960493998204573,5.868285648603E-15,0.278300699627209));
#4259=DIRECTION('ref_axis',(-0.278300699627209,2.7749421354669E-15,-0.960493998204573));
#4260=DIRECTION('',(-0.960493998204573,5.83846334886453E-15,0.278300699627209));
#4261=DIRECTION('center_axis',(-0.960493998204572,6.07924324796612E-15,
0.278300699627212));
#4262=DIRECTION('ref_axis',(5.83924792681021E-15,1.,-1.69126653604143E-15));
#4263=DIRECTION('',(0.278300699627212,0.,0.960493998204572));
#4264=DIRECTION('center_axis',(-0.960493998204572,6.07924324796612E-15,
0.278300699627212));
#4265=DIRECTION('ref_axis',(-0.278300699627212,-2.7749421354669E-15,-0.960493998204572));
#4266=DIRECTION('center_axis',(0.960493998204572,-6.04942094822764E-15,
-0.278300699627212));
#4267=DIRECTION('ref_axis',(-0.278300699627212,-2.7749421354669E-15,-0.960493998204572));
#4268=DIRECTION('',(0.960493998204572,-6.04942094822764E-15,-0.278300699627212));
#4269=DIRECTION('center_axis',(-0.960493998204572,6.07924324796612E-15,
0.278300699627212));
#4270=DIRECTION('ref_axis',(-0.278300699627212,-2.7749421354669E-15,-0.960493998204572));
#4271=DIRECTION('',(-0.960493998204572,6.04942094822764E-15,0.278300699627212));
#4272=DIRECTION('center_axis',(-0.960493998204573,-5.78910423998148E-15,
0.278300699627209));
#4273=DIRECTION('ref_axis',(-5.56022860396977E-15,1.,1.61170287327323E-15));
#4274=DIRECTION('',(0.278300699627209,0.,0.960493998204573));
#4275=DIRECTION('center_axis',(0.960493998204573,5.78910423998148E-15,-0.278300699627209));
#4276=DIRECTION('ref_axis',(-0.278300699627209,-2.7749421354669E-15,-0.960493998204573));
#4277=DIRECTION('center_axis',(0.960493998204573,5.759281940243E-15,-0.278300699627209));
#4278=DIRECTION('ref_axis',(-0.278300699627209,-2.7749421354669E-15,-0.960493998204573));
#4279=DIRECTION('',(0.960493998204573,5.759281940243E-15,-0.278300699627209));
#4280=DIRECTION('center_axis',(0.960493998204573,5.78910423998148E-15,-0.278300699627209));
#4281=DIRECTION('ref_axis',(-0.278300699627209,-2.7749421354669E-15,-0.960493998204573));
#4282=DIRECTION('',(-0.960493998204573,-5.759281940243E-15,0.278300699627209));
#4283=DIRECTION('center_axis',(0.960493998204572,6.00006183934459E-15,-0.278300699627212));
#4284=DIRECTION('ref_axis',(5.76319465905985E-15,-1.,-1.66923029462459E-15));
#4285=DIRECTION('',(0.278300699627212,0.,0.960493998204572));
#4286=DIRECTION('center_axis',(0.960493998204573,-5.868285648603E-15,-0.278300699627209));
#4287=DIRECTION('ref_axis',(-5.63628187172013E-15,-1.,1.63373911469007E-15));
#4288=DIRECTION('',(-0.278300699627209,0.,-0.960493998204573));
#4289=DIRECTION('center_axis',(-0.960493998204572,6.07924324796612E-15,
0.278300699627212));
#4290=DIRECTION('ref_axis',(5.83924792681021E-15,1.,-1.69126653604143E-15));
#4291=DIRECTION('',(-0.278300699627212,0.,-0.960493998204572));
#4292=DIRECTION('center_axis',(-0.960493998204573,-5.78910423998148E-15,
0.278300699627209));
#4293=DIRECTION('ref_axis',(-5.56022860396977E-15,1.,1.61170287327323E-15));
#4294=DIRECTION('',(-0.278300699627209,0.,-0.960493998204573));
#4295=DIRECTION('center_axis',(0.,0.,1.));
#4296=DIRECTION('ref_axis',(1.,0.,0.));
#4297=DIRECTION('',(0.,-1.,0.));
#4298=DIRECTION('',(-1.,0.,0.));
#4299=DIRECTION('',(0.,-1.,0.));
#4300=DIRECTION('',(-1.,0.,0.));
#4301=DIRECTION('',(0.,-1.,0.));
#4302=DIRECTION('',(-1.,0.,0.));
#4303=DIRECTION('',(0.,1.,0.));
#4304=DIRECTION('',(1.,0.,0.));
#4305=DIRECTION('',(0.,-1.,0.));
#4306=DIRECTION('',(-1.,0.,0.));
#4307=DIRECTION('',(0.,1.,0.));
#4308=DIRECTION('',(0.,-1.,0.));
#4309=DIRECTION('',(1.,0.,0.));
#4310=DIRECTION('',(0.,1.,0.));
#4311=DIRECTION('',(1.,0.,0.));
#4312=DIRECTION('',(0.,-1.,0.));
#4313=DIRECTION('',(-1.,0.,0.));
#4314=DIRECTION('center_axis',(0.,0.,1.));
#4315=DIRECTION('ref_axis',(-1.,0.,0.));
#4316=DIRECTION('',(0.,1.,0.));
#4317=DIRECTION('',(-1.,0.,0.));
#4318=DIRECTION('',(0.,-1.,0.));
#4319=DIRECTION('',(-1.,0.,0.));
#4320=DIRECTION('',(0.,1.,0.));
#4321=DIRECTION('',(1.,0.,0.));
#4322=DIRECTION('center_axis',(1.,0.,0.));
#4323=DIRECTION('ref_axis',(0.,0.,1.));
#4324=DIRECTION('',(0.,0.,-1.));
#4325=DIRECTION('',(0.,0.,1.));
#4326=DIRECTION('center_axis',(-1.,0.,0.));
#4327=DIRECTION('ref_axis',(0.,0.,-1.));
#4328=DIRECTION('',(0.,0.,-1.));
#4329=DIRECTION('',(0.,0.,-1.));
#4330=DIRECTION('center_axis',(0.965925826289068,0.,-0.258819045102521));
#4331=DIRECTION('ref_axis',(-0.258819045102521,0.,-0.965925826289068));
#4332=DIRECTION('',(-0.258819045102521,0.,-0.965925826289068));
#4333=DIRECTION('',(0.,1.,0.));
#4334=DIRECTION('',(0.258819045102521,0.,0.965925826289068));
#4335=DIRECTION('center_axis',(0.,1.,0.));
#4336=DIRECTION('ref_axis',(0.,0.,1.));
#4337=DIRECTION('',(0.960493998204572,0.,-0.27830069962721));
#4338=DIRECTION('',(0.,0.,-1.));
#4339=DIRECTION('center_axis',(0.,-1.,0.));
#4340=DIRECTION('ref_axis',(0.,0.,1.));
#4341=DIRECTION('',(-1.,0.,0.));
#4342=DIRECTION('center_axis',(0.,-1.,0.));
#4343=DIRECTION('ref_axis',(0.,0.,-1.));
#4344=DIRECTION('center_axis',(0.,1.,0.));
#4345=DIRECTION('ref_axis',(0.,0.,1.));
#4346=DIRECTION('',(0.,0.,-1.));
#4347=DIRECTION('',(1.,0.,0.));
#4348=DIRECTION('',(0.,0.,-1.));
#4349=DIRECTION('',(1.,1.42108547152038E-14,0.));
#4350=DIRECTION('',(0.,0.,-1.));
#4351=DIRECTION('',(1.,0.,0.));
#4352=DIRECTION('',(0.,0.,-1.));
#4353=DIRECTION('',(0.,0.,1.));
#4354=DIRECTION('',(-0.960493998204572,0.,0.27830069962721));
#4355=DIRECTION('center_axis',(-0.683012701892224,0.707106781186543,0.183012701892221));
#4356=DIRECTION('ref_axis',(0.258819045102521,0.,0.965925826289068));
#4357=DIRECTION('',(0.258819045102521,0.,0.965925826289068));
#4358=DIRECTION('',(0.679241275015768,0.707034461421846,-0.196808436498221));
#4359=DIRECTION('',(-0.258819045102521,0.,-0.965925826289068));
#4360=DIRECTION('',(-0.704062592219639,-0.704062592219633,0.0926915987235742));
#4361=DIRECTION('center_axis',(-0.577350269189625,-0.577350269189627,-0.577350269189626));
#4362=DIRECTION('ref_axis',(-0.707106781186548,0.,0.707106781186547));
#4363=DIRECTION('',(0.,0.707106781186547,-0.707106781186548));
#4364=DIRECTION('',(0.707106781186548,-0.707106781186547,5.23364152894591E-16));
#4365=DIRECTION('',(-0.707106781186548,0.,0.707106781186547));
#4366=DIRECTION('center_axis',(-0.707106781186547,-0.707106781186548,0.));
#4367=DIRECTION('ref_axis',(0.,0.,1.));
#4368=DIRECTION('',(0.,0.,-1.));
#4369=DIRECTION('',(0.,0.,1.));
#4370=DIRECTION('',(-0.704062592219638,0.704062592219636,0.0926915987235654));
#4371=DIRECTION('center_axis',(0.577350269189624,-0.577350269189627,-0.577350269189626));
#4372=DIRECTION('ref_axis',(-0.707106781186549,0.,-0.707106781186546));
#4373=DIRECTION('',(-0.707106781186548,0.,-0.707106781186547));
#4374=DIRECTION('',(0.707106781186548,0.707106781186547,-2.09345661157836E-15));
#4375=DIRECTION('',(0.,-0.707106781186547,0.707106781186548));
#4376=DIRECTION('center_axis',(0.707106781186547,-0.707106781186548,0.));
#4377=DIRECTION('ref_axis',(0.,0.,-1.));
#4378=DIRECTION('',(-0.692717211282221,-0.692717211282219,0.200713054848878));
#4379=DIRECTION('',(0.,0.,-1.));
#4380=DIRECTION('',(0.,0.,1.));
#4381=DIRECTION('center_axis',(0.,-0.707106781186548,-0.707106781186547));
#4382=DIRECTION('ref_axis',(-1.,0.,0.));
#4383=DIRECTION('',(-1.,0.,0.));
#4384=DIRECTION('',(1.,0.,0.));
#4385=DIRECTION('center_axis',(-0.577350269189624,0.577350269189629,-0.577350269189625));
#4386=DIRECTION('ref_axis',(-0.707106781186548,0.,0.707106781186547));
#4387=DIRECTION('',(0.,0.707106781186544,0.707106781186551));
#4388=DIRECTION('',(0.707106781186548,0.,-0.707106781186547));
#4389=DIRECTION('',(-0.707106781186551,-0.707106781186544,-5.23364152894594E-16));
#4390=DIRECTION('center_axis',(-0.707106781186547,0.,-0.707106781186548));
#4391=DIRECTION('ref_axis',(-0.707106781186548,0.,0.707106781186547));
#4392=DIRECTION('',(0.,-1.,0.));
#4393=DIRECTION('',(0.,1.,0.));
#4394=DIRECTION('center_axis',(-0.707106781186544,0.707106781186551,0.));
#4395=DIRECTION('ref_axis',(0.,0.,1.));
#4396=DIRECTION('',(0.,0.,-1.));
#4397=DIRECTION('',(0.,0.,1.));
#4398=DIRECTION('center_axis',(0.577350269189623,0.57735026918963,-0.577350269189624));
#4399=DIRECTION('ref_axis',(-0.707106781186548,0.,-0.707106781186547));
#4400=DIRECTION('',(-0.707106781186552,0.707106781186543,2.09345661157837E-15));
#4401=DIRECTION('',(0.707106781186548,0.,0.707106781186547));
#4402=DIRECTION('',(0.,-0.707106781186544,-0.707106781186551));
#4403=DIRECTION('center_axis',(0.707106781186547,0.,-0.707106781186548));
#4404=DIRECTION('ref_axis',(-0.707106781186548,0.,-0.707106781186547));
#4405=DIRECTION('',(0.,-1.,0.));
#4406=DIRECTION('',(0.,1.,0.));
#4407=DIRECTION('center_axis',(0.,0.707106781186551,-0.707106781186544));
#4408=DIRECTION('ref_axis',(-1.,0.,0.));
#4409=DIRECTION('',(1.,0.,0.));
#4410=DIRECTION('',(-1.,0.,0.));
#4411=DIRECTION('center_axis',(0.707106781186543,0.707106781186552,0.));
#4412=DIRECTION('ref_axis',(0.,0.,-1.));
#4413=DIRECTION('',(0.692717211282224,-0.692717211282216,-0.200713054848879));
#4414=DIRECTION('',(0.,0.,-1.));
#4415=DIRECTION('',(0.,0.,1.));
#4416=DIRECTION('center_axis',(-0.683012701892219,-0.707106781186547,0.183012701892219));
#4417=DIRECTION('ref_axis',(0.258819045102521,0.,0.965925826289068));
#4418=DIRECTION('',(0.258819045102521,0.,0.965925826289068));
#4419=DIRECTION('',(-0.679241275015773,0.707034461421841,0.196808436498222));
#4420=DIRECTION('',(-0.258819045102521,0.,-0.965925826289068));
#4421=DIRECTION('center_axis',(0.,1.,0.));
#4422=DIRECTION('ref_axis',(0.,0.,1.));
#4423=DIRECTION('',(0.960493998204572,0.,-0.27830069962721));
#4424=DIRECTION('center_axis',(-1.,0.,0.));
#4425=DIRECTION('ref_axis',(0.,0.,1.));
#4426=DIRECTION('',(0.,1.,0.));
#4427=DIRECTION('center_axis',(-0.965925826289068,0.,0.258819045102521));
#4428=DIRECTION('ref_axis',(0.258819045102521,0.,0.965925826289068));
#4429=DIRECTION('',(0.,1.,0.));
#4430=DIRECTION('center_axis',(0.,0.,-1.));
#4431=DIRECTION('ref_axis',(-1.,0.,0.));
#4432=DIRECTION('',(-1.,0.,0.));
#4433=DIRECTION('',(0.,-1.,0.));
#4434=DIRECTION('',(1.,0.,0.));
#4435=DIRECTION('',(0.,1.,0.));
#4436=DIRECTION('center_axis',(0.,0.,1.));
#4437=DIRECTION('ref_axis',(-1.,0.,0.));
#4438=DIRECTION('center_axis',(0.,0.,-1.));
#4439=DIRECTION('ref_axis',(1.,-3.45370740000046E-14,0.));
#4440=DIRECTION('center_axis',(0.,0.,-1.));
#4441=DIRECTION('ref_axis',(1.,-2.30247160000032E-14,0.));
#4442=DIRECTION('center_axis',(0.,0.,-1.));
#4443=DIRECTION('ref_axis',(1.,-2.15856712500032E-14,0.));
#4444=DIRECTION('center_axis',(0.,0.,-1.));
#4445=DIRECTION('ref_axis',(1.,-2.23051936250032E-14,0.));
#4446=DIRECTION('center_axis',(0.,0.,-1.));
#4447=DIRECTION('ref_axis',(1.,0.,0.));
#4448=DIRECTION('center_axis',(0.,0.,-1.));
#4449=DIRECTION('ref_axis',(1.,0.,0.));
#4450=DIRECTION('center_axis',(0.,0.,-1.));
#4451=DIRECTION('ref_axis',(1.,0.,0.));
#4452=DIRECTION('center_axis',(0.,0.,-1.));
#4453=DIRECTION('ref_axis',(1.,0.,0.));
#4454=DIRECTION('center_axis',(0.,0.,-1.));
#4455=DIRECTION('ref_axis',(1.,0.,0.));
#4456=DIRECTION('center_axis',(0.,0.,-1.));
#4457=DIRECTION('ref_axis',(1.,0.,0.));
#4458=DIRECTION('center_axis',(0.,0.,-1.));
#4459=DIRECTION('ref_axis',(1.,0.,0.));
#4460=DIRECTION('center_axis',(0.,0.,-1.));
#4461=DIRECTION('ref_axis',(1.,0.,0.));
#4462=DIRECTION('center_axis',(-1.,2.99674596350757E-14,0.));
#4463=DIRECTION('ref_axis',(2.99674596350757E-14,1.,0.));
#4464=DIRECTION('',(2.99674596350757E-14,1.,0.));
#4465=DIRECTION('',(0.,0.,1.));
#4466=DIRECTION('',(2.99674596350757E-14,1.,0.));
#4467=DIRECTION('center_axis',(1.,1.44074325168634E-14,0.));
#4468=DIRECTION('ref_axis',(1.44074325168634E-14,-1.,0.));
#4469=DIRECTION('',(1.44074325168634E-14,-1.,0.));
#4470=DIRECTION('',(1.44074325168634E-14,-1.,0.));
#4471=DIRECTION('',(0.,0.,-1.));
#4472=DIRECTION('center_axis',(0.,0.,1.));
#4473=DIRECTION('ref_axis',(-1.,0.,0.));
#4474=DIRECTION('center_axis',(0.,0.,1.));
#4475=DIRECTION('ref_axis',(-1.,0.,0.));
#4476=DIRECTION('center_axis',(1.,1.18423789293204E-15,0.));
#4477=DIRECTION('ref_axis',(1.18423789293204E-15,-1.,0.));
#4478=DIRECTION('',(1.18423789293204E-15,-1.,0.));
#4479=DIRECTION('',(0.,0.,-1.));
#4480=DIRECTION('',(1.18423789293204E-15,-1.,0.));
#4481=DIRECTION('',(0.,0.,-1.));
#4482=DIRECTION('center_axis',(-7.50459687987483E-13,1.,0.));
#4483=DIRECTION('ref_axis',(1.,7.50459687987483E-13,0.));
#4484=DIRECTION('',(1.,7.50459687987483E-13,0.));
#4485=DIRECTION('',(0.,0.,1.));
#4486=DIRECTION('',(1.,7.50459687987483E-13,0.));
#4487=DIRECTION('center_axis',(9.53761476372051E-14,-1.,0.));
#4488=DIRECTION('ref_axis',(-1.,-9.53761476372051E-14,0.));
#4489=DIRECTION('',(-1.,-9.53761476372051E-14,0.));
#4490=DIRECTION('',(-1.,-9.53761476372051E-14,0.));
#4491=DIRECTION('',(0.,0.,-1.));
#4492=DIRECTION('center_axis',(0.,0.,1.));
#4493=DIRECTION('ref_axis',(-1.,0.,0.));
#4494=DIRECTION('center_axis',(0.,0.,1.));
#4495=DIRECTION('ref_axis',(-1.,0.,0.));
#4496=DIRECTION('center_axis',(0.,0.,1.));
#4497=DIRECTION('ref_axis',(-1.,0.,0.));
#4498=DIRECTION('center_axis',(-1.,-1.8947806286936E-14,0.));
#4499=DIRECTION('ref_axis',(-1.8947806286936E-14,1.,0.));
#4500=DIRECTION('',(-1.8947806286936E-14,1.,0.));
#4501=DIRECTION('',(0.,0.,-1.));
#4502=DIRECTION('',(-1.8947806286936E-14,1.,0.));
#4503=DIRECTION('',(0.,0.,-1.));
#4504=DIRECTION('center_axis',(1.78202802164981E-13,-1.,0.));
#4505=DIRECTION('ref_axis',(-1.,-1.78202802164981E-13,0.));
#4506=DIRECTION('',(-1.,-1.78202802164981E-13,0.));
#4507=DIRECTION('',(0.,0.,1.));
#4508=DIRECTION('',(-1.,-1.78202802164981E-13,0.));
#4509=DIRECTION('center_axis',(7.50459687990548E-13,1.,0.));
#4510=DIRECTION('ref_axis',(1.,-7.50459687990548E-13,0.));
#4511=DIRECTION('',(1.,-7.50459687990548E-13,0.));
#4512=DIRECTION('',(1.,-7.50459687990548E-13,0.));
#4513=DIRECTION('',(0.,0.,-1.));
#4514=DIRECTION('center_axis',(0.,0.,1.));
#4515=DIRECTION('ref_axis',(-1.,0.,0.));
#4516=DIRECTION('center_axis',(0.,0.,1.));
#4517=DIRECTION('ref_axis',(-1.,0.,0.));
#4518=DIRECTION('center_axis',(1.,3.45778380404655E-15,0.));
#4519=DIRECTION('ref_axis',(3.45778380404655E-15,-1.,0.));
#4520=DIRECTION('',(3.45778380404655E-15,-1.,0.));
#4521=DIRECTION('',(0.,0.,1.));
#4522=DIRECTION('',(3.45778380404655E-15,-1.,0.));
#4523=DIRECTION('',(0.,0.,-1.));
#4524=DIRECTION('center_axis',(-1.,-3.45778380404655E-15,0.));
#4525=DIRECTION('ref_axis',(-3.45778380404655E-15,1.,0.));
#4526=DIRECTION('',(-3.45778380404655E-15,1.,0.));
#4527=DIRECTION('',(0.,0.,-1.));
#4528=DIRECTION('',(-3.45778380404655E-15,1.,0.));
#4529=DIRECTION('',(0.,0.,-1.));
#4530=DIRECTION('center_axis',(0.,0.,1.));
#4531=DIRECTION('ref_axis',(-1.,0.,0.));
#4532=DIRECTION('',(-1.,0.,0.));
#4533=DIRECTION('center_axis',(0.,0.,1.));
#4534=DIRECTION('ref_axis',(-1.,0.,0.));
#4535=DIRECTION('center_axis',(0.,0.,-1.));
#4536=DIRECTION('ref_axis',(-1.,0.,0.));
#4537=DIRECTION('',(0.,1.,0.));
#4538=DIRECTION('',(-1.,0.,0.));
#4539=DIRECTION('center_axis',(0.,0.,-1.));
#4540=DIRECTION('ref_axis',(-1.,0.,0.));
#4541=DIRECTION('center_axis',(0.,0.,-1.));
#4542=DIRECTION('ref_axis',(-1.,0.,0.));
#4543=DIRECTION('center_axis',(0.,0.,-1.));
#4544=DIRECTION('ref_axis',(-1.,0.,0.));
#4545=DIRECTION('center_axis',(0.,0.,-1.));
#4546=DIRECTION('ref_axis',(-1.,0.,0.));
#4547=DIRECTION('center_axis',(0.,0.,-1.));
#4548=DIRECTION('ref_axis',(-1.,0.,0.));
#4549=DIRECTION('',(-1.,0.,0.));
#4550=DIRECTION('',(0.,-1.,0.));
#4551=DIRECTION('center_axis',(0.,0.,-1.));
#4552=DIRECTION('ref_axis',(-1.,0.,0.));
#4553=DIRECTION('',(0.,0.,-1.));
#4554=DIRECTION('center_axis',(0.,-1.,0.));
#4555=DIRECTION('ref_axis',(0.,0.,-1.));
#4556=DIRECTION('center_axis',(0.,1.,0.));
#4557=DIRECTION('ref_axis',(0.,0.,-1.));
#4558=DIRECTION('',(0.,-1.,0.));
#4559=DIRECTION('center_axis',(0.,0.,1.));
#4560=DIRECTION('ref_axis',(-1.,0.,0.));
#4561=DIRECTION('',(1.,0.,0.));
#4562=DIRECTION('',(0.,-1.,0.));
#4563=DIRECTION('center_axis',(0.,-1.,0.));
#4564=DIRECTION('ref_axis',(0.,0.,1.));
#4565=DIRECTION('center_axis',(0.,1.,0.));
#4566=DIRECTION('ref_axis',(0.,0.,1.));
#4567=DIRECTION('center_axis',(0.,-1.,0.));
#4568=DIRECTION('ref_axis',(-1.,0.,0.));
#4569=DIRECTION('',(0.,0.,-1.));
#4570=DIRECTION('',(0.,0.,-1.));
#4571=DIRECTION('center_axis',(1.,0.,0.));
#4572=DIRECTION('ref_axis',(0.,-1.,0.));
#4573=DIRECTION('center_axis',(-1.,0.,0.));
#4574=DIRECTION('ref_axis',(0.,1.,0.));
#4575=DIRECTION('center_axis',(0.,1.,0.));
#4576=DIRECTION('ref_axis',(1.,0.,0.));
#4577=DIRECTION('',(0.,0.,-1.));
#4578=DIRECTION('',(0.,0.,-1.));
#4579=DIRECTION('center_axis',(-1.,0.,0.));
#4580=DIRECTION('ref_axis',(0.,1.,0.));
#4581=DIRECTION('',(0.,0.,-1.));
#4582=DIRECTION('center_axis',(0.,-1.,0.));
#4583=DIRECTION('ref_axis',(-1.,0.,0.));
#4584=DIRECTION('',(0.,0.,-1.));
#4585=DIRECTION('center_axis',(1.,0.,0.));
#4586=DIRECTION('ref_axis',(0.,-1.,0.));
#4587=DIRECTION('center_axis',(-1.,0.,0.));
#4588=DIRECTION('ref_axis',(0.,0.,1.));
#4589=DIRECTION('',(0.,1.,0.));
#4590=DIRECTION('center_axis',(1.,0.,0.));
#4591=DIRECTION('ref_axis',(0.,0.,-1.));
#4592=DIRECTION('',(0.,1.,0.));
#4593=DIRECTION('center_axis',(0.27830069962721,0.,0.960493998204572));
#4594=DIRECTION('ref_axis',(0.960493998204572,0.,-0.27830069962721));
#4595=DIRECTION('',(0.960493998204572,0.,-0.27830069962721));
#4596=DIRECTION('center_axis',(0.,1.,0.));
#4597=DIRECTION('ref_axis',(1.,0.,0.));
#4598=DIRECTION('axis',(0.,0.,1.));
#4599=DIRECTION('refdir',(1.,0.,0.));
#4600=DIRECTION('center_axis',(-0.283409569640748,-0.500051132566423,0.818307937548625));
#4601=DIRECTION('ref_axis',(0.944932829470656,0.,0.327264339316982));
#4602=DIRECTION('',(-0.679241275015773,0.707034461421841,0.196808436498222));
#4603=DIRECTION('',(-0.84063442425784,-0.281122079732701,-0.462929952627231));
#4604=DIRECTION('',(0.679241275015773,-0.707034461421841,-0.196808436498222));
#4605=DIRECTION('',(-0.458800696930822,-0.678606098418232,-0.573581453400802));
#4606=DIRECTION('center_axis',(-0.482383507504069,-7.28312764687331E-17,
0.875960131334795));
#4607=DIRECTION('ref_axis',(0.875960131334795,0.,0.482383507504069));
#4608=DIRECTION('',(1.56816319265493E-17,1.,9.17802468456433E-17));
#4609=DIRECTION('',(-0.84063442425784,0.281122079732701,-0.462929952627231));
#4610=DIRECTION('',(-1.56816319265493E-17,-1.,-9.17802468456433E-17));
#4611=DIRECTION('center_axis',(-0.283409569640755,0.500051132566417,0.818307937548626));
#4612=DIRECTION('ref_axis',(0.944932829470653,0.,0.327264339316989));
#4613=DIRECTION('',(0.679241275015764,0.70703446142185,-0.196808436498219));
#4614=DIRECTION('',(-0.458800696930837,0.678606098418218,-0.573581453400807));
#4615=DIRECTION('',(-0.679241275015764,-0.70703446142185,0.196808436498219));
#4616=DIRECTION('center_axis',(0.196788311915358,0.707106781186556,0.679171819419425));
#4617=DIRECTION('ref_axis',(0.960493998204572,0.,-0.27830069962721));
#4618=DIRECTION('',(0.960493998204572,-6.16297582203915E-33,-0.27830069962721));
#4619=DIRECTION('',(0.247977120440897,0.634298323438976,-0.732238338671463));
#4620=DIRECTION('',(-0.631032549702213,0.621514878291982,-0.464238276403429));
#4621=DIRECTION('',(-0.960493998204572,6.16297582203915E-33,0.27830069962721));
#4622=DIRECTION('center_axis',(0.640534331362006,0.459700843380986,0.615134867278257));
#4623=DIRECTION('ref_axis',(0.692661852814041,0.,-0.721262474870431));
#4624=DIRECTION('',(-0.69083972328874,0.694746590606862,0.200169057465131));
#4625=DIRECTION('',(0.69083972328874,-0.694746590606862,-0.200169057465131));
#4626=DIRECTION('',(0.574606217232035,0.244503844973489,-0.781054136991458));
#4627=DIRECTION('',(-0.0119459436940482,0.806898221355072,-0.590569686661346));
#4628=DIRECTION('center_axis',(0.805502488555951,-7.33999287545504E-17,
0.592592390206093));
#4629=DIRECTION('ref_axis',(0.592592390206093,0.,-0.805502488555951));
#4630=DIRECTION('',(2.57479870412849E-17,1.,8.88635459850825E-17));
#4631=DIRECTION('',(-2.57479870412849E-17,-1.,-8.88635459850824E-17));
#4632=DIRECTION('',(0.574606217232035,-0.244503844973488,-0.781054136991458));
#4633=DIRECTION('center_axis',(0.640534331362005,-0.459700843380985,0.615134867278259));
#4634=DIRECTION('ref_axis',(0.692661852814043,0.,-0.72126247487043));
#4635=DIRECTION('',(0.690839723288741,0.694746590606861,-0.200169057465131));
#4636=DIRECTION('',(0.0119459436940482,0.806898221355073,0.590569686661344));
#4637=DIRECTION('',(-0.690839723288741,-0.694746590606861,0.200169057465131));
#4638=DIRECTION('',(0.247977120440875,-0.634298323438993,-0.732238338671456));
#4639=DIRECTION('center_axis',(0.196788311915362,-0.707106781186543,0.679171819419437));
#4640=DIRECTION('ref_axis',(0.960493998204572,0.,-0.27830069962721));
#4641=DIRECTION('',(0.960493998204572,-6.16297582203915E-33,-0.27830069962721));
#4642=DIRECTION('',(0.631032549702221,0.621514878291989,0.46423827640341));
#4643=DIRECTION('',(-0.960493998204572,6.16297582203915E-33,0.27830069962721));
#4644=DIRECTION('center_axis',(-2.57479870412849E-17,-1.,-8.88635459850824E-17));
#4645=DIRECTION('ref_axis',(0.960493998204572,0.,-0.27830069962721));
#4646=DIRECTION('',(0.27830069962721,-9.25185853854296E-17,0.960493998204572));
#4647=DIRECTION('',(0.960493998204572,0.,-0.27830069962721));
#4648=DIRECTION('',(-0.0202236938022291,8.93660910355169E-17,-0.99979548019032));
#4649=DIRECTION('center_axis',(-0.679102356719481,-0.707179093555464,0.196768185274246));
#4650=DIRECTION('ref_axis',(0.679241275015773,-0.707034461421841,-0.196808436498222));
#4651=DIRECTION('',(0.27830069962721,-9.25185853854296E-17,0.960493998204572));
#4652=DIRECTION('',(0.679241275015773,-0.707034461421841,-0.196808436498222));
#4653=DIRECTION('center_axis',(-0.960493998204572,-1.04803935615968E-17,
0.27830069962721));
#4654=DIRECTION('ref_axis',(9.09412149454862E-18,-1.,-6.27215256547277E-18));
#4655=DIRECTION('',(0.27830069962721,-9.25185853854296E-17,0.960493998204572));
#4656=DIRECTION('',(9.09412149454862E-18,-1.,-6.27215256547277E-18));
#4657=DIRECTION('center_axis',(-0.67910235671949,0.707179093555454,0.196768185274249));
#4658=DIRECTION('ref_axis',(-0.679241275015762,-0.70703446142185,0.196808436498223));
#4659=DIRECTION('',(0.27830069962721,-9.25185853854296E-17,0.960493998204572));
#4660=DIRECTION('',(-0.679241275015762,-0.707034461421851,0.196808436498223));
#4661=DIRECTION('center_axis',(2.57479870412849E-17,1.,8.88635459850824E-17));
#4662=DIRECTION('ref_axis',(-0.960493998204572,0.,0.27830069962721));
#4663=DIRECTION('',(0.0202236938022291,-8.93660910355169E-17,0.99979548019032));
#4664=DIRECTION('',(-0.960493998204572,0.,0.27830069962721));
#4665=DIRECTION('center_axis',(0.27830069962721,-9.25185853854296E-17,0.960493998204572));
#4666=DIRECTION('ref_axis',(0.960493998204572,0.,-0.27830069962721));
#4667=DIRECTION('center_axis',(-0.960493998204572,-5.97023953960612E-15,
0.278300699627212));
#4668=DIRECTION('ref_axis',(-0.278300699627212,2.7749421354669E-15,-0.960493998204572));
#4669=DIRECTION('center_axis',(0.960493998204573,-1.39218022423143E-14,
-0.27830069962721));
#4670=DIRECTION('ref_axis',(-0.27830069962721,2.77494213546691E-15,-0.960493998204573));
#4671=DIRECTION('',(-0.960493998204572,-5.97023953960611E-15,0.278300699627212));
#4672=DIRECTION('center_axis',(-0.960493998204572,1.39218022423143E-14,
0.27830069962721));
#4673=DIRECTION('ref_axis',(-0.27830069962721,2.77494213546691E-15,-0.960493998204572));
#4674=DIRECTION('',(-0.960493998204572,-5.97023953960611E-15,0.278300699627212));
#4675=DIRECTION('center_axis',(0.960493998204572,6.00006183934459E-15,-0.278300699627212));
#4676=DIRECTION('ref_axis',(5.76319465905985E-15,-1.,-1.66923029462459E-15));
#4677=DIRECTION('',(0.278300699627212,0.,0.960493998204572));
#4678=DIRECTION('',(0.196788311915357,0.70710678118655,0.679171819419431));
#4679=DIRECTION('',(4.67007099263419E-15,-1.,7.89459966716353E-15));
#4680=DIRECTION('center_axis',(0.960493998204572,6.00006183934459E-15,-0.278300699627212));
#4681=DIRECTION('ref_axis',(5.76319465905985E-15,-1.,-1.66923029462459E-15));
#4682=DIRECTION('',(-0.278300699627212,0.,-0.960493998204572));
#4683=DIRECTION('',(4.67007099263419E-15,-1.,7.89459966716353E-15));
#4684=DIRECTION('',(-0.196788311915357,-0.70710678118655,-0.679171819419431));
#4685=DIRECTION('center_axis',(-0.196788311915362,0.707106781186545,-0.679171819419436));
#4686=DIRECTION('ref_axis',(-0.960493998204572,0.,0.27830069962721));
#4687=DIRECTION('',(0.960493998204572,0.,-0.27830069962721));
#4688=DIRECTION('',(-0.0145459847290294,-0.694746590606869,-0.719107494863177));
#4689=DIRECTION('',(0.631032549702212,0.62151487829199,0.46423827640342));
#4690=DIRECTION('',(-0.960493998204572,0.,0.27830069962721));
#4691=DIRECTION('center_axis',(-0.960493998204573,5.83846334886453E-15,
0.278300699627209));
#4692=DIRECTION('ref_axis',(-0.278300699627209,2.7749421354669E-15,-0.960493998204573));
#4693=DIRECTION('center_axis',(0.960493998204572,1.40535784330559E-14,-0.27830069962721));
#4694=DIRECTION('ref_axis',(-0.27830069962721,2.77494213546691E-15,-0.960493998204573));
#4695=DIRECTION('',(-0.960493998204573,5.83846334886453E-15,0.278300699627209));
#4696=DIRECTION('center_axis',(-0.960493998204572,-1.40535784330559E-14,
0.27830069962721));
#4697=DIRECTION('ref_axis',(-0.27830069962721,2.77494213546691E-15,-0.960493998204572));
#4698=DIRECTION('',(0.960493998204573,-5.83846334886453E-15,-0.278300699627209));
#4699=DIRECTION('center_axis',(0.960493998204573,-5.868285648603E-15,-0.278300699627209));
#4700=DIRECTION('ref_axis',(-5.63628187172013E-15,-1.,1.63373911469007E-15));
#4701=DIRECTION('',(-0.278300699627209,0.,-0.960493998204573));
#4702=DIRECTION('',(4.00455306632214E-16,-1.,9.13170998203775E-15));
#4703=DIRECTION('',(-0.196788311915363,-0.70710678118655,-0.679171819419429));
#4704=DIRECTION('center_axis',(0.960493998204573,-5.868285648603E-15,-0.278300699627209));
#4705=DIRECTION('ref_axis',(-5.63628187172013E-15,-1.,1.63373911469007E-15));
#4706=DIRECTION('',(0.278300699627209,0.,0.960493998204573));
#4707=DIRECTION('',(0.196788311915363,0.70710678118655,0.679171819419429));
#4708=DIRECTION('',(4.00455306632216E-16,-1.,9.13170998203775E-15));
#4709=DIRECTION('center_axis',(-0.196788311915362,0.707106781186545,-0.679171819419436));
#4710=DIRECTION('ref_axis',(-0.960493998204572,0.,0.27830069962721));
#4711=DIRECTION('',(-0.960493998204572,0.,0.27830069962721));
#4712=DIRECTION('',(0.960493998204572,0.,-0.27830069962721));
#4713=DIRECTION('center_axis',(0.960493998204572,-6.04942094822764E-15,
-0.278300699627212));
#4714=DIRECTION('ref_axis',(-0.278300699627212,-2.7749421354669E-15,-0.960493998204572));
#4715=DIRECTION('center_axis',(-0.960493998204573,-1.38426208336928E-14,
0.27830069962721));
#4716=DIRECTION('ref_axis',(-0.27830069962721,-2.77494213546691E-15,-0.960493998204573));
#4717=DIRECTION('',(0.960493998204572,-6.04942094822764E-15,-0.278300699627212));
#4718=DIRECTION('center_axis',(0.960493998204572,1.38426208336927E-14,-0.27830069962721));
#4719=DIRECTION('ref_axis',(-0.27830069962721,-2.77494213546691E-15,-0.960493998204572));
#4720=DIRECTION('',(-0.960493998204572,6.04942094822764E-15,0.278300699627212));
#4721=DIRECTION('center_axis',(-0.960493998204572,6.07924324796612E-15,
0.278300699627212));
#4722=DIRECTION('ref_axis',(5.83924792681021E-15,1.,-1.69126653604143E-15));
#4723=DIRECTION('',(-0.278300699627212,6.31705021759013E-32,-0.960493998204572));
#4724=DIRECTION('',(4.74612426038455E-15,1.,7.87256342574669E-15));
#4725=DIRECTION('',(-0.196788311915356,0.707106781186553,-0.679171819419428));
#4726=DIRECTION('center_axis',(-0.960493998204572,6.07924324796612E-15,
0.278300699627212));
#4727=DIRECTION('ref_axis',(5.83924792681021E-15,1.,-1.69126653604143E-15));
#4728=DIRECTION('',(0.278300699627212,-6.16297582203915E-32,0.960493998204572));
#4729=DIRECTION('',(0.196788311915356,-0.707106781186553,0.679171819419428));
#4730=DIRECTION('',(4.74612426038455E-15,1.,7.87256342574669E-15));
#4731=DIRECTION('center_axis',(-0.196788311915362,-0.707106781186542,-0.679171819419438));
#4732=DIRECTION('ref_axis',(-0.960493998204572,0.,0.27830069962721));
#4733=DIRECTION('',(-0.960493998204572,3.95907043107624E-17,0.27830069962721));
#4734=DIRECTION('',(-0.196788311915362,0.707106781186553,-0.679171819419427));
#4735=DIRECTION('',(0.960493998204572,-3.95907043107624E-17,-0.27830069962721));
#4736=DIRECTION('center_axis',(0.960493998204573,5.759281940243E-15,-0.278300699627209));
#4737=DIRECTION('ref_axis',(-0.278300699627209,-2.7749421354669E-15,-0.960493998204573));
#4738=DIRECTION('center_axis',(-0.960493998204572,1.41327598416774E-14,
0.27830069962721));
#4739=DIRECTION('ref_axis',(-0.27830069962721,-2.77494213546691E-15,-0.960493998204573));
#4740=DIRECTION('',(0.960493998204573,5.759281940243E-15,-0.278300699627209));
#4741=DIRECTION('center_axis',(0.960493998204572,-1.41327598416774E-14,
-0.27830069962721));
#4742=DIRECTION('ref_axis',(-0.27830069962721,-2.77494213546691E-15,-0.960493998204572));
#4743=DIRECTION('',(0.960493998204573,5.759281940243E-15,-0.278300699627209));
#4744=DIRECTION('center_axis',(-0.960493998204573,-5.78910423998148E-15,
0.278300699627209));
#4745=DIRECTION('ref_axis',(-5.56022860396977E-15,1.,1.61170287327323E-15));
#4746=DIRECTION('',(0.278300699627209,6.00890142648818E-32,0.960493998204573));
#4747=DIRECTION('',(0.196788311915362,-0.707106781186553,0.679171819419427));
#4748=DIRECTION('',(4.76508574382573E-16,1.,9.10967374062091E-15));
#4749=DIRECTION('center_axis',(-0.960493998204573,-5.78910423998148E-15,
0.278300699627209));
#4750=DIRECTION('ref_axis',(-5.56022860396977E-15,1.,1.61170287327323E-15));
#4751=DIRECTION('',(-0.278300699627209,-6.00890142648817E-32,-0.960493998204573));
#4752=DIRECTION('',(4.76508574382574E-16,1.,9.10967374062092E-15));
#4753=DIRECTION('center_axis',(-0.196788311915362,-0.707106781186542,-0.679171819419438));
#4754=DIRECTION('ref_axis',(-0.960493998204572,0.,0.27830069962721));
#4755=DIRECTION('',(-0.960493998204572,3.95907043107624E-17,0.27830069962721));
#4756=DIRECTION('',(-0.393864484573003,-0.57735026918963,0.715218452263855));
#4757=DIRECTION('',(0.960493998204572,-3.95907043107624E-17,-0.27830069962721));
#4758=DIRECTION('center_axis',(-0.875960131334792,1.02579630016338E-16,
-0.482383507504075));
#4759=DIRECTION('ref_axis',(-0.482383507504075,0.,0.875960131334792));
#4760=DIRECTION('',(-1.39338387907138E-16,-1.,4.03729444556351E-17));
#4761=DIRECTION('',(1.39338387907138E-16,1.,-4.0372944455635E-17));
#4762=DIRECTION('',(-0.393864484572999,0.577350269189633,0.715218452263855));
#4763=DIRECTION('center_axis',(-0.196788311915362,-0.707106781186542,-0.679171819419438));
#4764=DIRECTION('ref_axis',(-0.960493998204572,0.,0.27830069962721));
#4765=DIRECTION('',(0.960493998204572,-3.95907043107624E-17,-0.27830069962721));
#4766=DIRECTION('',(0.631032549702212,-0.621514878291991,0.464238276403419));
#4767=DIRECTION('',(0.0145459847290293,-0.694746590606871,0.719107494863175));
#4768=DIRECTION('',(-0.960493998204572,3.95907043107624E-17,0.27830069962721));
#4769=DIRECTION('center_axis',(0.592592390206093,-1.21212699450036E-17,
-0.805502488555951));
#4770=DIRECTION('ref_axis',(-0.805502488555951,0.,-0.592592390206093));
#4771=DIRECTION('',(1.46749328975152E-17,1.,-4.25202458317809E-18));
#4772=DIRECTION('',(-1.46749328975152E-17,-1.,4.25202458317809E-18));
#4773=DIRECTION('center_axis',(-0.196788311915362,0.707106781186545,-0.679171819419436));
#4774=DIRECTION('ref_axis',(-0.960493998204572,0.,0.27830069962721));
#4775=DIRECTION('',(-0.960493998204572,0.,0.27830069962721));
#4776=DIRECTION('',(0.960493998204572,0.,-0.27830069962721));
#4777=DIRECTION('center_axis',(0.,1.,0.));
#4778=DIRECTION('ref_axis',(0.960493998204572,0.,-0.27830069962721));
#4779=DIRECTION('',(-0.27830069962721,0.,-0.960493998204572));
#4780=DIRECTION('',(0.960493998204572,0.,-0.27830069962721));
#4781=DIRECTION('',(0.0202236938022291,0.,0.99979548019032));
#4782=DIRECTION('center_axis',(-0.960493998204572,1.4506950399232E-16,0.27830069962721));
#4783=DIRECTION('ref_axis',(1.39509661420221E-16,1.,-3.97818313840981E-17));
#4784=DIRECTION('',(-0.27830069962721,0.,-0.960493998204572));
#4785=DIRECTION('',(1.39509661420221E-16,1.,-3.97818313840981E-17));
#4786=DIRECTION('center_axis',(-0.27830069962721,0.,-0.960493998204572));
#4787=DIRECTION('ref_axis',(-0.960493998204572,0.,0.27830069962721));
#4788=DIRECTION('',(-5.94554611908315E-17,-1.,1.05857364252686E-17));
#4789=DIRECTION('',(0.960493998204572,1.26918808538452E-16,-0.27830069962721));
#4790=DIRECTION('',(-1.46749328975152E-17,-1.,4.25202458317809E-18));
#4791=DIRECTION('',(-0.960493998204572,0.,0.27830069962721));
#4792=DIRECTION('center_axis',(0.706962163842232,0.707106781186551,-0.0143003110281964));
#4793=DIRECTION('ref_axis',(-0.020223693802229,0.,-0.99979548019032));
#4794=DIRECTION('',(-0.0202236938022291,8.93660910355169E-17,-0.99979548019032));
#4795=DIRECTION('',(-0.69083972328874,0.694746590606862,0.200169057465131));
#4796=DIRECTION('center_axis',(0.999795480190321,-2.39455719236929E-17,
-0.0202236938022291));
#4797=DIRECTION('ref_axis',(2.39475702562067E-17,1.,-1.43367479038948E-19));
#4798=DIRECTION('',(0.0202236938022291,-8.93660910355169E-17,0.99979548019032));
#4799=DIRECTION('',(-2.5004754265206E-17,-1.,-5.21204674199296E-17));
#4800=DIRECTION('center_axis',(0.706962163842232,-0.707106781186552,-0.0143003110281965));
#4801=DIRECTION('ref_axis',(-0.0202236938022292,0.,-0.99979548019032));
#4802=DIRECTION('',(0.690839723288741,0.694746590606861,-0.200169057465131));
#4803=DIRECTION('center_axis',(0.27830069962721,-5.70202367464726E-17,0.960493998204572));
#4804=DIRECTION('ref_axis',(1.58687717794525E-17,1.,5.47675951711908E-17));
#4805=DIRECTION('',(-0.960493998204572,3.95907043107624E-17,0.27830069962721));
#4806=DIRECTION('',(0.,-1.,0.));
#4807=DIRECTION('center_axis',(0.27830069962721,-5.70202367464726E-17,0.960493998204572));
#4808=DIRECTION('ref_axis',(1.58687717794525E-17,1.,5.47675951711908E-17));
#4809=DIRECTION('',(0.960493998204572,0.,-0.27830069962721));
#4810=DIRECTION('',(0.,-1.,0.));
#4811=DIRECTION('',(-0.960493998204572,-1.26918808538452E-16,0.27830069962721));
#4812=DIRECTION('',(5.94554611908315E-17,1.,-1.05857364252686E-17));
#4813=DIRECTION('center_axis',(0.,-1.,0.));
#4814=DIRECTION('ref_axis',(-0.960493998204572,0.,0.27830069962721));
#4815=DIRECTION('',(-0.27830069962721,0.,-0.960493998204572));
#4816=DIRECTION('',(0.0202236938022291,0.,0.99979548019032));
#4817=DIRECTION('center_axis',(-0.999795480190321,1.47579232262417E-17,
0.0202236938022291));
#4818=DIRECTION('ref_axis',(1.47156119709612E-17,1.,-2.24097980731459E-18));
#4819=DIRECTION('',(-0.0202236938022291,3.28490048314717E-17,-0.99979548019032));
#4820=DIRECTION('center_axis',(-1.21904753860458E-16,1.,3.5321593212103E-17));
#4821=DIRECTION('ref_axis',(0.960493998204572,1.26918808538452E-16,-0.27830069962721));
#4822=DIRECTION('',(-0.27830069962721,0.,-0.960493998204572));
#4823=DIRECTION('center_axis',(0.960493998204572,-6.00526314875E-17,-0.27830069962721));
#4824=DIRECTION('ref_axis',(-5.94554611908315E-17,-1.,1.05857364252686E-17));
#4825=DIRECTION('center_axis',(-3.80266338751792E-17,-1.,1.10181207084192E-17));
#4826=DIRECTION('ref_axis',(-0.960493998204572,3.95907043107624E-17,0.27830069962721));
#4827=DIRECTION('',(-0.0202236938022291,-1.02468282846478E-17,-0.99979548019032));
#4828=DIRECTION('center_axis',(0.999795480190321,-1.47579232262417E-17,
-0.0202236938022291));
#4829=DIRECTION('ref_axis',(-1.47156119709612E-17,-1.,2.24097980731459E-18));
#4830=DIRECTION('',(0.,0.,1.));
#4831=DIRECTION('',(1.,0.,0.));
#4832=DIRECTION('',(0.,0.,1.));
#4833=DIRECTION('',(1.,0.,0.));
#4834=CARTESIAN_POINT('',(0.,0.,0.));
#4835=CARTESIAN_POINT('',(0.,0.,0.));
#4836=CARTESIAN_POINT('Origin',(87.2087955317822,6.99979999999979,3.9));
#4837=CARTESIAN_POINT('',(85.9462577516838,6.99975085543899,2.09341967361943));
#4838=CARTESIAN_POINT('',(85.9450998910259,6.99810839049225,1.95658032638057));
#4839=CARTESIAN_POINT('',(85.9442955317822,6.99979999999979,3.9));
#4840=CARTESIAN_POINT('',(86.2506793790598,7.82501129893626,1.9));
#4841=CARTESIAN_POINT('Ctrl Pts',(85.9450998910259,6.99810839049225,1.95658032638057));
#4842=CARTESIAN_POINT('Ctrl Pts',(85.9477012761206,7.2972475636459,1.93772021758705));
#4843=CARTESIAN_POINT('Ctrl Pts',(86.0551017290888,7.59793478436335,1.91886010879352));
#4844=CARTESIAN_POINT('Ctrl Pts',(86.2506793790598,7.82501129893629,1.89999999999999));
#4845=CARTESIAN_POINT('',(88.1687023671114,7.82613326740372,1.9));
#4846=CARTESIAN_POINT('Origin',(87.2087955317822,6.99979999999979,1.9));
#4847=CARTESIAN_POINT('Ctrl Pts',(88.1687126356073,7.82613970122335,1.9));
#4848=CARTESIAN_POINT('Ctrl Pts',(87.9104558594007,8.12397163281476,1.92490816038701));
#4849=CARTESIAN_POINT('Ctrl Pts',(87.5014023724078,8.29352446839781,1.94981632077403));
#4850=CARTESIAN_POINT('Ctrl Pts',(87.1084913756829,8.26226167760707,1.97472448116104));
#4851=CARTESIAN_POINT('Ctrl Pts',(86.6956992378015,8.22941700195733,2.00089298461997));
#4852=CARTESIAN_POINT('Ctrl Pts',(86.3007245273849,7.97492016500314,2.02706148807889));
#4853=CARTESIAN_POINT('Ctrl Pts',(86.1004373533704,7.61262351261036,2.05322999153782));
#4854=CARTESIAN_POINT('Ctrl Pts',(85.9979034317383,7.42715134372673,2.06662655223169));
#4855=CARTESIAN_POINT('Ctrl Pts',(85.9463926297132,7.21342732586296,2.08002311292556));
#4856=CARTESIAN_POINT('Ctrl Pts',(85.9462577516838,6.99975085543899,2.09341967361943));
#4857=CARTESIAN_POINT('Origin',(87.2087955317822,6.99979999999979,3.9));
#4858=CARTESIAN_POINT('',(85.9429553519962,6.99902235767301,2.59341967361943));
#4859=CARTESIAN_POINT('',(85.9426911577497,7.00042355403959,2.45658032638057));
#4860=CARTESIAN_POINT('',(85.9442955317822,6.99979999999979,3.9));
#4861=CARTESIAN_POINT('Ctrl Pts',(85.9426911577497,7.00042355403959,2.45658032638057));
#4862=CARTESIAN_POINT('Ctrl Pts',(85.9424654555082,7.03759144989205,2.45423307513286));
#4863=CARTESIAN_POINT('Ctrl Pts',(85.943963576823,7.07474079031437,2.45188582388515));
#4864=CARTESIAN_POINT('Ctrl Pts',(85.947245423512,7.11173173458271,2.44953857263745));
#4865=CARTESIAN_POINT('Ctrl Pts',(85.9838333331008,7.52412800191019,2.42337006917852));
#4866=CARTESIAN_POINT('Ctrl Pts',(86.2421217089486,7.91683710119162,2.39720156571959));
#4867=CARTESIAN_POINT('Ctrl Pts',(86.6062968234574,8.11380606682394,2.37103306226067));
#4868=CARTESIAN_POINT('Ctrl Pts',(86.9704719379662,8.31077503245627,2.34486455880174));
#4869=CARTESIAN_POINT('Ctrl Pts',(87.440533791136,8.31200386443948,2.31869605534281));
#4870=CARTESIAN_POINT('Ctrl Pts',(87.8056891778545,8.11685528151333,2.29252755188389));
#4871=CARTESIAN_POINT('Ctrl Pts',(88.1708445645731,7.92170669858718,2.26635904842496));
#4872=CARTESIAN_POINT('Ctrl Pts',(88.4310934848403,7.53018070075165,2.24019054496604));
#4873=CARTESIAN_POINT('Ctrl Pts',(88.4697613542078,7.11801746013317,2.21402204150711));
#4874=CARTESIAN_POINT('Ctrl Pts',(88.5084292235753,6.7058542195147,2.18785353804818));
#4875=CARTESIAN_POINT('Ctrl Pts',(88.3255160420429,6.27305373611327,2.16168503458925));
#4876=CARTESIAN_POINT('Ctrl Pts',(88.0029936440201,6.01333201887427,2.13551653113033));
#4877=CARTESIAN_POINT('Ctrl Pts',(87.6804712459972,5.75361030163528,2.1093480276714));
#4878=CARTESIAN_POINT('Ctrl Pts',(87.2183396314837,5.66696735055873,2.08317952421248));
#4879=CARTESIAN_POINT('Ctrl Pts',(86.8239219290293,5.79298766876342,2.05701102075355));
#4880=CARTESIAN_POINT('Ctrl Pts',(86.4295042265749,5.91900798696811,2.03084251729462));
#4881=CARTESIAN_POINT('Ctrl Pts',(86.1028004361796,6.25769157445405,2.0046740138357));
#4882=CARTESIAN_POINT('Ctrl Pts',(85.9902529612176,6.65542492790372,1.97850551037677));
#4883=CARTESIAN_POINT('Ctrl Pts',(85.9588204657787,6.7665047350912,1.97119711571137));
#4884=CARTESIAN_POINT('Ctrl Pts',(85.9440918401628,6.88219033502282,1.96388872104597));
#4885=CARTESIAN_POINT('Ctrl Pts',(85.9450998910259,6.99810839049225,1.95658032638057));
#4886=CARTESIAN_POINT('Ctrl Pts',(85.9462577516838,6.99975085543899,2.09341967361943));
#4887=CARTESIAN_POINT('Ctrl Pts',(85.9461291623757,6.79603710286792,2.10619161638448));
#4888=CARTESIAN_POINT('Ctrl Pts',(85.9926973537582,6.59236656727858,2.11896355914954));
#4889=CARTESIAN_POINT('Ctrl Pts',(86.0862680465851,6.4132619391036,2.1317355019146));
#4890=CARTESIAN_POINT('Ctrl Pts',(86.2779855514267,6.04629348582103,2.15790400537352));
#4891=CARTESIAN_POINT('Ctrl Pts',(86.6670201987223,5.78245304708726,2.18407250883245));
#4892=CARTESIAN_POINT('Ctrl Pts',(87.0788658303575,5.73998536196347,2.21024101229138));
#4893=CARTESIAN_POINT('Ctrl Pts',(87.4907114619926,5.69751767683969,2.23640951575031));
#4894=CARTESIAN_POINT('Ctrl Pts',(87.9253680779673,5.8764227453259,2.26257801920923));
#4895=CARTESIAN_POINT('Ctrl Pts',(88.1879592276175,6.19650912813716,2.28874652266816));
#4896=CARTESIAN_POINT('Ctrl Pts',(88.4505503772677,6.51659551094842,2.31491502612708));
#4897=CARTESIAN_POINT('Ctrl Pts',(88.5410760605935,6.97786320808473,2.34108352958601));
#4898=CARTESIAN_POINT('Ctrl Pts',(88.4189293382553,7.37345868888005,2.36725203304494));
#4899=CARTESIAN_POINT('Ctrl Pts',(88.2967826159172,7.76905416967538,2.39342053650386));
#4900=CARTESIAN_POINT('Ctrl Pts',(87.9619634879151,8.09897743412972,2.41958903996279));
#4901=CARTESIAN_POINT('Ctrl Pts',(87.5646157941616,8.21529465295396,2.44575754342172));
#4902=CARTESIAN_POINT('Ctrl Pts',(87.1672681004081,8.33161187177821,2.47192604688064));
#4903=CARTESIAN_POINT('Ctrl Pts',(86.7073918409031,8.23432304497235,2.49809455033957));
#4904=CARTESIAN_POINT('Ctrl Pts',(86.3911975697483,7.96704985681163,2.52426305379849));
#4905=CARTESIAN_POINT('Ctrl Pts',(86.112657542496,7.73160510684124,2.54731526040547));
#4906=CARTESIAN_POINT('Ctrl Pts',(85.9456161533449,7.36425081826283,2.57036746701245));
#4907=CARTESIAN_POINT('Ctrl Pts',(85.9429553519962,6.99902235767301,2.59341967361943));
#4908=CARTESIAN_POINT('Origin',(87.2087955317822,6.99979999999979,3.9));
#4909=CARTESIAN_POINT('',(85.9444685053624,7.00088915125291,3.09341967361943));
#4910=CARTESIAN_POINT('',(85.9461808560306,7.00006743744288,2.95658032638058));
#4911=CARTESIAN_POINT('',(85.9442955317822,6.99979999999979,3.9));
#4912=CARTESIAN_POINT('Ctrl Pts',(85.9461808560306,7.00006743744288,2.95658032638058));
#4913=CARTESIAN_POINT('Ctrl Pts',(85.9458109872198,7.19148080050385,2.94457742921976));
#4914=CARTESIAN_POINT('Ctrl Pts',(85.9867255997796,7.38274411844079,2.93257453205894));
#4915=CARTESIAN_POINT('Ctrl Pts',(86.0697536380928,7.5535343438201,2.92057163489812));
#4916=CARTESIAN_POINT('Ctrl Pts',(86.2507698943081,7.92588816337786,2.8944031314392));
#4917=CARTESIAN_POINT('Ctrl Pts',(86.631959462063,8.20092938816568,2.86823462798027));
#4918=CARTESIAN_POINT('Ctrl Pts',(87.0423924913203,8.25532686803663,2.84206612452134));
#4919=CARTESIAN_POINT('Ctrl Pts',(87.4528255205776,8.30972434790757,2.81589762106242));
#4920=CARTESIAN_POINT('Ctrl Pts',(87.8925020113374,8.14347808286163,2.78972911760349));
#4921=CARTESIAN_POINT('Ctrl Pts',(88.1642656296282,7.8311336465279,2.76356061414456));
#4922=CARTESIAN_POINT('Ctrl Pts',(88.4360292479189,7.51878921019418,2.73739211068564));
#4923=CARTESIAN_POINT('Ctrl Pts',(88.5398799937408,7.06034660257267,2.71122360722671));
#4924=CARTESIAN_POINT('Ctrl Pts',(88.4292503018294,6.66137943231243,2.68505510376778));
#4925=CARTESIAN_POINT('Ctrl Pts',(88.318620609918,6.26241226205219,2.65888660030886));
#4926=CARTESIAN_POINT('Ctrl Pts',(87.9935104802733,5.9229205291532,2.63271809684993));
#4927=CARTESIAN_POINT('Ctrl Pts',(87.5997024615569,5.79513129607937,2.60654959339101));
#4928=CARTESIAN_POINT('Ctrl Pts',(87.2058944428404,5.66734206300554,2.58038108993208));
#4929=CARTESIAN_POINT('Ctrl Pts',(86.7433885350521,5.75125532975686,2.55421258647315));
#4930=CARTESIAN_POINT('Ctrl Pts',(86.4195793028228,6.00925368081929,2.52804408301423));
#4931=CARTESIAN_POINT('Ctrl Pts',(86.1248149728197,6.24411020596917,2.50422283080301));
#4932=CARTESIAN_POINT('Ctrl Pts',(85.9449817135754,6.62322242479284,2.48040157859179));
#4933=CARTESIAN_POINT('Ctrl Pts',(85.9426911577497,7.00042355403959,2.45658032638057));
#4934=CARTESIAN_POINT('Ctrl Pts',(85.9429553519962,6.99902235767301,2.59341967361943));
#4935=CARTESIAN_POINT('Ctrl Pts',(85.9425956533778,6.94964919694342,2.59653597047138));
#4936=CARTESIAN_POINT('Ctrl Pts',(85.9452399771431,6.90031488529539,2.59965226732333));
#4937=CARTESIAN_POINT('Ctrl Pts',(85.9510189663723,6.85135055259952,2.60276856417527));
#4938=CARTESIAN_POINT('Ctrl Pts',(85.9995469169555,6.44018198606367,2.6289370676342));
#4939=CARTESIAN_POINT('Ctrl Pts',(86.2691151009263,6.05510240250755,2.65510557109313));
#4940=CARTESIAN_POINT('Ctrl Pts',(86.6388451100512,5.86878514833829,2.68127407455205));
#4941=CARTESIAN_POINT('Ctrl Pts',(87.008575119176,5.68246789416903,2.70744257801098));
#4942=CARTESIAN_POINT('Ctrl Pts',(87.4784669534548,5.69491296938662,2.73361108146991));
#4943=CARTESIAN_POINT('Ctrl Pts',(87.8378159375117,5.90054030529302,2.75977958492883));
#4944=CARTESIAN_POINT('Ctrl Pts',(88.1971649215687,6.10616764119942,2.78594808838776));
#4945=CARTESIAN_POINT('Ctrl Pts',(88.4459710554037,6.50497723779464,2.81211659184669));
#4946=CARTESIAN_POINT('Ctrl Pts',(88.472666509965,6.91813790942765,2.83828509530561));
#4947=CARTESIAN_POINT('Ctrl Pts',(88.4993619645264,7.33129858106067,2.86445359876454));
#4948=CARTESIAN_POINT('Ctrl Pts',(88.303946739814,7.75881032773148,2.89062210222347));
#4949=CARTESIAN_POINT('Ctrl Pts',(87.9740474444474,8.00897190972493,2.91679060568239));
#4950=CARTESIAN_POINT('Ctrl Pts',(87.6441481490807,8.25913349171838,2.94295910914132));
#4951=CARTESIAN_POINT('Ctrl Pts',(87.1797647830598,8.33194490903445,2.96912761260024));
#4952=CARTESIAN_POINT('Ctrl Pts',(86.7891323190262,8.1947566028819,2.99529611605917));
#4953=CARTESIAN_POINT('Ctrl Pts',(86.3984998549926,8.05756829672935,3.0214646195181));
#4954=CARTESIAN_POINT('Ctrl Pts',(86.0816182929462,7.71038026710817,3.04763312297703));
#4955=CARTESIAN_POINT('Ctrl Pts',(85.980581116004,7.30887577992743,3.07380162643595));
#4956=CARTESIAN_POINT('Ctrl Pts',(85.9553325430692,7.20854226275028,3.08034097549711));
#4957=CARTESIAN_POINT('Ctrl Pts',(85.9435627947472,7.10481684818979,3.08688032455827));
#4958=CARTESIAN_POINT('Ctrl Pts',(85.9444685053624,7.00088915125291,3.09341967361943));
#4959=CARTESIAN_POINT('Origin',(87.2087955317822,6.99979999999979,3.9));
#4960=CARTESIAN_POINT('',(85.9457884968063,6.99908562793513,3.59341967361943));
#4961=CARTESIAN_POINT('',(85.9435349479035,6.99881035282375,3.45658032638057));
#4962=CARTESIAN_POINT('',(85.9442955317822,6.99979999999979,3.9));
#4963=CARTESIAN_POINT('Ctrl Pts',(85.9435349479035,6.99881035282375,3.45658032638057));
#4964=CARTESIAN_POINT('Ctrl Pts',(85.9464890604875,7.34236826764153,3.43492178330665));
#4965=CARTESIAN_POINT('Ctrl Pts',(86.0918070618401,7.68812870306243,3.41326324023272));
#4966=CARTESIAN_POINT('Ctrl Pts',(86.3415296355742,7.92277776886682,3.3916046971588));
#4967=CARTESIAN_POINT('Ctrl Pts',(86.643251963444,8.2062878308861,3.36543619369987));
#4968=CARTESIAN_POINT('Ctrl Pts',(87.0973861691209,8.32759529868307,3.33926769024095));
#4969=CARTESIAN_POINT('Ctrl Pts',(87.5002930777531,8.23230447034092,3.31309918678202));
#4970=CARTESIAN_POINT('Ctrl Pts',(87.9031999863854,8.13701364199877,3.28693068332309));
#4971=CARTESIAN_POINT('Ctrl Pts',(88.2548795979732,7.82512451751751,3.26076217986417));
#4972=CARTESIAN_POINT('Ctrl Pts',(88.3976345919206,7.43649187020823,3.23459367640524));
#4973=CARTESIAN_POINT('Ctrl Pts',(88.540389585868,7.04785922289895,3.20842517294631));
#4974=CARTESIAN_POINT('Ctrl Pts',(88.474219962175,6.58248305276166,3.18225666948739));
#4975=CARTESIAN_POINT('Ctrl Pts',(88.228796971543,6.24904360182787,3.15608816602846));
#4976=CARTESIAN_POINT('Ctrl Pts',(87.983373980911,5.91560415089407,3.12991966256953));
#4977=CARTESIAN_POINT('Ctrl Pts',(87.5586976233399,5.71410141916378,3.10375115911061));
#4978=CARTESIAN_POINT('Ctrl Pts',(87.1451978156806,5.73489155466087,3.07758265565168));
#4979=CARTESIAN_POINT('Ctrl Pts',(86.7316980080214,5.75568169015797,3.05141415219276));
#4980=CARTESIAN_POINT('Ctrl Pts',(86.3293747502739,5.99876469288244,3.02524564873383));
#4981=CARTESIAN_POINT('Ctrl Pts',(86.118634593738,6.35513940140853,2.9990771452749));
#4982=CARTESIAN_POINT('Ctrl Pts',(86.0045561523255,6.54805313923491,2.98491153897679));
#4983=CARTESIAN_POINT('Ctrl Pts',(85.9466173686396,6.77416478202647,2.97074593267869));
#4984=CARTESIAN_POINT('Ctrl Pts',(85.9461808560306,7.00006743744288,2.95658032638058));
#4985=CARTESIAN_POINT('Ctrl Pts',(85.9444685053624,7.00088915125291,3.09341967361943));
#4986=CARTESIAN_POINT('Ctrl Pts',(85.9471871755752,6.6889295371844,3.1130488280172));
#4987=CARTESIAN_POINT('Ctrl Pts',(86.0641141899028,6.37514731966095,3.13267798241496));
#4988=CARTESIAN_POINT('Ctrl Pts',(86.273521811854,6.14580846256325,3.15230713681273));
#4989=CARTESIAN_POINT('Ctrl Pts',(86.5526924764843,5.84006657712013,3.17847564027166));
#4990=CARTESIAN_POINT('Ctrl Pts',(86.996226597583,5.68440375097419,3.20464414373059));
#4991=CARTESIAN_POINT('Ctrl Pts',(87.4052382088488,5.74862105211664,3.23081264718951));
#4992=CARTESIAN_POINT('Ctrl Pts',(87.8142498201146,5.81283835325909,3.25698115064844));
#4993=CARTESIAN_POINT('Ctrl Pts',(88.1887389215475,6.09693578168992,3.28314965410736));
#4994=CARTESIAN_POINT('Ctrl Pts',(88.3607801457214,6.47352067033007,3.30931815756629));
#4995=CARTESIAN_POINT('Ctrl Pts',(88.5328213698952,6.85010555897023,3.33548666102522));
#4996=CARTESIAN_POINT('Ctrl Pts',(88.50241471681,7.31917790781969,3.36165516448414));
#4997=CARTESIAN_POINT('Ctrl Pts',(88.2831948925548,7.67040010142957,3.38782366794307));
#4998=CARTESIAN_POINT('Ctrl Pts',(88.0639750682996,8.02162229503946,3.413992171402));
#4999=CARTESIAN_POINT('Ctrl Pts',(87.6559420728743,8.25499433340977,3.44016067486092));
#5000=CARTESIAN_POINT('Ctrl Pts',(87.2420627509498,8.26586941971864,3.46632917831985));
#5001=CARTESIAN_POINT('Ctrl Pts',(86.8281834290252,8.27674450602751,3.49249768177877));
#5002=CARTESIAN_POINT('Ctrl Pts',(86.4084577806015,8.06512264027495,3.5186661852377));
#5003=CARTESIAN_POINT('Ctrl Pts',(86.1710957759753,7.72589758295331,3.54483468869663));
#5004=CARTESIAN_POINT('Ctrl Pts',(86.0241987064492,7.51596016306638,3.5610296836709));
#5005=CARTESIAN_POINT('Ctrl Pts',(85.9471477307619,7.2571501482539,3.57722467864516));
#5006=CARTESIAN_POINT('Ctrl Pts',(85.9457884968063,6.99908562793513,3.59341967361943));
#5007=CARTESIAN_POINT('Origin',(87.2087955317822,6.99979999999979,3.9));
#5008=CARTESIAN_POINT('',(85.9422976042994,6.99971049229455,4.09341967361943));
#5009=CARTESIAN_POINT('',(85.9438239292772,7.00084836748502,3.95658032638058));
#5010=CARTESIAN_POINT('',(85.9442955317822,6.99979999999979,3.9));
#5011=CARTESIAN_POINT('Ctrl Pts',(85.9438239292772,7.00084836748502,3.95658032638058));
#5012=CARTESIAN_POINT('Ctrl Pts',(85.9431012580194,7.08251992878782,3.95143464085247));
#5013=CARTESIAN_POINT('Ctrl Pts',(85.9503507025592,7.16406382545953,3.94628895532436));
#5014=CARTESIAN_POINT('Ctrl Pts',(85.9660447513262,7.24394870951555,3.94114326979626));
#5015=CARTESIAN_POINT('Ctrl Pts',(86.0458572014264,7.65020514577025,3.91497476633733));
#5016=CARTESIAN_POINT('Ctrl Pts',(86.3440686240803,8.01355529050738,3.8888062628784));
#5017=CARTESIAN_POINT('Ctrl Pts',(86.7269574725862,8.17106861967799,3.86263775941948));
#5018=CARTESIAN_POINT('Ctrl Pts',(87.1098463210922,8.3285819488486,3.83646925596055));
#5019=CARTESIAN_POINT('Ctrl Pts',(87.5774125954501,8.28025846245268,3.81030075250162));
#5020=CARTESIAN_POINT('Ctrl Pts',(87.919994020374,8.04776698633057,3.7841322490427));
#5021=CARTESIAN_POINT('Ctrl Pts',(88.2625754452979,7.81527551020846,3.75796374558377));
#5022=CARTESIAN_POINT('Ctrl Pts',(88.4801720207877,7.39861604436015,3.73179524212484));
#5023=CARTESIAN_POINT('Ctrl Pts',(88.4752108558307,6.98462364577652,3.70562673866592));
#5024=CARTESIAN_POINT('Ctrl Pts',(88.4702496908737,6.57063124719289,3.67945823520699));
#5025=CARTESIAN_POINT('Ctrl Pts',(88.24273078547,6.15930591587393,3.65328973174806));
#5026=CARTESIAN_POINT('Ctrl Pts',(87.8946763213471,5.93509082023967,3.62712122828914));
#5027=CARTESIAN_POINT('Ctrl Pts',(87.5466218572243,5.71087572460541,3.60095272483021));
#5028=CARTESIAN_POINT('Ctrl Pts',(87.0780318343822,5.67377086465585,3.57478422137129));
#5029=CARTESIAN_POINT('Ctrl Pts',(86.6990275889677,5.84041449962406,3.54861571791236));
#5030=CARTESIAN_POINT('Ctrl Pts',(86.3200233435531,6.00705813459228,3.52244721445343));
#5031=CARTESIAN_POINT('Ctrl Pts',(86.0306048755659,6.37745026447829,3.49627871099451));
#5032=CARTESIAN_POINT('Ctrl Pts',(85.9605508666037,6.78550265754209,3.47011020753558));
#5033=CARTESIAN_POINT('Ctrl Pts',(85.9484775432009,6.85582766220319,3.46560024715058));
#5034=CARTESIAN_POINT('Ctrl Pts',(85.9429198127727,6.92727125711942,3.46109028676558));
#5035=CARTESIAN_POINT('Ctrl Pts',(85.9435349479035,6.99881035282375,3.45658032638057));
#5036=CARTESIAN_POINT('Ctrl Pts',(85.9457884968063,6.99908562793513,3.59341967361943));
#5037=CARTESIAN_POINT('Ctrl Pts',(85.9449514276123,6.84015944814447,3.60339318210409));
#5038=CARTESIAN_POINT('Ctrl Pts',(85.9728210264203,6.68151600280329,3.61336669058875));
#5039=CARTESIAN_POINT('Ctrl Pts',(86.0307626120738,6.53474417199824,3.62334019907341));
#5040=CARTESIAN_POINT('Ctrl Pts',(86.1827898136268,6.14964406725552,3.64950870253234));
#5041=CARTESIAN_POINT('Ctrl Pts',(86.5418425775611,5.84627210666078,3.67567720599126));
#5042=CARTESIAN_POINT('Ctrl Pts',(86.946917376615,5.76066388357075,3.70184570945019));
#5043=CARTESIAN_POINT('Ctrl Pts',(87.3519921756688,5.67505566048073,3.72801421290911));
#5044=CARTESIAN_POINT('Ctrl Pts',(87.8030890098422,5.80721117489541,3.75418271636804));
#5045=CARTESIAN_POINT('Ctrl Pts',(88.0979306965463,6.09787032318313,3.78035121982697));
#5046=CARTESIAN_POINT('Ctrl Pts',(88.3927723832504,6.38852947147085,3.80651972328589));
#5047=CARTESIAN_POINT('Ctrl Pts',(88.5313589224852,6.83769225363161,3.83268822674482));
#5048=CARTESIAN_POINT('Ctrl Pts',(88.4515464627207,7.24394873907915,3.85885673020375));
#5049=CARTESIAN_POINT('Ctrl Pts',(88.3717340029562,7.65020522452669,3.88502523366267));
#5050=CARTESIAN_POINT('Ctrl Pts',(88.0735225441923,8.01355541326103,3.9111937371216));
#5051=CARTESIAN_POINT('Ctrl Pts',(87.6906336493231,8.17106876150472,3.93736224058053));
#5052=CARTESIAN_POINT('Ctrl Pts',(87.3077447544538,8.3285821097484,3.96353074403945));
#5053=CARTESIAN_POINT('Ctrl Pts',(86.8401784234791,8.28025861750144,3.98969924749838));
#5054=CARTESIAN_POINT('Ctrl Pts',(86.4975969570727,8.04776711322719,4.0158677509573));
#5055=CARTESIAN_POINT('Ctrl Pts',(86.159176746049,7.81809962781701,4.04171839184468));
#5056=CARTESIAN_POINT('Ctrl Pts',(85.9427235176438,7.40871104738155,4.06756903273206));
#5057=CARTESIAN_POINT('Ctrl Pts',(85.9422976042994,6.99971049229455,4.09341967361943));
#5058=CARTESIAN_POINT('Origin',(87.2087955317822,6.99979999999979,3.9));
#5059=CARTESIAN_POINT('',(85.9455960955093,7.00062739283718,4.59341967361943));
#5060=CARTESIAN_POINT('',(85.9460969951994,6.99938185847844,4.45658032638058));
#5061=CARTESIAN_POINT('',(85.9442955317822,6.99979999999979,3.9));
#5062=CARTESIAN_POINT('Ctrl Pts',(85.9460969951994,6.99938185847844,4.45658032638058));
#5063=CARTESIAN_POINT('Ctrl Pts',(85.9468131671051,7.23538326512823,4.44177899493936));
#5064=CARTESIAN_POINT('Ctrl Pts',(86.0104020157831,7.47174305553666,4.42697766349815));
#5065=CARTESIAN_POINT('Ctrl Pts',(86.1343963011074,7.67040002022671,4.41217633205693));
#5066=CARTESIAN_POINT('Ctrl Pts',(86.3536160988184,8.02162217130672,4.38600782859801));
#5067=CARTESIAN_POINT('Ctrl Pts',(86.7616490448343,8.2549941814206,4.35983932513908));
#5068=CARTESIAN_POINT('Ctrl Pts',(87.1755283166425,8.26586926641315,4.33367082168015));
#5069=CARTESIAN_POINT('Ctrl Pts',(87.5894075884508,8.27674435140571,4.30750231822123));
#5070=CARTESIAN_POINT('Ctrl Pts',(88.0091331860515,8.06512251127693,4.2813338147623));
#5071=CARTESIAN_POINT('Ctrl Pts',(88.2464951619361,7.72589749503118,4.25516531130337));
#5072=CARTESIAN_POINT('Ctrl Pts',(88.4838571378207,7.38667247878543,4.22899680784445));
#5073=CARTESIAN_POINT('Ctrl Pts',(88.5388554919891,6.91984428642269,4.20282830438552));
#5074=CARTESIAN_POINT('Ctrl Pts',(88.3868283088447,6.53474422831118,4.17665980092659));
#5075=CARTESIAN_POINT('Ctrl Pts',(88.2348011257003,6.14964417019966,4.15049129746767));
#5076=CARTESIAN_POINT('Ctrl Pts',(87.8757484052431,5.84627224633936,4.12432279400874));
#5077=CARTESIAN_POINT('Ctrl Pts',(87.4706736552391,5.76066403361542,4.09815429054982));
#5078=CARTESIAN_POINT('Ctrl Pts',(87.065598905235,5.67505582089147,4.07198578709089));
#5079=CARTESIAN_POINT('Ctrl Pts',(86.6145021256842,5.80721131930388,4.04581728363196));
#5080=CARTESIAN_POINT('Ctrl Pts',(86.3196604746819,6.09787043239622,4.01964878017304));
#5081=CARTESIAN_POINT('Ctrl Pts',(86.0827954832554,6.33137532594372,3.99862596224221));
#5082=CARTESIAN_POINT('Ctrl Pts',(85.9467764195126,6.66717730383061,3.9776031443114));
#5083=CARTESIAN_POINT('Ctrl Pts',(85.9438239292772,7.00084836748502,3.95658032638058));
#5084=CARTESIAN_POINT('Ctrl Pts',(85.9422976042994,6.99971049229455,4.09341967361943));
#5085=CARTESIAN_POINT('Ctrl Pts',(85.942292367218,6.99468137256121,4.09373753619098));
#5086=CARTESIAN_POINT('Ctrl Pts',(85.9423197922907,6.98965231149519,4.09405539876253));
#5087=CARTESIAN_POINT('Ctrl Pts',(85.9423800543858,6.9846236439385,4.09437326133409));
#5088=CARTESIAN_POINT('Ctrl Pts',(85.9473412199435,6.57063119522559,4.12054176479301));
#5089=CARTESIAN_POINT('Ctrl Pts',(86.1748601528972,6.15930581410131,4.14671026825194));
#5090=CARTESIAN_POINT('Ctrl Pts',(86.5229146591653,5.93509069131662,4.17287877171087));
#5091=CARTESIAN_POINT('Ctrl Pts',(86.8709691654335,5.71087556853193,4.19904727516979));
#5092=CARTESIAN_POINT('Ctrl Pts',(87.3395592450161,5.67377070408684,4.22521577862872));
#5093=CARTESIAN_POINT('Ctrl Pts',(87.7185635363236,5.84041435923485,4.25138428208764));
#5094=CARTESIAN_POINT('Ctrl Pts',(88.0975678276312,6.00705801438286,4.27755278554657));
#5095=CARTESIAN_POINT('Ctrl Pts',(88.3869863306636,6.37745018912396,4.30372128900549));
#5096=CARTESIAN_POINT('Ctrl Pts',(88.4570403481084,6.78550263159577,4.32988979246442));
#5097=CARTESIAN_POINT('Ctrl Pts',(88.5270943655532,7.19355507406758,4.35605829592335));
#5098=CARTESIAN_POINT('Ctrl Pts',(88.3777838974103,7.63926778427008,4.38222679938228));
#5099=CARTESIAN_POINT('Ctrl Pts',(88.0760615330057,7.9227778806236,4.4083953028412));
#5100=CARTESIAN_POINT('Ctrl Pts',(87.7743391686011,8.20628797697712,4.43456380630013));
#5101=CARTESIAN_POINT('Ctrl Pts',(87.3202049079349,8.32759545948167,4.46073230975905));
#5102=CARTESIAN_POINT('Ctrl Pts',(86.9172979505147,8.23230461959225,4.48690081321798));
#5103=CARTESIAN_POINT('Ctrl Pts',(86.5143909930946,8.13701377970282,4.51306931667691));
#5104=CARTESIAN_POINT('Ctrl Pts',(86.1627113389204,7.82512461741944,4.53923782013583));
#5105=CARTESIAN_POINT('Ctrl Pts',(86.0199563276885,7.43649192306796,4.56540632359476));
#5106=CARTESIAN_POINT('Ctrl Pts',(85.9690166410573,7.29781498630713,4.57474410693632));
#5107=CARTESIAN_POINT('Ctrl Pts',(85.9446792724762,7.14936631644855,4.58408189027787));
#5108=CARTESIAN_POINT('Ctrl Pts',(85.9455960955093,7.00062739283718,4.59341967361943));
#5109=CARTESIAN_POINT('Origin',(87.2087955317822,6.99979999999979,3.9));
#5110=CARTESIAN_POINT('',(85.944754007304,6.99873112306933,5.09341967361943));
#5111=CARTESIAN_POINT('',(85.9425125800377,6.99933558760475,4.95658032638057));
#5112=CARTESIAN_POINT('',(85.9442955317822,6.99979999999979,3.9));
#5113=CARTESIAN_POINT('Ctrl Pts',(85.9425125800377,6.99933558760475,4.95658032638057));
#5114=CARTESIAN_POINT('Ctrl Pts',(85.9443664273684,7.38646188462801,4.93212334902625));
#5115=CARTESIAN_POINT('Ctrl Pts',(86.1352212037136,7.77517181441198,4.90766637167193));
#5116=CARTESIAN_POINT('Ctrl Pts',(86.4435437118145,8.00897178746668,4.88320939431761));
#5117=CARTESIAN_POINT('Ctrl Pts',(86.7734429672627,8.25913333911476,4.85704089085868));
#5118=CARTESIAN_POINT('Ctrl Pts',(87.2378262769864,8.33194474773017,4.83087238739976));
#5119=CARTESIAN_POINT('Ctrl Pts',(87.6284586937037,8.19475645821747,4.80470388394083));
#5120=CARTESIAN_POINT('Ctrl Pts',(88.0190911104209,8.05756816870478,4.7785353804819));
#5121=CARTESIAN_POINT('Ctrl Pts',(88.3359726341318,7.71038018106398,4.75236687702298));
#5122=CARTESIAN_POINT('Ctrl Pts',(88.4370097988478,7.30887574248618,4.72619837356405));
#5123=CARTESIAN_POINT('Ctrl Pts',(88.5380469635639,6.90737130390837,4.70002987010513));
#5124=CARTESIAN_POINT('Ctrl Pts',(88.4232397692851,6.45155041439357,4.6738613666462));
#5125=CARTESIAN_POINT('Ctrl Pts',(88.1440691384548,6.14580856597969,4.64769286318727));
#5126=CARTESIAN_POINT('Ctrl Pts',(87.8648985076243,5.8400667175658,4.62152435972834));
#5127=CARTESIAN_POINT('Ctrl Pts',(87.4213644402423,5.68440391025284,4.59535585626942));
#5128=CARTESIAN_POINT('Ctrl Pts',(87.0123528785053,5.74862120361545,4.56918735281049));
#5129=CARTESIAN_POINT('Ctrl Pts',(86.6033413167683,5.81283849697806,4.54301884935157));
#5130=CARTESIAN_POINT('Ctrl Pts',(86.2288522606764,6.09693589101625,4.51685034589264));
#5131=CARTESIAN_POINT('Ctrl Pts',(86.0568110573334,6.47352073405841,4.49068184243371));
#5132=CARTESIAN_POINT('Ctrl Pts',(85.9820791585222,6.63710306106623,4.479314670416));
#5133=CARTESIAN_POINT('Ctrl Pts',(85.9455469872979,6.81813677275998,4.46794749839829));
#5134=CARTESIAN_POINT('Ctrl Pts',(85.9460969951994,6.99938185847844,4.45658032638058));
#5135=CARTESIAN_POINT('Ctrl Pts',(85.9455960955093,7.00062739283718,4.59341967361943));
#5136=CARTESIAN_POINT('Ctrl Pts',(85.9472486067427,6.73253558750246,4.6102503937368));
#5137=CARTESIAN_POINT('Ctrl Pts',(86.0309459596543,6.46350081699352,4.62708111385417));
#5138=CARTESIAN_POINT('Ctrl Pts',(86.1887939685135,6.24904351095576,4.64391183397154));
#5139=CARTESIAN_POINT('Ctrl Pts',(86.4342169888603,5.91560401961461,4.67008033743047));
#5140=CARTESIAN_POINT('Ctrl Pts',(86.8588933978437,5.71410126335191,4.69624884088939));
#5141=CARTESIAN_POINT('Ctrl Pts',(87.2723932555797,5.73489140142688,4.72241734434832));
#5142=CARTESIAN_POINT('Ctrl Pts',(87.6858931133156,5.75568153950187,4.74858584780725));
#5143=CARTESIAN_POINT('Ctrl Pts',(88.0882164198043,5.99876457191453,4.77475435126617));
#5144=CARTESIAN_POINT('Ctrl Pts',(88.2989566018435,6.35513932347892,4.8009228547251));
#5145=CARTESIAN_POINT('Ctrl Pts',(88.5096967838826,6.71151407504331,4.82709135818403));
#5146=CARTESIAN_POINT('Ctrl Pts',(88.5288538414723,7.18118054575942,4.85325986164295));
#5147=CARTESIAN_POINT('Ctrl Pts',(88.3478375633708,7.55353441062052,4.87942836510188));
#5148=CARTESIAN_POINT('Ctrl Pts',(88.1668212852693,7.92588827548162,4.90559686856081));
#5149=CARTESIAN_POINT('Ctrl Pts',(87.7856316714766,8.20092953448771,4.93176537201973));
#5150=CARTESIAN_POINT('Ctrl Pts',(87.3751985924496,8.25532702054169,4.95793387547866));
#5151=CARTESIAN_POINT('Ctrl Pts',(86.9647655134225,8.30972450659566,4.98410237893759));
#5152=CARTESIAN_POINT('Ctrl Pts',(86.5250889691611,8.14347821969752,5.01027088239651));
#5153=CARTESIAN_POINT('Ctrl Pts',(86.2533253181171,7.83113374629332,5.03643938585544));
#5154=CARTESIAN_POINT('Ctrl Pts',(86.0560758388644,7.60443019528594,5.0554328151101));
#5155=CARTESIAN_POINT('Ctrl Pts',(85.9472835291114,7.3007615476756,5.07442624436476));
#5156=CARTESIAN_POINT('Ctrl Pts',(85.944754007304,6.99873112306933,5.09341967361943));
#5157=CARTESIAN_POINT('Origin',(87.2087955317822,6.99979999999979,3.9));
#5158=CARTESIAN_POINT('',(85.9427366044746,7.00041653345302,5.59341967361943));
#5159=CARTESIAN_POINT('',(85.9450820092717,7.00080969373359,5.45658032638058));
#5160=CARTESIAN_POINT('',(85.9442955317822,6.99979999999979,3.9));
#5161=CARTESIAN_POINT('',(88.1669116845046,7.82501129893627,5.9));
#5162=CARTESIAN_POINT('Ctrl Pts',(85.9427366044746,7.00041653345302,5.59341967361943));
#5163=CARTESIAN_POINT('Ctrl Pts',(85.9450936388176,6.62535709990585,5.61710760536951));
#5164=CARTESIAN_POINT('Ctrl Pts',(86.1226473994407,6.24843387685212,5.64079553711959));
#5165=CARTESIAN_POINT('Ctrl Pts',(86.414597264171,6.01333179327386,5.66448346886968));
#5166=CARTESIAN_POINT('Ctrl Pts',(86.7371197674283,5.75361010240496,5.6906519723286));
#5167=CARTESIAN_POINT('Ctrl Pts',(87.1992516902234,5.66696744350913,5.71682047578753));
#5168=CARTESIAN_POINT('Ctrl Pts',(87.5936692317671,5.79298760606174,5.74298897924646));
#5169=CARTESIAN_POINT('Ctrl Pts',(87.9880867733108,5.91900776861435,5.76915748270538));
#5170=CARTESIAN_POINT('Ctrl Pts',(88.314789933603,6.25769075261541,5.79532598616431));
#5171=CARTESIAN_POINT('Ctrl Pts',(88.4273374244846,6.65542416065352,5.82149448962323));
#5172=CARTESIAN_POINT('Ctrl Pts',(88.5398849153662,7.05315756869163,5.84766299308216));
#5173=CARTESIAN_POINT('Ctrl Pts',(88.4382767368372,7.50994140076678,5.87383149654109));
#5174=CARTESIAN_POINT('Ctrl Pts',(88.1669116845046,7.82501129893629,5.90000000000002));
#5175=CARTESIAN_POINT('',(86.2488888112874,7.82613330118738,5.9));
#5176=CARTESIAN_POINT('Origin',(87.2087955317822,6.99979999999979,5.9));
#5177=CARTESIAN_POINT('Ctrl Pts',(86.2488785492261,7.82613973158128,5.9));
#5178=CARTESIAN_POINT('Ctrl Pts',(86.5071353564228,8.1239718158474,5.87509183961299));
#5179=CARTESIAN_POINT('Ctrl Pts',(86.9161887585185,8.29352427164769,5.85018367922597));
#5180=CARTESIAN_POINT('Ctrl Pts',(87.3090996866337,8.26226140368211,5.82527551883896));
#5181=CARTESIAN_POINT('Ctrl Pts',(87.7218917524336,8.22941664695251,5.79910701538004));
#5182=CARTESIAN_POINT('Ctrl Pts',(88.116866408746,7.9749200629248,5.77293851192111));
#5183=CARTESIAN_POINT('Ctrl Pts',(88.3171535634297,7.61262350386404,5.74677000846219));
#5184=CARTESIAN_POINT('Ctrl Pts',(88.5174407181133,7.25032694480328,5.72060150500326));
#5185=CARTESIAN_POINT('Ctrl Pts',(88.5230403711683,6.78023041070947,5.69443300154433));
#5186=CARTESIAN_POINT('Ctrl Pts',(88.3313228904204,6.41326197413308,5.6682644980854));
#5187=CARTESIAN_POINT('Ctrl Pts',(88.1396054096724,6.04629353755669,5.64209599462648));
#5188=CARTESIAN_POINT('Ctrl Pts',(87.7505707951215,5.78245319849773,5.61592749116755));
#5189=CARTESIAN_POINT('Ctrl Pts',(87.3387252112934,5.73998553396271,5.58975898770862));
#5190=CARTESIAN_POINT('Ctrl Pts',(86.9268796274653,5.6975178694277,5.5635904842497));
#5191=CARTESIAN_POINT('Ctrl Pts',(86.49222307436,5.87642287941662,5.53742198079078));
#5192=CARTESIAN_POINT('Ctrl Pts',(86.2296319583259,6.19650921497886,5.51125347733185));
#5193=CARTESIAN_POINT('Ctrl Pts',(86.0467571046183,6.41942514097747,5.49302909368143));
#5194=CARTESIAN_POINT('Ctrl Pts',(85.9473351767353,6.71081498533784,5.474804710031));
#5195=CARTESIAN_POINT('Ctrl Pts',(85.9450820092717,7.00080969373359,5.45658032638058));
#5196=CARTESIAN_POINT('Origin',(12.9087955317821,132.9998,3.9));
#5197=CARTESIAN_POINT('',(11.6462419162243,132.999747259391,2.09341967361942));
#5198=CARTESIAN_POINT('',(11.6451518508127,132.998050525739,1.95658032638058));
#5199=CARTESIAN_POINT('',(11.6442955317821,132.9998,3.9));
#5200=CARTESIAN_POINT('',(11.9506793790597,133.825011298936,1.9));
#5201=CARTESIAN_POINT('Ctrl Pts',(11.6451518508127,132.998050525739,1.95658032638058));
#5202=CARTESIAN_POINT('Ctrl Pts',(11.6477340220965,133.297212000131,1.93772021758705));
#5203=CARTESIAN_POINT('Ctrl Pts',(11.7551017290887,133.597934784363,1.91886010879353));
#5204=CARTESIAN_POINT('Ctrl Pts',(11.9506793790597,133.825011298936,1.9));
#5205=CARTESIAN_POINT('',(13.8687133500021,133.826136236508,1.90000000000001));
#5206=CARTESIAN_POINT('Origin',(12.9087955317821,132.9998,1.9));
#5207=CARTESIAN_POINT('Ctrl Pts',(13.8687238965029,133.826142821612,1.9));
#5208=CARTESIAN_POINT('Ctrl Pts',(13.6104700339361,134.123959501507,1.92490816038701));
#5209=CARTESIAN_POINT('Ctrl Pts',(13.2014087486451,134.29354497358,1.94981632077402));
#5210=CARTESIAN_POINT('Ctrl Pts',(12.8084911152212,134.262288512615,1.97472448116103));
#5211=CARTESIAN_POINT('Ctrl Pts',(12.3956920048264,134.229450487077,2.00089298461996));
#5212=CARTESIAN_POINT('Ctrl Pts',(12.0007116040225,133.974931264004,2.02706148807888));
#5213=CARTESIAN_POINT('Ctrl Pts',(11.8004223078186,133.612625708508,2.05322999153781));
#5214=CARTESIAN_POINT('Ctrl Pts',(11.6978872997644,133.427148981818,2.06662655223168));
#5215=CARTESIAN_POINT('Ctrl Pts',(11.6463763464598,133.213423939736,2.08002311292555));
#5216=CARTESIAN_POINT('Ctrl Pts',(11.6462419162243,132.999747259391,2.09341967361942));
#5217=CARTESIAN_POINT('Origin',(12.9087955317821,132.9998,3.9));
#5218=CARTESIAN_POINT('',(11.6429395274592,132.999022384447,2.59341967361942));
#5219=CARTESIAN_POINT('',(11.6426755588088,133.000422537886,2.45658032638058));
#5220=CARTESIAN_POINT('',(11.6442955317821,132.9998,3.9));
#5221=CARTESIAN_POINT('Ctrl Pts',(11.6426755588088,133.000422537886,2.45658032638058));
#5222=CARTESIAN_POINT('Ctrl Pts',(11.6424498405154,133.037590925501,2.45423307513287));
#5223=CARTESIAN_POINT('Ctrl Pts',(11.6439479623871,133.074740773833,2.45188582388516));
#5224=CARTESIAN_POINT('Ctrl Pts',(11.647229826244,133.111732243047,2.44953857263745));
#5225=CARTESIAN_POINT('Ctrl Pts',(11.68381792723,133.524134362771,2.42337006917853));
#5226=CARTESIAN_POINT('Ctrl Pts',(11.9421085590661,133.916851431849,2.3972015657196));
#5227=CARTESIAN_POINT('Ctrl Pts',(12.3062888181803,134.11382166305,2.37103306226067));
#5228=CARTESIAN_POINT('Ctrl Pts',(12.6704690772944,134.310791894251,2.34486455880175));
#5229=CARTESIAN_POINT('Ctrl Pts',(13.1405389636867,134.312015287576,2.31869605534282));
#5230=CARTESIAN_POINT('Ctrl Pts',(13.5056976638109,134.116866302989,2.29252755188389));
#5231=CARTESIAN_POINT('Ctrl Pts',(13.8708563639351,133.921717318402,2.26635904842497));
#5232=CARTESIAN_POINT('Ctrl Pts',(14.1311038777913,133.530195955902,2.24019054496604));
#5233=CARTESIAN_POINT('Ctrl Pts',(14.1697750216812,133.118024148195,2.21402204150711));
#5234=CARTESIAN_POINT('Ctrl Pts',(14.2084461655712,132.705852340488,2.18785353804819));
#5235=CARTESIAN_POINT('Ctrl Pts',(14.025540939495,132.273030087573,2.16168503458926));
#5236=CARTESIAN_POINT('Ctrl Pts',(13.7030090025,132.013309957266,2.13551653113033));
#5237=CARTESIAN_POINT('Ctrl Pts',(13.380477065505,131.753589826959,2.10934802767141));
#5238=CARTESIAN_POINT('Ctrl Pts',(12.9183184175912,131.666971819259,2.08317952421248));
#5239=CARTESIAN_POINT('Ctrl Pts',(12.5239162535235,131.792976885186,2.05701102075356));
#5240=CARTESIAN_POINT('Ctrl Pts',(12.1295140894558,131.918981951113,2.03084251729463));
#5241=CARTESIAN_POINT('Ctrl Pts',(11.8028684092342,132.257610090667,2.0046740138357));
#5242=CARTESIAN_POINT('Ctrl Pts',(11.6903184685521,132.65534995308,1.97850551037678));
#5243=CARTESIAN_POINT('Ctrl Pts',(11.6588852844816,132.766431578105,1.97119711571138));
#5244=CARTESIAN_POINT('Ctrl Pts',(11.6441512454057,132.882123828418,1.96388872104598));
#5245=CARTESIAN_POINT('Ctrl Pts',(11.6451518508127,132.998050525739,1.95658032638058));
#5246=CARTESIAN_POINT('Ctrl Pts',(11.6462419162243,132.999747259391,2.09341967361942));
#5247=CARTESIAN_POINT('Ctrl Pts',(11.6461137538316,132.796033306686,2.10619161638447));
#5248=CARTESIAN_POINT('Ctrl Pts',(11.6926829166416,132.592363311097,2.11896355914953));
#5249=CARTESIAN_POINT('Ctrl Pts',(11.7862548341892,132.413257606668,2.13173550191459));
#5250=CARTESIAN_POINT('Ctrl Pts',(11.9779748483677,132.046286948243,2.15790400537351));
#5251=CARTESIAN_POINT('Ctrl Pts',(12.3670130683286,131.782437519311,2.18407250883244));
#5252=CARTESIAN_POINT('Ctrl Pts',(12.7788636596227,131.739967987249,2.21024101229137));
#5253=CARTESIAN_POINT('Ctrl Pts',(13.1907142509167,131.697498455186,2.23640951575029));
#5254=CARTESIAN_POINT('Ctrl Pts',(13.6253772135438,131.876408819992,2.26257801920922));
#5255=CARTESIAN_POINT('Ctrl Pts',(13.8879718156819,132.196499923394,2.28874652266815));
#5256=CARTESIAN_POINT('Ctrl Pts',(14.15056641782,132.516591026796,2.31491502612707));
#5257=CARTESIAN_POINT('Ctrl Pts',(14.2410926594689,132.977862868794,2.341083529586));
#5258=CARTESIAN_POINT('Ctrl Pts',(14.1189442933586,133.373462918129,2.36725203304493));
#5259=CARTESIAN_POINT('Ctrl Pts',(13.9967959272483,133.769062967464,2.39342053650385));
#5260=CARTESIAN_POINT('Ctrl Pts',(13.6619729533786,134.098991224137,2.41958903996278));
#5261=CARTESIAN_POINT('Ctrl Pts',(13.2646203582263,134.215310103362,2.44575754342171));
#5262=CARTESIAN_POINT('Ctrl Pts',(12.8672677630739,134.331628982587,2.47192604688063));
#5263=CARTESIAN_POINT('Ctrl Pts',(12.4073855466388,134.234338484365,2.49809455033956));
#5264=CARTESIAN_POINT('Ctrl Pts',(12.0911872738337,133.967061842371,2.52426305379849));
#5265=CARTESIAN_POINT('Ctrl Pts',(11.8126437214707,133.73161404987,2.54731526040546));
#5266=CARTESIAN_POINT('Ctrl Pts',(11.6456003245252,133.364255335588,2.57036746701244));
#5267=CARTESIAN_POINT('Ctrl Pts',(11.6429395274592,132.999022384447,2.59341967361942));
#5268=CARTESIAN_POINT('Origin',(12.9087955317821,132.9998,3.9));
#5269=CARTESIAN_POINT('',(11.644452679419,133.000889166326,3.09341967361942));
#5270=CARTESIAN_POINT('',(11.6461650397933,133.00006742412,2.95658032638058));
#5271=CARTESIAN_POINT('',(11.6442955317821,132.9998,3.9));
#5272=CARTESIAN_POINT('Ctrl Pts',(11.6461650397933,133.00006742412,2.95658032638058));
#5273=CARTESIAN_POINT('Ctrl Pts',(11.6457951669212,133.191483177988,2.94457742921976));
#5274=CARTESIAN_POINT('Ctrl Pts',(11.6867102922234,133.382748888369,2.93257453205895));
#5275=CARTESIAN_POINT('Ctrl Pts',(11.769739369687,133.553541261361,2.92057163489813));
#5276=CARTESIAN_POINT('Ctrl Pts',(11.9507578914394,133.925899763108,2.8944031314392));
#5277=CARTESIAN_POINT('Ctrl Pts',(12.3319522268512,134.200944506361,2.86823462798028));
#5278=CARTESIAN_POINT('Ctrl Pts',(12.7423904030663,134.255342634959,2.84206612452135));
#5279=CARTESIAN_POINT('Ctrl Pts',(13.1528285792815,134.309740763558,2.81589762106242));
#5280=CARTESIAN_POINT('Ctrl Pts',(13.5925105963001,134.143492277501,2.7897291176035));
#5281=CARTESIAN_POINT('Ctrl Pts',(13.8642776079454,133.8311439896,2.76356061414457));
#5282=CARTESIAN_POINT('Ctrl Pts',(14.1360446195908,133.518795701699,2.73739211068564));
#5283=CARTESIAN_POINT('Ctrl Pts',(14.239896625863,133.060347611954,2.71122360722672));
#5284=CARTESIAN_POINT('Ctrl Pts',(14.1292655731058,132.661375329011,2.68505510376779));
#5285=CARTESIAN_POINT('Ctrl Pts',(14.0186345203485,132.262403046068,2.65888660030886));
#5286=CARTESIAN_POINT('Ctrl Pts',(13.693520408562,131.922906569926,2.63271809684994));
#5287=CARTESIAN_POINT('Ctrl Pts',(13.2997074007038,131.795115946655,2.60654959339101));
#5288=CARTESIAN_POINT('Ctrl Pts',(12.9058943928457,131.667325323384,2.58038108993208));
#5289=CARTESIAN_POINT('Ctrl Pts',(12.443382488916,131.751240552983,2.55421258647316));
#5290=CARTESIAN_POINT('Ctrl Pts',(12.1195693220191,132.009241752968,2.52804408301423));
#5291=CARTESIAN_POINT('Ctrl Pts',(11.8248014102785,132.244100871499,2.50422283080302));
#5292=CARTESIAN_POINT('Ctrl Pts',(11.644966277538,132.62321641795,2.4804015785918));
#5293=CARTESIAN_POINT('Ctrl Pts',(11.6426755588088,133.000422537886,2.45658032638058));
#5294=CARTESIAN_POINT('Ctrl Pts',(11.6429395274592,132.999022384447,2.59341967361942));
#5295=CARTESIAN_POINT('Ctrl Pts',(11.6425798294197,132.949648616666,2.59653597047137));
#5296=CARTESIAN_POINT('Ctrl Pts',(11.6452241905343,132.900313696781,2.59965226732332));
#5297=CARTESIAN_POINT('Ctrl Pts',(11.6510032551054,132.851348757919,2.60276856417526));
#5298=CARTESIAN_POINT('Ctrl Pts',(11.6995318383573,132.440175101227,2.62893706763419));
#5299=CARTESIAN_POINT('Ctrl Pts',(11.9691033340364,132.055090573608,2.65510557109312));
#5300=CARTESIAN_POINT('Ctrl Pts',(12.3388379572171,131.868770957376,2.68127407455204));
#5301=CARTESIAN_POINT('Ctrl Pts',(12.7085725803977,131.682451341145,2.70744257801097));
#5302=CARTESIAN_POINT('Ctrl Pts',(13.1784703310799,131.6948966363,2.7336110814699));
#5303=CARTESIAN_POINT('Ctrl Pts',(13.5378238213502,131.900526561741,2.75977958492882));
#5304=CARTESIAN_POINT('Ctrl Pts',(13.8971773116205,132.106156487181,2.78594808838775));
#5305=CARTESIAN_POINT('Ctrl Pts',(14.145986541479,132.504971042906,2.81211659184668));
#5306=CARTESIAN_POINT('Ctrl Pts',(14.1726823259079,132.918136878448,2.8382850953056));
#5307=CARTESIAN_POINT('Ctrl Pts',(14.1993781103368,133.33130271399,2.86445359876453));
#5308=CARTESIAN_POINT('Ctrl Pts',(14.003960449336,133.758819829349,2.89062210222346));
#5309=CARTESIAN_POINT('Ctrl Pts',(13.6740570266156,134.00898454702,2.91679060568238));
#5310=CARTESIAN_POINT('Ctrl Pts',(13.3441536038951,134.25914926469,2.94295910914131));
#5311=CARTESIAN_POINT('Ctrl Pts',(12.879764419455,134.331961584672,2.96912761260024));
#5312=CARTESIAN_POINT('Ctrl Pts',(12.4891270642399,134.194771559055,2.99529611605916));
#5313=CARTESIAN_POINT('Ctrl Pts',(12.0984897090247,134.057581533439,3.02146461951809));
#5314=CARTESIAN_POINT('Ctrl Pts',(11.7816041830346,133.710389162223,3.04763312297701));
#5315=CARTESIAN_POINT('Ctrl Pts',(11.6805657419697,133.30887965011,3.07380162643594));
#5316=CARTESIAN_POINT('Ctrl Pts',(11.6553168531383,133.208544877232,3.0803409754971));
#5317=CARTESIAN_POINT('Ctrl Pts',(11.6435469575154,133.1048181643,3.08688032455826));
#5318=CARTESIAN_POINT('Ctrl Pts',(11.644452679419,133.000889166326,3.09341967361942));
#5319=CARTESIAN_POINT('Origin',(12.9087955317821,132.9998,3.9));
#5320=CARTESIAN_POINT('',(11.6457726864903,132.999085619001,3.59341967361942));
#5321=CARTESIAN_POINT('',(11.6435190967089,132.998810340482,3.45658032638058));
#5322=CARTESIAN_POINT('',(11.6442955317821,132.9998,3.9));
#5323=CARTESIAN_POINT('Ctrl Pts',(11.6435190967089,132.998810340482,3.45658032638058));
#5324=CARTESIAN_POINT('Ctrl Pts',(11.6464732463068,133.342372559134,3.43492178330666));
#5325=CARTESIAN_POINT('Ctrl Pts',(11.7917930682107,133.688137325799,3.41326324023273));
#5326=CARTESIAN_POINT('Ctrl Pts',(12.0415187704619,133.922789331573,3.39160469715881));
#5327=CARTESIAN_POINT('Ctrl Pts',(12.3432448783002,134.206302945753,3.36543619369988));
#5328=CARTESIAN_POINT('Ctrl Pts',(12.7973847733399,134.327611934702,3.33926769024095));
#5329=CARTESIAN_POINT('Ctrl Pts',(13.2002967296244,134.232319911889,3.31309918678203));
#5330=CARTESIAN_POINT('Ctrl Pts',(13.6032086859089,134.137027889075,3.2869306833231));
#5331=CARTESIAN_POINT('Ctrl Pts',(13.9548927034381,133.8251348545,3.26076217986417));
#5332=CARTESIAN_POINT('Ctrl Pts',(14.0976494857461,133.436497339686,3.23459367640525));
#5333=CARTESIAN_POINT('Ctrl Pts',(14.2404062680541,133.047859824873,3.20842517294632));
#5334=CARTESIAN_POINT('Ctrl Pts',(14.1742358151409,132.582477829822,3.1822566694874));
#5335=CARTESIAN_POINT('Ctrl Pts',(13.928809750028,132.24903419907,3.15608816602847));
#5336=CARTESIAN_POINT('Ctrl Pts',(13.6833836849151,131.915590568318,3.12991966256954));
#5337=CARTESIAN_POINT('Ctrl Pts',(13.2587020076023,131.714085301866,3.10375115911061));
#5338=CARTESIAN_POINT('Ctrl Pts',(12.8451970191891,131.734875702593,3.07758265565169));
#5339=CARTESIAN_POINT('Ctrl Pts',(12.4316920307759,131.75566610332,3.05141415219276));
#5340=CARTESIAN_POINT('Ctrl Pts',(12.0293637312622,131.998752171227,3.02524564873384));
#5341=CARTESIAN_POINT('Ctrl Pts',(11.8186209355518,132.355131335301,2.99907714527491));
#5342=CARTESIAN_POINT('Ctrl Pts',(11.7045410654942,132.548047485016,2.9849115389768));
#5343=CARTESIAN_POINT('Ctrl Pts',(11.6466015571954,132.774161947116,2.97074593267869));
#5344=CARTESIAN_POINT('Ctrl Pts',(11.6461650397933,133.00006742412,2.95658032638058));
#5345=CARTESIAN_POINT('Ctrl Pts',(11.644452679419,133.000889166326,3.09341967361942));
#5346=CARTESIAN_POINT('Ctrl Pts',(11.6471713835166,132.688925646937,3.11304882801719));
#5347=CARTESIAN_POINT('Ctrl Pts',(11.7640998606507,132.375139500085,3.13267798241495));
#5348=CARTESIAN_POINT('Ctrl Pts',(11.9735101037051,132.1457977717,3.15230713681272));
#5349=CARTESIAN_POINT('Ctrl Pts',(12.2526842626453,131.840052058416,3.17847564027165));
#5350=CARTESIAN_POINT('Ctrl Pts',(12.6962239366655,131.684387284859,3.20464414373057));
#5351=CARTESIAN_POINT('Ctrl Pts',(13.1052406681215,131.748605390162,3.2308126471895));
#5352=CARTESIAN_POINT('Ctrl Pts',(13.5142573995774,131.812823495466,3.25698115064843));
#5353=CARTESIAN_POINT('Ctrl Pts',(13.8887511884691,132.096924479629,3.28314965410735));
#5354=CARTESIAN_POINT('Ctrl Pts',(14.0607945661596,132.473514082211,3.30931815756628));
#5355=CARTESIAN_POINT('Ctrl Pts',(14.2328379438501,132.850103684794,3.33548666102521));
#5356=CARTESIAN_POINT('Ctrl Pts',(14.2024309103394,133.319181905796,3.36165516448413));
#5357=CARTESIAN_POINT('Ctrl Pts',(13.98320834194,133.67040849608,3.38782366794306));
#5358=CARTESIAN_POINT('Ctrl Pts',(13.7639857735406,134.021635086364,3.41399217140198));
#5359=CARTESIAN_POINT('Ctrl Pts',(13.3559476702525,134.255010045931,3.44016067486091));
#5360=CARTESIAN_POINT('Ctrl Pts',(12.9420631673609,134.265885268336,3.46632917831984));
#5361=CARTESIAN_POINT('Ctrl Pts',(12.5281786644694,134.276760490741,3.49249768177876));
#5362=CARTESIAN_POINT('Ctrl Pts',(12.1084477619744,134.065135975985,3.51866618523769));
#5363=CARTESIAN_POINT('Ctrl Pts',(11.8710827860639,133.725906672263,3.54483468869662));
#5364=CARTESIAN_POINT('Ctrl Pts',(11.7241838776884,133.515966624392,3.56102968367088));
#5365=CARTESIAN_POINT('Ctrl Pts',(11.6471319374694,133.257153369784,3.57722467864515));
#5366=CARTESIAN_POINT('Ctrl Pts',(11.6457726864903,132.999085619001,3.59341967361942));
#5367=CARTESIAN_POINT('Origin',(12.9087955317821,132.9998,3.9));
#5368=CARTESIAN_POINT('',(11.6422817502786,132.999710491149,4.09341967361942));
#5369=CARTESIAN_POINT('',(11.6438080817005,133.000848380623,3.95658032638058));
#5370=CARTESIAN_POINT('',(11.6442955317821,132.9998,3.9));
#5371=CARTESIAN_POINT('Ctrl Pts',(11.6438080817005,133.000848380623,3.95658032638058));
#5372=CARTESIAN_POINT('Ctrl Pts',(11.6430854013887,133.082520965109,3.95143464085248));
#5373=CARTESIAN_POINT('Ctrl Pts',(11.6503349367494,133.164065883363,3.94628895532437));
#5374=CARTESIAN_POINT('Ctrl Pts',(11.6660291821313,133.243951768218,3.94114326979626));
#5375=CARTESIAN_POINT('Ctrl Pts',(11.7458426321217,133.650213294055,3.91497476633734));
#5376=CARTESIAN_POINT('Ctrl Pts',(12.0440577907728,134.013567990831,3.88880626287841));
#5377=CARTESIAN_POINT('Ctrl Pts',(12.4269514361145,134.171083293336,3.86263775941948));
#5378=CARTESIAN_POINT('Ctrl Pts',(12.8098450814563,134.32859859584,3.83646925596056));
#5379=CARTESIAN_POINT('Ctrl Pts',(13.2774172134886,134.280274504074,3.81030075250163));
#5380=CARTESIAN_POINT('Ctrl Pts',(13.6200029302755,134.047780115284,3.7841322490427));
#5381=CARTESIAN_POINT('Ctrl Pts',(13.9625886470625,133.815285726495,3.75796374558378));
#5382=CARTESIAN_POINT('Ctrl Pts',(14.1801879486042,133.398621040683,3.73179524212485));
#5383=CARTESIAN_POINT('Ctrl Pts',(14.1752267214938,132.984623455622,3.70562673866593));
#5384=CARTESIAN_POINT('Ctrl Pts',(14.1702654943835,132.570625870561,3.679458235207));
#5385=CARTESIAN_POINT('Ctrl Pts',(13.9427437386212,132.159295386251,3.65328973174807));
#5386=CARTESIAN_POINT('Ctrl Pts',(13.5946849140688,131.935077481602,3.62712122828914));
#5387=CARTESIAN_POINT('Ctrl Pts',(13.2466260895164,131.710859576952,3.60095272483022));
#5388=CARTESIAN_POINT('Ctrl Pts',(12.7780301961741,131.673754251963,3.57478422137129));
#5389=CARTESIAN_POINT('Ctrl Pts',(12.3990212025893,131.840399974735,3.54861571791236));
#5390=CARTESIAN_POINT('Ctrl Pts',(12.0200122090045,132.007045697507,3.52244721445344));
#5391=CARTESIAN_POINT('Ctrl Pts',(11.7305901151773,132.37744246804,3.49627871099451));
#5392=CARTESIAN_POINT('Ctrl Pts',(11.660535228582,132.785499973011,3.47011020753559));
#5393=CARTESIAN_POINT('Ctrl Pts',(11.6484617539251,132.855825858674,3.46560024715059));
#5394=CARTESIAN_POINT('Ctrl Pts',(11.6429039538706,132.92727034859,3.46109028676558));
#5395=CARTESIAN_POINT('Ctrl Pts',(11.6435190967089,132.998810340482,3.45658032638058));
#5396=CARTESIAN_POINT('Ctrl Pts',(11.6457726864903,132.999085619001,3.59341967361942));
#5397=CARTESIAN_POINT('Ctrl Pts',(11.6449356068127,132.840157449765,3.60339318210408));
#5398=CARTESIAN_POINT('Ctrl Pts',(11.6728055544867,132.681512018517,3.61336669058874));
#5399=CARTESIAN_POINT('Ctrl Pts',(11.7307478654503,132.534738350419,3.6233401990734));
#5400=CARTESIAN_POINT('Ctrl Pts',(11.8827769700729,132.149633424984,3.64950870253232));
#5401=CARTESIAN_POINT('Ctrl Pts',(12.2418342286442,131.8462576668,3.67567720599125));
#5402=CARTESIAN_POINT('Ctrl Pts',(12.6469140984279,131.760648372071,3.70184570945018));
#5403=CARTESIAN_POINT('Ctrl Pts',(13.0519939682116,131.675039077341,3.7280142129091));
#5404=CARTESIAN_POINT('Ctrl Pts',(13.5030964492078,131.807196246065,3.75418271636803));
#5405=CARTESIAN_POINT('Ctrl Pts',(13.7979418267383,132.097859032823,3.78035121982695));
#5406=CARTESIAN_POINT('Ctrl Pts',(14.0927872042688,132.388521819581,3.80651972328588));
#5407=CARTESIAN_POINT('Ctrl Pts',(14.2313754783335,132.837690224373,3.83268822674481));
#5408=CARTESIAN_POINT('Ctrl Pts',(14.1515620194777,133.243951795338,3.85885673020374));
#5409=CARTESIAN_POINT('Ctrl Pts',(14.0717485606218,133.650213366302,3.88502523366266));
#5410=CARTESIAN_POINT('Ctrl Pts',(13.7735333688453,134.013568103439,3.91119373712159));
#5411=CARTESIAN_POINT('Ctrl Pts',(13.3906396809723,134.17108342344,3.93736224058051));
#5412=CARTESIAN_POINT('Ctrl Pts',(13.0077459930992,134.328598743441,3.96353074403944));
#5413=CARTESIAN_POINT('Ctrl Pts',(12.5401738091297,134.280274646307,3.98969924749837));
#5414=CARTESIAN_POINT('Ctrl Pts',(12.1975880542888,134.047780231692,4.01586775095729));
#5415=CARTESIAN_POINT('Ctrl Pts',(11.8591636069213,133.818109871293,4.04171839184467));
#5416=CARTESIAN_POINT('Ctrl Pts',(11.6427076689546,133.408716166083,4.06756903273205));
#5417=CARTESIAN_POINT('Ctrl Pts',(11.6422817502786,132.999710491149,4.09341967361942));
#5418=CARTESIAN_POINT('Origin',(12.9087955317821,132.9998,3.9));
#5419=CARTESIAN_POINT('',(11.6455802828583,133.00062740417,4.59341967361942));
#5420=CARTESIAN_POINT('',(11.6460811761971,132.999381853093,4.45658032638058));
#5421=CARTESIAN_POINT('',(11.6442955317821,132.9998,3.9));
#5422=CARTESIAN_POINT('Ctrl Pts',(11.6460811761971,132.999381853093,4.45658032638058));
#5423=CARTESIAN_POINT('Ctrl Pts',(11.6467973570297,133.235386216437,4.44177899493937));
#5424=CARTESIAN_POINT('Ctrl Pts',(11.7103870022711,133.47174896808,4.42697766349815));
#5425=CARTESIAN_POINT('Ctrl Pts',(11.8343828409688,133.670408421589,4.41217633205694));
#5426=CARTESIAN_POINT('Ctrl Pts',(12.0536053850176,134.021634972859,4.38600782859801));
#5427=CARTESIAN_POINT('Ctrl Pts',(12.4616434429807,134.255009906504,4.35983932513909));
#5428=CARTESIAN_POINT('Ctrl Pts',(12.8755278998984,134.265885127701,4.33367082168016));
#5429=CARTESIAN_POINT('Ctrl Pts',(13.2894123568161,134.276760348899,4.30750231822123));
#5430=CARTESIAN_POINT('Ctrl Pts',(13.7091432126884,134.065135857649,4.28133381476231));
#5431=CARTESIAN_POINT('Ctrl Pts',(13.9465081622328,133.725906591608,4.25516531130338));
#5432=CARTESIAN_POINT('Ctrl Pts',(14.1838731117771,133.386677325568,4.22899680784445));
#5433=CARTESIAN_POINT('Ctrl Pts',(14.2388721549936,132.919843284736,4.20282830438553));
#5434=CARTESIAN_POINT('Ctrl Pts',(14.0868430672581,132.534738402077,4.1766598009266));
#5435=CARTESIAN_POINT('Ctrl Pts',(13.9348139795225,132.149633519419,4.15049129746768));
#5436=CARTESIAN_POINT('Ctrl Pts',(13.575756760835,131.846257794934,4.12432279400875));
#5437=CARTESIAN_POINT('Ctrl Pts',(13.170676936047,131.760648509714,4.09815429054982));
#5438=CARTESIAN_POINT('Ctrl Pts',(12.765597111259,131.675039224494,4.07198578709089));
#5439=CARTESIAN_POINT('Ctrl Pts',(12.3144946803705,131.807196378538,4.04581728363197));
#5440=CARTESIAN_POINT('Ctrl Pts',(12.019649335591,132.09785913301,4.01964878017304));
#5441=CARTESIAN_POINT('Ctrl Pts',(11.7827813767191,132.331366951908,3.99862596224222));
#5442=CARTESIAN_POINT('Ctrl Pts',(11.646760608926,132.667173136733,3.9776031443114));
#5443=CARTESIAN_POINT('Ctrl Pts',(11.6438080817005,133.000848380623,3.95658032638058));
#5444=CARTESIAN_POINT('Ctrl Pts',(11.6422817502786,132.999710491149,4.09341967361942));
#5445=CARTESIAN_POINT('Ctrl Pts',(11.6422765131316,132.994681308461,4.09373753619097));
#5446=CARTESIAN_POINT('Ctrl Pts',(11.6423039385476,132.989652184441,4.09405539876252));
#5447=CARTESIAN_POINT('Ctrl Pts',(11.642364201397,132.984623453936,4.09437326133408));
#5448=CARTESIAN_POINT('Ctrl Pts',(11.6473254290584,132.570625822889,4.120541764793));
#5449=CARTESIAN_POINT('Ctrl Pts',(11.8748472100936,132.15929529289,4.14671026825192));
#5450=CARTESIAN_POINT('Ctrl Pts',(12.2229060733078,131.935077363334,4.17287877171085));
#5451=CARTESIAN_POINT('Ctrl Pts',(12.5709649365221,131.710859433779,4.19904727516978));
#5452=CARTESIAN_POINT('Ctrl Pts',(13.0395608819155,131.673754104667,4.22521577862871));
#5453=CARTESIAN_POINT('Ctrl Pts',(13.4185699176,131.84039984595,4.25138428208763));
#5454=CARTESIAN_POINT('Ctrl Pts',(13.7975789532846,132.007045587233,4.27755278554656));
#5455=CARTESIAN_POINT('Ctrl Pts',(14.0870010792603,132.377442398911,4.30372128900548));
#5456=CARTESIAN_POINT('Ctrl Pts',(14.1570559736372,132.785499949208,4.32988979246441));
#5457=CARTESIAN_POINT('Ctrl Pts',(14.227110868014,133.193557499505,4.35605829592334));
#5458=CARTESIAN_POINT('Ctrl Pts',(14.0777985307919,133.639275788421,4.38222679938227));
#5459=CARTESIAN_POINT('Ctrl Pts',(13.7760723894383,133.922789434095,4.40839530284119));
#5460=CARTESIAN_POINT('Ctrl Pts',(13.4743462480847,134.20630307977,4.43456380630012));
#5461=CARTESIAN_POINT('Ctrl Pts',(13.0202063025997,134.327612082202,4.46073230975904));
#5462=CARTESIAN_POINT('Ctrl Pts',(12.6172943015602,134.2323200488,4.48690081321797));
#5463=CARTESIAN_POINT('Ctrl Pts',(12.2143823005208,134.137028015397,4.5130693166769));
#5464=CARTESIAN_POINT('Ctrl Pts',(11.8626982439269,133.825134946159,4.53923782013582));
#5465=CARTESIAN_POINT('Ctrl Pts',(11.719941445762,133.436497388185,4.56540632359475));
#5466=CARTESIAN_POINT('Ctrl Pts',(11.6690011214942,133.297818715924,4.57474410693631));
#5467=CARTESIAN_POINT('Ctrl Pts',(11.6446634483059,133.149368188752,4.58408189027786));
#5468=CARTESIAN_POINT('Ctrl Pts',(11.6455802828583,133.00062740417,4.59341967361942));
#5469=CARTESIAN_POINT('Origin',(12.9087955317821,132.9998,3.9));
#5470=CARTESIAN_POINT('',(11.644738210219,132.99873126653,5.09341967361942));
#5471=CARTESIAN_POINT('',(11.6424967219269,132.999335571722,4.95658032638058));
#5472=CARTESIAN_POINT('',(11.6442955317821,132.9998,3.9));
#5473=CARTESIAN_POINT('Ctrl Pts',(11.6424967219269,132.999335571722,4.95658032638058));
#5474=CARTESIAN_POINT('Ctrl Pts',(11.6443505948667,133.38646671405,4.93212334902626));
#5475=CARTESIAN_POINT('Ctrl Pts',(11.8352077533881,133.775181528882,4.90766637167194));
#5476=CARTESIAN_POINT('Ctrl Pts',(12.1435341219716,134.008984434892,4.88320939431762));
#5477=CARTESIAN_POINT('Ctrl Pts',(12.4734375080632,134.259149124747,4.85704089085869));
#5478=CARTESIAN_POINT('Ctrl Pts',(12.9378266408834,134.331961436698,4.83087238739976));
#5479=CARTESIAN_POINT('Ctrl Pts',(13.3284639526984,134.194771426334,4.80470388394084));
#5480=CARTESIAN_POINT('Ctrl Pts',(13.7191012645135,134.05758141597,4.77853538048191));
#5481=CARTESIAN_POINT('Ctrl Pts',(14.0359867553233,133.710389083292,4.75236687702299));
#5482=CARTESIAN_POINT('Ctrl Pts',(14.1370251851696,133.30887961577,4.72619837356406));
#5483=CARTESIAN_POINT('Ctrl Pts',(14.2380636150159,132.907370148249,4.70002987010513));
#5484=CARTESIAN_POINT('Ctrl Pts',(14.1232549838987,132.451543545884,4.6738613666462));
#5485=CARTESIAN_POINT('Ctrl Pts',(13.8440808559664,132.145797866565,4.64769286318728));
#5486=CARTESIAN_POINT('Ctrl Pts',(13.5649067280341,131.840052187246,4.62152435972835));
#5487=CARTESIAN_POINT('Ctrl Pts',(13.1213671032867,131.684387430974,4.59535585626942));
#5488=CARTESIAN_POINT('Ctrl Pts',(12.712350417265,131.748605529142,4.5691873528105));
#5489=CARTESIAN_POINT('Ctrl Pts',(12.3033337312432,131.81282362731,4.54301884935157));
#5490=CARTESIAN_POINT('Ctrl Pts',(11.9288399839472,132.096924579919,4.51685034589265));
#5491=CARTESIAN_POINT('Ctrl Pts',(11.7567966253664,132.473514140671,4.49068184243372));
#5492=CARTESIAN_POINT('Ctrl Pts',(11.6820637903549,132.637098516976,4.47931467041601));
#5493=CARTESIAN_POINT('Ctrl Pts',(11.6455311614398,132.818134496683,4.46794749839829));
#5494=CARTESIAN_POINT('Ctrl Pts',(11.6460811761971,132.999381853093,4.45658032638058));
#5495=CARTESIAN_POINT('Ctrl Pts',(11.6455802828583,133.00062740417,4.59341967361942));
#5496=CARTESIAN_POINT('Ctrl Pts',(11.6472328148545,132.732532244562,4.61025039373679));
#5497=CARTESIAN_POINT('Ctrl Pts',(11.7309312155488,132.463494107896,4.62708111385416));
#5498=CARTESIAN_POINT('Ctrl Pts',(11.8887812002347,132.249034115693,4.64391183397153));
#5499=CARTESIAN_POINT('Ctrl Pts',(12.1342072926084,131.915590447887,4.67008033743046));
#5500=CARTESIAN_POINT('Ctrl Pts',(12.558889017092,131.714085158984,4.69624884088938));
#5501=CARTESIAN_POINT('Ctrl Pts',(12.9723940514388,131.734875562053,4.72241734434831));
#5502=CARTESIAN_POINT('Ctrl Pts',(13.3858990857856,131.755665965121,4.74858584780724));
#5503=CARTESIAN_POINT('Ctrl Pts',(13.7882274299956,131.998752060161,4.77475435126616));
#5504=CARTESIAN_POINT('Ctrl Pts',(13.9989702491099,132.355131263759,4.80092285472509));
#5505=CARTESIAN_POINT('Ctrl Pts',(14.2097130682242,132.711510467357,4.82709135818402));
#5506=CARTESIAN_POINT('Ctrl Pts',(14.2288703622428,133.181182779514,4.85325986164294));
#5507=CARTESIAN_POINT('Ctrl Pts',(14.0478518203954,133.55354132274,4.87942836510187));
#5508=CARTESIAN_POINT('Ctrl Pts',(13.866833278548,133.925899865966,4.90559686856079));
#5509=CARTESIAN_POINT('Ctrl Pts',(13.4856389008346,134.200944640261,4.93176537201972));
#5510=CARTESIAN_POINT('Ctrl Pts',(13.0752006789992,134.255342774676,4.95793387547865));
#5511=CARTESIAN_POINT('Ctrl Pts',(12.6647624571638,134.309740909091,4.98410237893757));
#5512=CARTESIAN_POINT('Ctrl Pts',(12.2250803912064,134.143492403625,5.0102708823965));
#5513=CARTESIAN_POINT('Ctrl Pts',(11.9533133494422,133.831144081457,5.03643938585543));
#5514=CARTESIAN_POINT('Ctrl Pts',(11.7560614091623,133.604437736969,5.05543281511009));
#5515=CARTESIAN_POINT('Ctrl Pts',(11.6472677609884,133.300765437084,5.07442624436475));
#5516=CARTESIAN_POINT('Ctrl Pts',(11.644738210219,132.99873126653,5.09341967361942));
#5517=CARTESIAN_POINT('Origin',(12.9087955317821,132.9998,3.9));
#5518=CARTESIAN_POINT('',(11.6427219027946,133.000420441528,5.59341967361942));
#5519=CARTESIAN_POINT('',(11.6450661727453,133.000809852024,5.45658032638058));
#5520=CARTESIAN_POINT('',(11.6442955317821,132.9998,3.9));
#5521=CARTESIAN_POINT('',(13.8669116845045,133.825011298936,5.9));
#5522=CARTESIAN_POINT('Ctrl Pts',(11.6427219027946,133.000420441528,5.59341967361942));
#5523=CARTESIAN_POINT('Ctrl Pts',(11.6450753649275,132.625351307065,5.6171076053695));
#5524=CARTESIAN_POINT('Ctrl Pts',(11.8226234579984,132.248410436866,5.64079553711958));
#5525=CARTESIAN_POINT('Ctrl Pts',(12.1145819288514,132.013309770253,5.66448346886966));
#5526=CARTESIAN_POINT('Ctrl Pts',(12.4371139394543,131.753589644733,5.69065197232859));
#5527=CARTESIAN_POINT('Ctrl Pts',(12.8992727892396,131.666971817095,5.71682047578752));
#5528=CARTESIAN_POINT('Ctrl Pts',(13.2936748249957,131.792976755129,5.74298897924644));
#5529=CARTESIAN_POINT('Ctrl Pts',(13.6880768607518,131.918981693164,5.76915748270537));
#5530=CARTESIAN_POINT('Ctrl Pts',(14.0147220824788,132.257609396871,5.7953259861643));
#5531=CARTESIAN_POINT('Ctrl Pts',(14.1272720515001,132.655349323772,5.82149448962322));
#5532=CARTESIAN_POINT('Ctrl Pts',(14.2398220205214,133.053089250672,5.84766299308215));
#5533=CARTESIAN_POINT('Ctrl Pts',(14.1382767368371,133.509941400767,5.87383149654108));
#5534=CARTESIAN_POINT('Ctrl Pts',(13.8669116845045,133.825011298936,5.9));
#5535=CARTESIAN_POINT('',(11.9488778040048,133.826136159963,5.9));
#5536=CARTESIAN_POINT('Origin',(12.9087955317821,132.9998,5.9));
#5537=CARTESIAN_POINT('Ctrl Pts',(11.9488672569219,133.826142745313,5.9));
#5538=CARTESIAN_POINT('Ctrl Pts',(12.2071211429319,134.123959555661,5.87509183961299));
#5539=CARTESIAN_POINT('Ctrl Pts',(12.6161823663787,134.293544787825,5.85018367922598));
#5540=CARTESIAN_POINT('Ctrl Pts',(13.0090999444874,134.262288283619,5.82527551883897));
#5541=CARTESIAN_POINT('Ctrl Pts',(13.4218989967681,134.229450212652,5.79910701538004));
#5542=CARTESIAN_POINT('Ctrl Pts',(13.8168793466641,133.974931161224,5.77293851192112));
#5543=CARTESIAN_POINT('Ctrl Pts',(14.0171686232079,133.612625679428,5.74677000846219));
#5544=CARTESIAN_POINT('Ctrl Pts',(14.2174578997516,133.250320197631,5.72060150500327));
#5545=CARTESIAN_POINT('Ctrl Pts',(14.2230561029431,132.780228285466,5.69443300154433));
#5546=CARTESIAN_POINT('Ctrl Pts',(14.031336111136,132.413257650124,5.66826449808541));
#5547=CARTESIAN_POINT('Ctrl Pts',(13.8396161193288,132.046287014782,5.64209599462648));
#5548=CARTESIAN_POINT('Ctrl Pts',(13.4505779325229,131.782437656263,5.61592749116756));
#5549=CARTESIAN_POINT('Ctrl Pts',(13.0387273853896,131.73996813856,5.58975898770863));
#5550=CARTESIAN_POINT('Ctrl Pts',(12.6268768382562,131.697498620858,5.56359048424971));
#5551=CARTESIAN_POINT('Ctrl Pts',(12.1922139307952,131.876408943972,5.53742198079078));
#5552=CARTESIAN_POINT('Ctrl Pts',(11.9296193591154,132.196500006657,5.51125347733185));
#5553=CARTESIAN_POINT('Ctrl Pts',(11.7467420988118,132.419419224739,5.49302909368143));
#5554=CARTESIAN_POINT('Ctrl Pts',(11.6473191702273,132.710812076967,5.474804710031));
#5555=CARTESIAN_POINT('Ctrl Pts',(11.6450661727453,133.000809852024,5.45658032638058));
#5556=CARTESIAN_POINT('Origin',(87.2087955317822,132.9998,3.9));
#5557=CARTESIAN_POINT('',(85.9462212569076,132.999744152705,2.09341967361942));
#5558=CARTESIAN_POINT('',(85.9452096164174,132.997984673544,1.95658032638058));
#5559=CARTESIAN_POINT('',(85.9442955317822,132.9998,3.9));
#5560=CARTESIAN_POINT('',(86.2506793790598,133.825011298936,1.9));
#5561=CARTESIAN_POINT('Ctrl Pts',(85.9452096164174,132.997984673544,1.95658032638058));
#5562=CARTESIAN_POINT('Ctrl Pts',(85.947769867039,133.297172244427,1.93772021758706));
#5563=CARTESIAN_POINT('Ctrl Pts',(86.0551017290888,133.597934784364,1.91886010879353));
#5564=CARTESIAN_POINT('Ctrl Pts',(86.2506793790598,133.825011298936,1.9));
#5565=CARTESIAN_POINT('',(88.1687254464263,133.82615509019,1.9));
#5566=CARTESIAN_POINT('Origin',(87.2087955317822,132.9998,1.9));
#5567=CARTESIAN_POINT('Ctrl Pts',(88.1687354493717,133.82616139823,1.9));
#5568=CARTESIAN_POINT('Ctrl Pts',(87.9104845986747,134.123959980467,1.92490816038701));
#5569=CARTESIAN_POINT('Ctrl Pts',(87.5014153031412,134.293573565085,1.94981632077402));
#5570=CARTESIAN_POINT('Ctrl Pts',(87.1084901301796,134.262321441861,1.97472448116103));
#5571=CARTESIAN_POINT('Ctrl Pts',(86.6956830987496,134.229487973552,2.00089298461995));
#5572=CARTESIAN_POINT('Ctrl Pts',(86.3006952964554,133.974947066041,2.02706148807888));
#5573=CARTESIAN_POINT('Ctrl Pts',(86.1004030460466,133.612631364707,2.05322999153781));
#5574=CARTESIAN_POINT('Ctrl Pts',(85.9978665256329,133.427149444013,2.06662655223168));
#5575=CARTESIAN_POINT('Ctrl Pts',(85.9463552254999,133.213422231928,2.08002311292555));
#5576=CARTESIAN_POINT('Ctrl Pts',(85.9462212569076,132.999744152705,2.09341967361942));
#5577=CARTESIAN_POINT('Origin',(87.2087955317822,132.9998,3.9));
#5578=CARTESIAN_POINT('',(85.9429189805219,132.999022397711,2.59341967361942));
#5579=CARTESIAN_POINT('',(85.9426551577733,133.000421701542,2.45658032638059));
#5580=CARTESIAN_POINT('',(85.9442955317822,132.9998,3.9));
#5581=CARTESIAN_POINT('Ctrl Pts',(85.9426551577733,133.000421701542,2.45658032638059));
#5582=CARTESIAN_POINT('Ctrl Pts',(85.9424294250068,133.037590716953,2.45423307513288));
#5583=CARTESIAN_POINT('Ctrl Pts',(85.9439275567659,133.07474120652,2.45188582388517));
#5584=CARTESIAN_POINT('Ctrl Pts',(85.9472094553064,133.111733330333,2.44953857263746));
#5585=CARTESIAN_POINT('Ctrl Pts',(85.9837979429642,133.524142747898,2.42337006917853));
#5586=CARTESIAN_POINT('Ctrl Pts',(86.2420920433897,133.916868775719,2.3972015657196));
#5587=CARTESIAN_POINT('Ctrl Pts',(86.6062787028407,134.113841140503,2.37103306226068));
#5588=CARTESIAN_POINT('Ctrl Pts',(86.9704653622915,134.310813505287,2.34486455880175));
#5589=CARTESIAN_POINT('Ctrl Pts',(87.4405445807678,134.312032207034,2.31869605534282));
#5590=CARTESIAN_POINT('Ctrl Pts',(87.8057081653524,134.116881884532,2.2925275518839));
#5591=CARTESIAN_POINT('Ctrl Pts',(88.170871749937,133.921731562031,2.26635904842497));
#5592=CARTESIAN_POINT('Ctrl Pts',(88.43111970063,133.530212215281,2.24019054496604));
#5593=CARTESIAN_POINT('Ctrl Pts',(88.4697941277425,133.118030347956,2.21402204150712));
#5594=CARTESIAN_POINT('Ctrl Pts',(88.508468554855,132.70584848063,2.18785353804819));
#5595=CARTESIAN_POINT('Ctrl Pts',(88.325569458387,132.273004092729,2.16168503458926));
#5596=CARTESIAN_POINT('Ctrl Pts',(88.0030283826459,132.013283280738,2.13551653113034));
#5597=CARTESIAN_POINT('Ctrl Pts',(87.6804873069047,131.753562468747,2.10934802767141));
#5598=CARTESIAN_POINT('Ctrl Pts',(87.2183042518905,131.666965232666,2.08317952421248));
#5599=CARTESIAN_POINT('Ctrl Pts',(86.8239193156246,131.792952808051,2.05701102075356));
#5600=CARTESIAN_POINT('Ctrl Pts',(86.4295343793588,131.918940383436,2.03084251729463));
#5601=CARTESIAN_POINT('Ctrl Pts',(86.1029475618414,132.257512770287,2.00467401383571));
#5602=CARTESIAN_POINT('Ctrl Pts',(85.9903925486835,132.655263024619,1.97850551037678));
#5603=CARTESIAN_POINT('Ctrl Pts',(85.9589579479614,132.766347551921,1.97119711571138));
#5604=CARTESIAN_POINT('Ctrl Pts',(85.9442175053861,132.882047863692,1.96388872104598));
#5605=CARTESIAN_POINT('Ctrl Pts',(85.9452096164174,132.997984673544,1.95658032638058));
#5606=CARTESIAN_POINT('Ctrl Pts',(85.9462212569076,132.999744152705,2.09341967361942));
#5607=CARTESIAN_POINT('Ctrl Pts',(85.9460935346338,132.796028866345,2.10619161638447));
#5608=CARTESIAN_POINT('Ctrl Pts',(85.9926638724015,132.592358237994,2.11896355914953));
#5609=CARTESIAN_POINT('Ctrl Pts',(86.0862373903375,132.413250649478,2.13173550191459));
#5610=CARTESIAN_POINT('Ctrl Pts',(86.2779606835604,132.046276130739,2.15790400537351));
#5611=CARTESIAN_POINT('Ctrl Pts',(86.6670039685297,131.782417588414,2.18407250883244));
#5612=CARTESIAN_POINT('Ctrl Pts',(87.0788610450406,131.739946217193,2.21024101229137));
#5613=CARTESIAN_POINT('Ctrl Pts',(87.4907181215514,131.697474845972,2.23640951575029));
#5614=CARTESIAN_POINT('Ctrl Pts',(87.9253889896038,131.876390645854,2.26257801920922));
#5615=CARTESIAN_POINT('Ctrl Pts',(88.1879880194606,132.196487554347,2.28874652266815));
#5616=CARTESIAN_POINT('Ctrl Pts',(88.4505870493175,132.516584462839,2.31491502612707));
#5617=CARTESIAN_POINT('Ctrl Pts',(88.5411142409788,132.977862479942,2.341083529586));
#5618=CARTESIAN_POINT('Ctrl Pts',(88.4189637828748,133.373468637961,2.36725203304493));
#5619=CARTESIAN_POINT('Ctrl Pts',(88.2968133247708,133.76907479598,2.39342053650385));
#5620=CARTESIAN_POINT('Ctrl Pts',(87.9619852169014,134.099009094915,2.41958903996278));
#5621=CARTESIAN_POINT('Ctrl Pts',(87.5646262328203,134.215330029261,2.4457575434217));
#5622=CARTESIAN_POINT('Ctrl Pts',(87.1672672487391,134.331650963606,2.47192604688063));
#5623=CARTESIAN_POINT('Ctrl Pts',(86.707377388446,134.234358533361,2.49809455033956));
#5624=CARTESIAN_POINT('Ctrl Pts',(86.3911739403382,133.967077463765,2.52426305379848));
#5625=CARTESIAN_POINT('Ctrl Pts',(86.1126258289776,133.731625770927,2.54731526040546));
#5626=CARTESIAN_POINT('Ctrl Pts',(85.9455797886577,133.364261219713,2.57036746701244));
#5627=CARTESIAN_POINT('Ctrl Pts',(85.9429189805219,132.999022397711,2.59341967361942));
#5628=CARTESIAN_POINT('Origin',(87.2087955317822,132.9998,3.9));
#5629=CARTESIAN_POINT('',(85.9444321407251,133.00088918498,3.09341967361942));
#5630=CARTESIAN_POINT('',(85.9461445134152,133.000067415922,2.95658032638058));
#5631=CARTESIAN_POINT('',(85.9442955317822,132.9998,3.9));
#5632=CARTESIAN_POINT('Ctrl Pts',(85.9461445134152,133.000067415922,2.95658032638058));
#5633=CARTESIAN_POINT('Ctrl Pts',(85.9457746346863,133.191486276451,2.94457742921977));
#5634=CARTESIAN_POINT('Ctrl Pts',(85.9866904251364,133.382755093715,2.93257453205895));
#5635=CARTESIAN_POINT('Ctrl Pts',(86.0697208519399,133.553550249446,2.92057163489813));
#5636=CARTESIAN_POINT('Ctrl Pts',(86.2507423154994,133.925914818068,2.8944031314392));
#5637=CARTESIAN_POINT('Ctrl Pts',(86.6319428448162,134.200964087468,2.86823462798028));
#5638=CARTESIAN_POINT('Ctrl Pts',(87.0423876964822,134.25536307486,2.84206612452135));
#5639=CARTESIAN_POINT('Ctrl Pts',(87.4528325481482,134.309762062252,2.81589762106243));
#5640=CARTESIAN_POINT('Ctrl Pts',(87.8925217221635,134.143510767636,2.7897291176035));
#5641=CARTESIAN_POINT('Ctrl Pts',(88.1642931452074,133.831157450697,2.76356061414457));
#5642=CARTESIAN_POINT('Ctrl Pts',(88.4360645682513,133.518804133758,2.73739211068565));
#5643=CARTESIAN_POINT('Ctrl Pts',(88.5399182403238,133.060348794495,2.71122360722672));
#5644=CARTESIAN_POINT('Ctrl Pts',(88.4292854054321,132.661369932379,2.68505510376779));
#5645=CARTESIAN_POINT('Ctrl Pts',(88.3186525705404,132.262391070263,2.65888660030887));
#5646=CARTESIAN_POINT('Ctrl Pts',(87.9935332286845,131.922888685294,2.63271809684994));
#5647=CARTESIAN_POINT('Ctrl Pts',(87.5997137795965,131.795096159114,2.60654959339101));
#5648=CARTESIAN_POINT('Ctrl Pts',(87.2058943305085,131.667303632933,2.58038108993209));
#5649=CARTESIAN_POINT('Ctrl Pts',(86.7433747741885,131.751220965541,2.55421258647316));
#5650=CARTESIAN_POINT('Ctrl Pts',(86.4195564334735,132.0092260355,2.52804408301423));
#5651=CARTESIAN_POINT('Ctrl Pts',(86.1247838119938,132.244088676877,2.50422283080302));
#5652=CARTESIAN_POINT('Ctrl Pts',(85.9449460233843,132.623209210371,2.4804015785918));
#5653=CARTESIAN_POINT('Ctrl Pts',(85.9426551577733,133.000421701542,2.45658032638059));
#5654=CARTESIAN_POINT('Ctrl Pts',(85.9429189805219,132.999022397711,2.59341967361942));
#5655=CARTESIAN_POINT('Ctrl Pts',(85.942559280986,132.949647836281,2.59653597047137));
#5656=CARTESIAN_POINT('Ctrl Pts',(85.9452036887089,132.900312122127,2.59965226732331));
#5657=CARTESIAN_POINT('Ctrl Pts',(85.9509828497637,132.851346393078,2.60276856417526));
#5658=CARTESIAN_POINT('Ctrl Pts',(85.9995122432195,132.440166100933,2.62893706763419));
#5659=CARTESIAN_POINT('Ctrl Pts',(86.2690880660535,132.055075225589,2.65510557109312));
#5660=CARTESIAN_POINT('Ctrl Pts',(86.6388286835327,131.868752559978,2.68127407455204));
#5661=CARTESIAN_POINT('Ctrl Pts',(87.008569301012,131.682429894368,2.70744257801097));
#5662=CARTESIAN_POINT('Ctrl Pts',(87.4784747131365,131.69487543849,2.7336110814699));
#5663=CARTESIAN_POINT('Ctrl Pts',(87.8378340476945,131.900508715942,2.75977958492882));
#5664=CARTESIAN_POINT('Ctrl Pts',(88.1971933822524,132.106141993393,2.78594808838775));
#5665=CARTESIAN_POINT('Ctrl Pts',(88.4460066392437,132.504963004173,2.81211659184668));
#5666=CARTESIAN_POINT('Ctrl Pts',(88.4727028538367,132.918135545768,2.8382850953056));
#5667=CARTESIAN_POINT('Ctrl Pts',(88.4993990684296,133.331308087363,2.86445359876453));
#5668=CARTESIAN_POINT('Ctrl Pts',(88.3039782406243,133.758832159772,2.89062210222345));
#5669=CARTESIAN_POINT('Ctrl Pts',(87.9740694604519,134.009000944366,2.91679060568238));
#5670=CARTESIAN_POINT('Ctrl Pts',(87.6441606802795,134.259169728959,2.94295910914131));
#5671=CARTESIAN_POINT('Ctrl Pts',(87.1797639477401,134.331983225735,2.96912761260023));
#5672=CARTESIAN_POINT('Ctrl Pts',(86.7891202456076,134.19479096995,2.99529611605916));
#5673=CARTESIAN_POINT('Ctrl Pts',(86.3984765434752,134.057598714166,3.02146461951809));
#5674=CARTESIAN_POINT('Ctrl Pts',(86.0815858717498,133.710400705821,3.04763312297701));
#5675=CARTESIAN_POINT('Ctrl Pts',(85.9805457898148,133.308884671905,3.07380162643594));
#5676=CARTESIAN_POINT('Ctrl Pts',(85.95529649094,133.208548269269,3.0803409754971));
#5677=CARTESIAN_POINT('Ctrl Pts',(85.9435264041419,133.104819871333,3.08688032455826));
#5678=CARTESIAN_POINT('Ctrl Pts',(85.9444321407251,133.00088918498,3.09341967361942));
#5679=CARTESIAN_POINT('Origin',(87.2087955317822,132.9998,3.9));
#5680=CARTESIAN_POINT('',(85.9457521685697,132.999085607402,3.59341967361942));
#5681=CARTESIAN_POINT('',(85.9434985265565,132.998810324425,3.45658032638058));
#5682=CARTESIAN_POINT('',(85.9442955317822,132.9998,3.9));
#5683=CARTESIAN_POINT('Ctrl Pts',(85.9434985265565,132.998810324425,3.45658032638058));
#5684=CARTESIAN_POINT('Ctrl Pts',(85.9464527241751,133.342378128345,3.43492178330666));
#5685=CARTESIAN_POINT('Ctrl Pts',(86.0917749085954,133.688148515966,3.41326324023274));
#5686=CARTESIAN_POINT('Ctrl Pts',(86.3415046707508,133.922804336776,3.39160469715881));
#5687=CARTESIAN_POINT('Ctrl Pts',(86.6432356838876,134.206322560397,3.36543619369988));
#5688=CARTESIAN_POINT('Ctrl Pts',(87.0973829621066,134.32763352247,3.33926769024096));
#5689=CARTESIAN_POINT('Ctrl Pts',(87.5003014687052,134.232339949986,3.31309918678203));
#5690=CARTESIAN_POINT('Ctrl Pts',(87.9032199753039,134.137046377503,3.2869306833231));
#5691=CARTESIAN_POINT('Ctrl Pts',(88.2549097102823,133.825148270464,3.26076217986417));
#5692=CARTESIAN_POINT('Ctrl Pts',(88.3976688134434,133.436504438317,3.23459367640525));
#5693=CARTESIAN_POINT('Ctrl Pts',(88.5404279166045,133.047860606169,3.20842517294632));
#5694=CARTESIAN_POINT('Ctrl Pts',(88.4742563879484,132.582471048913,3.1822566694874));
#5695=CARTESIAN_POINT('Ctrl Pts',(88.2288263328765,132.249021995421,3.15608816602847));
#5696=CARTESIAN_POINT('Ctrl Pts',(87.9833962778046,131.915572941929,3.12991966256954));
#5697=CARTESIAN_POINT('Ctrl Pts',(87.558707696317,131.714064392202,3.10375115911062));
#5698=CARTESIAN_POINT('Ctrl Pts',(87.145195985231,131.734855134448,3.07758265565169));
#5699=CARTESIAN_POINT('Ctrl Pts',(86.731684274145,131.755645876694,3.05141415219276));
#5700=CARTESIAN_POINT('Ctrl Pts',(86.3293494334606,131.998735910914,3.02524564873384));
#5701=CARTESIAN_POINT('Ctrl Pts',(86.1186032120195,132.355120861947,2.99907714527491));
#5702=CARTESIAN_POINT('Ctrl Pts',(86.0045214875359,132.548040144275,2.9849115389768));
#5703=CARTESIAN_POINT('Ctrl Pts',(85.9465810377294,132.774158272491,2.97074593267869));
#5704=CARTESIAN_POINT('Ctrl Pts',(85.9461445134152,133.000067415922,2.95658032638058));
#5705=CARTESIAN_POINT('Ctrl Pts',(85.9444321407251,133.00088918498,3.09341967361942));
#5706=CARTESIAN_POINT('Ctrl Pts',(85.9471508888865,132.688920597586,3.11304882801719));
#5707=CARTESIAN_POINT('Ctrl Pts',(86.0640812648765,132.375129352318,3.13267798241495));
#5708=CARTESIAN_POINT('Ctrl Pts',(86.2734949096223,132.14578389797,3.15230713681272));
#5709=CARTESIAN_POINT('Ctrl Pts',(86.5526736035095,131.840033217437,3.17847564027165));
#5710=CARTESIAN_POINT('Ctrl Pts',(86.9962204834283,131.684365915856,3.20464414373057));
#5711=CARTESIAN_POINT('Ctrl Pts',(87.4052438595353,131.74858506458,3.2308126471895));
#5712=CARTESIAN_POINT('Ctrl Pts',(87.8142672356424,131.812804213304,3.25698115064843));
#5713=CARTESIAN_POINT('Ctrl Pts',(88.1887671079376,132.096909812331,3.28314965410735));
#5714=CARTESIAN_POINT('Ctrl Pts',(88.3608132804194,132.473505532551,3.30931815756628));
#5715=CARTESIAN_POINT('Ctrl Pts',(88.5328594529012,132.850101252771,3.33548666102521));
#5716=CARTESIAN_POINT('Ctrl Pts',(88.5024519255696,133.319187094185,3.36165516448413));
#5717=CARTESIAN_POINT('Ctrl Pts',(88.2832257959144,133.670419390226,3.38782366794306));
#5718=CARTESIAN_POINT('Ctrl Pts',(88.0639996662593,134.021651686267,3.41399217140198));
#5719=CARTESIAN_POINT('Ctrl Pts',(87.6559549342807,134.255030436936,3.44016067486091));
#5720=CARTESIAN_POINT('Ctrl Pts',(87.2420637077783,134.265905835987,3.46632917831984));
#5721=CARTESIAN_POINT('Ctrl Pts',(86.8281724812759,134.276781235037,3.49249768177876));
#5722=CARTESIAN_POINT('Ctrl Pts',(86.4084347602498,134.065153282468,3.51866618523769));
#5723=CARTESIAN_POINT('Ctrl Pts',(86.1710659283321,133.725918467946,3.54483468869662));
#5724=CARTESIAN_POINT('Ctrl Pts',(86.0241646335757,133.515975009586,3.56102968367088));
#5725=CARTESIAN_POINT('Ctrl Pts',(85.9471114416357,133.257157550527,3.57722467864515));
#5726=CARTESIAN_POINT('Ctrl Pts',(85.9457521685697,132.999085607402,3.59341967361942));
#5727=CARTESIAN_POINT('Origin',(87.2087955317822,132.9998,3.9));
#5728=CARTESIAN_POINT('',(85.9422611756441,132.999710489679,4.09341967361942));
#5729=CARTESIAN_POINT('',(85.9437875162428,133.00084839767,3.95658032638059));
#5730=CARTESIAN_POINT('',(85.9442955317822,132.9998,3.9));
#5731=CARTESIAN_POINT('Ctrl Pts',(85.9437875162428,133.00084839767,3.95658032638059));
#5732=CARTESIAN_POINT('Ctrl Pts',(85.9430648241819,133.082522309943,3.95143464085248));
#5733=CARTESIAN_POINT('Ctrl Pts',(85.9503144774012,133.164068553909,3.94628895532437));
#5734=CARTESIAN_POINT('Ctrl Pts',(85.9660089779313,133.243955737503,3.94114326979627));
#5735=CARTESIAN_POINT('Ctrl Pts',(86.0458237254833,133.650223868112,3.91497476633734));
#5736=CARTESIAN_POINT('Ctrl Pts',(86.3440437323501,134.013584472096,3.88880626287841));
#5737=CARTESIAN_POINT('Ctrl Pts',(86.726943602563,134.1711023354,3.86263775941948));
#5738=CARTESIAN_POINT('Ctrl Pts',(87.1098434727759,134.328620198704,3.83646925596056));
#5739=CARTESIAN_POINT('Ctrl Pts',(87.5774232063348,134.280295321326,3.81030075250163));
#5740=CARTESIAN_POINT('Ctrl Pts',(87.9200144926879,134.047797152766,3.78413224904271));
#5741=CARTESIAN_POINT('Ctrl Pts',(88.2626057790411,133.815298984206,3.75796374558378));
#5742=CARTESIAN_POINT('Ctrl Pts',(88.4802086181886,133.398627524462,3.73179524212486));
#5743=CARTESIAN_POINT('Ctrl Pts',(88.4752473104223,132.984623208875,3.70562673866593));
#5744=CARTESIAN_POINT('Ctrl Pts',(88.470286002656,132.570618893288,3.679458235207));
#5745=CARTESIAN_POINT('Ctrl Pts',(88.242760547976,132.159281721858,3.65328973174807));
#5746=CARTESIAN_POINT('Ctrl Pts',(87.8946960648766,131.935060171969,3.62712122828915));
#5747=CARTESIAN_POINT('Ctrl Pts',(87.5466315817772,131.710838622081,3.60095272483022));
#5748=CARTESIAN_POINT('Ctrl Pts',(87.0780280702584,131.673732693734,3.5747842213713));
#5749=CARTESIAN_POINT('Ctrl Pts',(86.6990129149599,131.840381125798,3.54861571791237));
#5750=CARTESIAN_POINT('Ctrl Pts',(86.3199977596614,132.007029557863,3.52244721445344));
#5751=CARTESIAN_POINT('Ctrl Pts',(86.0305709605832,132.377432350339,3.49627871099452));
#5752=CARTESIAN_POINT('Ctrl Pts',(85.9605149350713,132.785496489162,3.47011020753559));
#5753=CARTESIAN_POINT('Ctrl Pts',(85.9484412641301,132.855823518124,3.46560024715059));
#5754=CARTESIAN_POINT('Ctrl Pts',(85.9428833737189,132.927269169512,3.46109028676559));
#5755=CARTESIAN_POINT('Ctrl Pts',(85.9434985265565,132.998810324425,3.45658032638058));
#5756=CARTESIAN_POINT('Ctrl Pts',(85.9457521685697,132.999085607402,3.59341967361942));
#5757=CARTESIAN_POINT('Ctrl Pts',(85.9449150752901,132.840154856358,3.60339318210408));
#5758=CARTESIAN_POINT('Ctrl Pts',(85.9727854757102,132.681506847895,3.61336669058874));
#5759=CARTESIAN_POINT('Ctrl Pts',(86.0307287279504,132.534730795443,3.6233401990734));
#5760=CARTESIAN_POINT('Ctrl Pts',(86.1827603022955,132.149619613936,3.64950870253232));
#5761=CARTESIAN_POINT('Ctrl Pts',(86.541823393795,131.846238927397,3.67567720599125));
#5762=CARTESIAN_POINT('Ctrl Pts',(86.9469098441417,131.760628241939,3.70184570945018));
#5763=CARTESIAN_POINT('Ctrl Pts',(87.3519962944884,131.675017556481,3.7280142129091));
#5764=CARTESIAN_POINT('Ctrl Pts',(87.8031061036824,131.807176872103,3.75418271636803));
#5765=CARTESIAN_POINT('Ctrl Pts',(88.0979562710026,132.097844380705,3.78035121982696));
#5766=CARTESIAN_POINT('Ctrl Pts',(88.3928064383228,132.388511889307,3.80651972328588));
#5767=CARTESIAN_POINT('Ctrl Pts',(88.5313969637691,132.837687590888,3.83268822674481));
#5768=CARTESIAN_POINT('Ctrl Pts',(88.4515822083368,133.243955761609,3.85885673020373));
#5769=CARTESIAN_POINT('Ctrl Pts',(88.3717674529045,133.65022393233,3.88502523366266));
#5770=CARTESIAN_POINT('Ctrl Pts',(88.0735474165936,134.01358457219,3.91119373712159));
#5771=CARTESIAN_POINT('Ctrl Pts',(87.690647508576,134.171102451046,3.93736224058052));
#5772=CARTESIAN_POINT('Ctrl Pts',(87.3077476005584,134.328620329902,3.96353074403944));
#5773=CARTESIAN_POINT('Ctrl Pts',(86.8401678208341,134.280295447753,3.98969924749837));
#5774=CARTESIAN_POINT('Ctrl Pts',(86.497576500656,134.047797256238,4.01586775095729));
#5775=CARTESIAN_POINT('Ctrl Pts',(86.159146555552,133.818123164815,4.04171839184467));
#5776=CARTESIAN_POINT('Ctrl Pts',(85.9426871012401,133.408722808936,4.06756903273204));
#5777=CARTESIAN_POINT('Ctrl Pts',(85.9422611756441,132.999710489679,4.09341967361942));
#5778=CARTESIAN_POINT('Origin',(87.2087955317822,132.9998,3.9));
#5779=CARTESIAN_POINT('',(85.9455597618298,133.00062741833,4.59341967361942));
#5780=CARTESIAN_POINT('',(85.9460606477635,132.999381846201,4.45658032638059));
#5781=CARTESIAN_POINT('',(85.9442955317822,132.9998,3.9));
#5782=CARTESIAN_POINT('Ctrl Pts',(85.9460606477635,132.999381846201,4.45658032638059));
#5783=CARTESIAN_POINT('Ctrl Pts',(85.9467768402079,133.235390046413,4.44177899493937));
#5784=CARTESIAN_POINT('Ctrl Pts',(86.0103675191991,133.471756640783,4.42697766349816));
#5785=CARTESIAN_POINT('Ctrl Pts',(86.1343653737316,133.670419324014,4.41217633205694));
#5786=CARTESIAN_POINT('Ctrl Pts',(86.3535914817421,134.021651585377,4.38600782859802));
#5787=CARTESIAN_POINT('Ctrl Pts',(86.761636173433,134.255030313004,4.35983932513909));
#5788=CARTESIAN_POINT('Ctrl Pts',(87.1755273590707,134.265905710981,4.33367082168016));
#5789=CARTESIAN_POINT('Ctrl Pts',(87.5894185447085,134.276781108957,4.30750231822124));
#5790=CARTESIAN_POINT('Ctrl Pts',(88.0091562242929,134.065153177283,4.28133381476231));
#5791=CARTESIAN_POINT('Ctrl Pts',(88.2465250327745,133.725918396255,4.25516531130338));
#5792=CARTESIAN_POINT('Ctrl Pts',(88.4838938412562,133.386683615226,4.22899680784446));
#5793=CARTESIAN_POINT('Ctrl Pts',(88.538893778635,132.919841984844,4.20282830438553));
#5794=CARTESIAN_POINT('Ctrl Pts',(88.3868622193003,132.53473084136,4.1766598009266));
#5795=CARTESIAN_POINT('Ctrl Pts',(88.2348306599657,132.149619697877,4.15049129746768));
#5796=CARTESIAN_POINT('Ctrl Pts',(87.8757676039175,131.846239041292,4.12432279400875));
#5797=CARTESIAN_POINT('Ctrl Pts',(87.470681193566,131.760628364286,4.09815429054982));
#5798=CARTESIAN_POINT('Ctrl Pts',(87.0655947832146,131.675017687281,4.0719857870909));
#5799=CARTESIAN_POINT('Ctrl Pts',(86.6144850185598,131.807176989854,4.04581728363197));
#5800=CARTESIAN_POINT('Ctrl Pts',(86.319634880351,132.097844469758,4.01964878017304));
#5801=CARTESIAN_POINT('Ctrl Pts',(86.0827630706134,132.331356084895,3.99862596224223));
#5802=CARTESIAN_POINT('Ctrl Pts',(85.9467400914697,132.667167729073,3.97760314431141));
#5803=CARTESIAN_POINT('Ctrl Pts',(85.9437875162428,133.00084839767,3.95658032638059));
#5804=CARTESIAN_POINT('Ctrl Pts',(85.9422611756441,132.999710489679,4.09341967361942));
#5805=CARTESIAN_POINT('Ctrl Pts',(85.942255938412,132.994681225292,4.09373753619097));
#5806=CARTESIAN_POINT('Ctrl Pts',(85.9422833642736,132.989652019574,4.09405539876252));
#5807=CARTESIAN_POINT('Ctrl Pts',(85.942343628102,132.984623207377,4.09437326133407));
#5808=CARTESIAN_POINT('Ctrl Pts',(85.9473049363581,132.570618850914,4.120541764793));
#5809=CARTESIAN_POINT('Ctrl Pts',(86.1748304135023,132.159281638872,4.14671026825193));
#5810=CARTESIAN_POINT('Ctrl Pts',(86.522894930967,131.935060066845,4.17287877171085));
#5811=CARTESIAN_POINT('Ctrl Pts',(86.8709594484318,131.710838494818,4.19904727516978));
#5812=CARTESIAN_POINT('Ctrl Pts',(87.339563006217,131.673732562807,4.2252157786287));
#5813=CARTESIAN_POINT('Ctrl Pts',(87.7185781989367,131.840381011325,4.25138428208763));
#5814=CARTESIAN_POINT('Ctrl Pts',(88.0975933916564,132.007029459844,4.27755278554656));
#5815=CARTESIAN_POINT('Ctrl Pts',(88.3870202193105,132.377432288892,4.30372128900549));
#5816=CARTESIAN_POINT('Ctrl Pts',(88.4570762517392,132.785496468004,4.32988979246441));
#5817=CARTESIAN_POINT('Ctrl Pts',(88.5271322841679,133.193560647116,4.35605829592334));
#5818=CARTESIAN_POINT('Ctrl Pts',(88.3778175213711,133.639286176291,4.38222679938226));
#5819=CARTESIAN_POINT('Ctrl Pts',(88.0760864784436,133.922804427906,4.40839530284119));
#5820=CARTESIAN_POINT('Ctrl Pts',(87.7743554355161,134.206322679521,4.43456380630012));
#5821=CARTESIAN_POINT('Ctrl Pts',(87.3202081124578,134.327633653574,4.46073230975904));
#5822=CARTESIAN_POINT('Ctrl Pts',(86.9172895660779,134.23234007168,4.48690081321797));
#5823=CARTESIAN_POINT('Ctrl Pts',(86.5143710196981,134.137046489787,4.5130693166769));
#5824=CARTESIAN_POINT('Ctrl Pts',(86.1626812499967,133.825148351945,4.53923782013582));
#5825=CARTESIAN_POINT('Ctrl Pts',(86.0199221327405,133.43650448143,4.56540632359475));
#5826=CARTESIAN_POINT('Ctrl Pts',(85.9689809809447,133.297823556646,4.57474410693631));
#5827=CARTESIAN_POINT('Ctrl Pts',(85.9446429123875,133.149370618562,4.58408189027786));
#5828=CARTESIAN_POINT('Ctrl Pts',(85.9455597618298,133.00062741833,4.59341967361942));
#5829=CARTESIAN_POINT('Origin',(87.2087955317822,132.9998,3.9));
#5830=CARTESIAN_POINT('',(85.9447176906384,132.998731372779,5.09341967361942));
#5831=CARTESIAN_POINT('',(85.9424761397493,132.999335557153,4.95658032638059));
#5832=CARTESIAN_POINT('',(85.9442955317822,132.9998,3.9));
#5833=CARTESIAN_POINT('Ctrl Pts',(85.9424761397493,132.999335557153,4.95658032638059));
#5834=CARTESIAN_POINT('Ctrl Pts',(85.9443300448067,133.386472989821,4.93212334902626));
#5835=CARTESIAN_POINT('Ctrl Pts',(86.1351902992444,133.775194134872,4.90766637167194));
#5836=CARTESIAN_POINT('Ctrl Pts',(86.4435216786798,134.009000844711,4.88320939431762));
#5837=CARTESIAN_POINT('Ctrl Pts',(86.7734304262882,134.259169604591,4.85704089085869));
#5838=CARTESIAN_POINT('Ctrl Pts',(87.2378271129577,134.331983094205,4.83087238739977));
#5839=CARTESIAN_POINT('Ctrl Pts',(87.6284707765162,134.194790851972,4.80470388394084));
#5840=CARTESIAN_POINT('Ctrl Pts',(88.0191144400747,134.05759860974,4.77853538048191));
#5841=CARTESIAN_POINT('Ctrl Pts',(88.3360050805223,133.710400635661,4.75236687702299));
#5842=CARTESIAN_POINT('Ctrl Pts',(88.4370451524837,133.308884641385,4.72619837356406));
#5843=CARTESIAN_POINT('Ctrl Pts',(88.5380852244451,132.907368647108,4.70002987010513));
#5844=CARTESIAN_POINT('Ctrl Pts',(88.4232747279203,132.451534632635,4.67386136664621));
#5845=CARTESIAN_POINT('Ctrl Pts',(88.144096061596,132.145783982291,4.64769286318728));
#5846=CARTESIAN_POINT('Ctrl Pts',(87.8649173952717,131.840033331947,4.62152435972835));
#5847=CARTESIAN_POINT('Ctrl Pts',(87.421370559148,131.684366045733,4.59535585626943));
#5848=CARTESIAN_POINT('Ctrl Pts',(87.0123472234256,131.748585188115,4.5691873528105));
#5849=CARTESIAN_POINT('Ctrl Pts',(86.6033238877032,131.812804330497,4.54301884935158));
#5850=CARTESIAN_POINT('Ctrl Pts',(86.228824052382,132.096909901476,4.51685034589265));
#5851=CARTESIAN_POINT('Ctrl Pts',(86.0567778968865,132.473505584514,4.49068184243372));
#5852=CARTESIAN_POINT('Ctrl Pts',(85.9820438469408,132.63709262024,4.47931467041601));
#5853=CARTESIAN_POINT('Ctrl Pts',(85.9455106240886,132.818131543142,4.4679474983983));
#5854=CARTESIAN_POINT('Ctrl Pts',(85.9460606477635,132.999381846201,4.45658032638059));
#5855=CARTESIAN_POINT('Ctrl Pts',(85.9455597618298,133.00062741833,4.59341967361942));
#5856=CARTESIAN_POINT('Ctrl Pts',(85.9472123206639,132.732527904679,4.61025039373679));
#5857=CARTESIAN_POINT('Ctrl Pts',(86.0309120810291,132.463485398581,4.62708111385416));
#5858=CARTESIAN_POINT('Ctrl Pts',(86.1887646299772,132.249021921303,4.64391183397153));
#5859=CARTESIAN_POINT('Ctrl Pts',(86.4341947092811,131.915572834881,4.67008033743046));
#5860=CARTESIAN_POINT('Ctrl Pts',(86.8588833326999,131.714064265225,4.69624884088938));
#5861=CARTESIAN_POINT('Ctrl Pts',(87.2723950846133,131.73485500954,4.72241734434831));
#5862=CARTESIAN_POINT('Ctrl Pts',(87.6859068365266,131.755645753855,4.74858584780723));
#5863=CARTESIAN_POINT('Ctrl Pts',(88.0882417169345,131.99873581214,4.77475435126616));
#5864=CARTESIAN_POINT('Ctrl Pts',(88.2989879591821,132.355120798328,4.80092285472509));
#5865=CARTESIAN_POINT('Ctrl Pts',(88.5097342014296,132.711505784516,4.82709135818401));
#5866=CARTESIAN_POINT('Ctrl Pts',(88.5288918055169,133.181185698606,4.85325986164294));
#5867=CARTESIAN_POINT('Ctrl Pts',(88.3478703240883,133.553550304055,4.87942836510187));
#5868=CARTESIAN_POINT('Ctrl Pts',(88.1668488426597,133.925914909503,4.90559686856079));
#5869=CARTESIAN_POINT('Ctrl Pts',(87.7856482757152,134.200964206309,4.93176537201972));
#5870=CARTESIAN_POINT('Ctrl Pts',(87.3752033835147,134.255363198953,4.95793387547865));
#5871=CARTESIAN_POINT('Ctrl Pts',(86.9647584913141,134.309762191596,4.98410237893757));
#5872=CARTESIAN_POINT('Ctrl Pts',(86.5250692738574,134.143510880077,5.0102708823965));
#5873=CARTESIAN_POINT('Ctrl Pts',(86.2532978240079,133.831157532529,5.03643938585542));
#5874=CARTESIAN_POINT('Ctrl Pts',(86.0560426842841,133.604447540556,5.05543281511009));
#5875=CARTESIAN_POINT('Ctrl Pts',(85.9472472819076,133.300770424037,5.07442624436475));
#5876=CARTESIAN_POINT('Ctrl Pts',(85.9447176906384,132.998731372779,5.09341967361942));
#5877=CARTESIAN_POINT('Origin',(87.2087955317822,132.9998,3.9));
#5878=CARTESIAN_POINT('',(85.9427018102057,133.000423468614,5.59341967361942));
#5879=CARTESIAN_POINT('',(85.945045615631,133.000810002789,5.45658032638058));
#5880=CARTESIAN_POINT('',(85.9442955317822,132.9998,3.9));
#5881=CARTESIAN_POINT('',(88.1669116845046,133.825011298936,5.9));
#5882=CARTESIAN_POINT('Ctrl Pts',(85.9427018102057,133.000423468614,5.59341967361942));
#5883=CARTESIAN_POINT('Ctrl Pts',(85.9450519684019,132.625343445863,5.6171076053695));
#5884=CARTESIAN_POINT('Ctrl Pts',(86.1225958422636,132.2483844193,5.64079553711958));
#5885=CARTESIAN_POINT('Ctrl Pts',(86.4145625611311,132.013283120732,5.66448346886966));
#5886=CARTESIAN_POINT('Ctrl Pts',(86.7371036834707,131.753562297079,5.69065197232859));
#5887=CARTESIAN_POINT('Ctrl Pts',(87.1992868600375,131.66696515816,5.71682047578752));
#5888=CARTESIAN_POINT('Ctrl Pts',(87.5936717005585,131.792952634408,5.74298897924644));
#5889=CARTESIAN_POINT('Ctrl Pts',(87.9880565410796,131.918940110655,5.76915748270537));
#5890=CARTESIAN_POINT('Ctrl Pts',(88.3146430455548,132.257512202068,5.7953259861643));
#5891=CARTESIAN_POINT('Ctrl Pts',(88.4271980944942,132.655262524596,5.82149448962323));
#5892=CARTESIAN_POINT('Ctrl Pts',(88.5397531434336,133.053012847124,5.84766299308215));
#5893=CARTESIAN_POINT('Ctrl Pts',(88.4382767368373,133.509941400767,5.87383149654108));
#5894=CARTESIAN_POINT('Ctrl Pts',(88.1669116845046,133.825011298936,5.90000000000001));
#5895=CARTESIAN_POINT('',(86.2488656843827,133.826154934784,5.9));
#5896=CARTESIAN_POINT('Origin',(87.2087955317822,132.9998,5.9));
#5897=CARTESIAN_POINT('Ctrl Pts',(86.248855675774,133.826161245771,5.9));
#5898=CARTESIAN_POINT('Ctrl Pts',(86.5071065424275,134.123959932141,5.87509183961299));
#5899=CARTESIAN_POINT('Ctrl Pts',(86.9161757945135,134.293573381223,5.85018367922598));
#5900=CARTESIAN_POINT('Ctrl Pts',(87.3091009245773,134.262321242178,5.82527551883897));
#5901=CARTESIAN_POINT('Ctrl Pts',(87.7219079109388,134.229487757248,5.79910701538005));
#5902=CARTESIAN_POINT('Ctrl Pts',(88.1168956687711,133.974946965254,5.77293851192112));
#5903=CARTESIAN_POINT('Ctrl Pts',(88.3171879009508,133.612631322764,5.7467700084622));
#5904=CARTESIAN_POINT('Ctrl Pts',(88.5174801331305,133.250315680274,5.72060150500327));
#5905=CARTESIAN_POINT('Ctrl Pts',(88.5230768396578,132.780225187288,5.69443300154434));
#5906=CARTESIAN_POINT('Ctrl Pts',(88.3313535663924,132.413250694486,5.66826449808542));
#5907=CARTESIAN_POINT('Ctrl Pts',(88.139630293127,132.046276201684,5.64209599462649));
#5908=CARTESIAN_POINT('Ctrl Pts',(87.750587040069,131.782417709065,5.61592749116756));
#5909=CARTESIAN_POINT('Ctrl Pts',(87.3387300031253,131.739946347766,5.58975898770863));
#5910=CARTESIAN_POINT('Ctrl Pts',(86.9268729661817,131.697474986467,5.56359048424971));
#5911=CARTESIAN_POINT('Ctrl Pts',(86.4922021453526,131.876390756488,5.53742198079079));
#5912=CARTESIAN_POINT('Ctrl Pts',(86.2296031422673,132.196487630424,5.51125347733186));
#5913=CARTESIAN_POINT('Ctrl Pts',(86.0467227958249,132.419410895604,5.49302909368143));
#5914=CARTESIAN_POINT('Ctrl Pts',(85.9472984698775,132.710807971639,5.47480471003101));
#5915=CARTESIAN_POINT('Ctrl Pts',(85.945045615631,133.000810002789,5.45658032638058));
#5916=CARTESIAN_POINT('Origin',(12.9087955317821,6.99979999999979,3.9));
#5917=CARTESIAN_POINT('',(11.6462827009644,6.99976069389342,2.09341967361942));
#5918=CARTESIAN_POINT('',(11.6449950809466,6.9982219777198,1.95658032638058));
#5919=CARTESIAN_POINT('',(11.6442955317821,6.99979999999979,3.9));
#5920=CARTESIAN_POINT('',(11.9506793790597,7.82501129893627,1.9));
#5921=CARTESIAN_POINT('Ctrl Pts',(11.6449950809466,6.9982219777198,1.95658032638058));
#5922=CARTESIAN_POINT('Ctrl Pts',(11.647633890187,7.29731909302306,1.93772021758706));
#5923=CARTESIAN_POINT('Ctrl Pts',(11.7551017290887,7.59793478436335,1.91886010879353));
#5924=CARTESIAN_POINT('Ctrl Pts',(11.9506793790598,7.82501129893629,1.9));
#5925=CARTESIAN_POINT('',(13.8686802084801,7.82616201312675,1.9));
#5926=CARTESIAN_POINT('Origin',(12.9087955317821,6.99979999999979,1.9));
#5927=CARTESIAN_POINT('Ctrl Pts',(13.8686881778562,7.82616719850977,1.9));
#5928=CARTESIAN_POINT('Ctrl Pts',(13.6104254544609,8.12402524412283,1.92490816038701));
#5929=CARTESIAN_POINT('Ctrl Pts',(13.201389825917,8.29348913473855,1.94981632077402));
#5930=CARTESIAN_POINT('Ctrl Pts',(12.8084917507551,8.26220795558541,1.97472448116103));
#5931=CARTESIAN_POINT('Ctrl Pts',(12.3957131882628,8.2293439611294,2.00089298461995));
#5932=CARTESIAN_POINT('Ctrl Pts',(12.0007466041003,7.97490568289393,2.02706148807888));
#5933=CARTESIAN_POINT('Ctrl Pts',(11.8004620324708,7.61262771509628,2.05322999153781));
#5934=CARTESIAN_POINT('Ctrl Pts',(11.6979294430893,7.4271651115022,2.06662655223168));
#5935=CARTESIAN_POINT('Ctrl Pts',(11.6464185256361,7.2134402088385,2.08002311292555));
#5936=CARTESIAN_POINT('Ctrl Pts',(11.6462827009644,6.99976069389342,2.09341967361942));
#5937=CARTESIAN_POINT('Origin',(12.9087955317821,6.99979999999979,3.9));
#5938=CARTESIAN_POINT('',(11.6429806652567,6.99902222117139,2.59341967361942));
#5939=CARTESIAN_POINT('',(11.64271549281,7.00042680830462,2.45658032638059));
#5940=CARTESIAN_POINT('',(11.6442955317821,6.99979999999979,3.9));
#5941=CARTESIAN_POINT('Ctrl Pts',(11.64271549281,7.00042680830462,2.45658032638059));
#5942=CARTESIAN_POINT('Ctrl Pts',(11.6424898366141,7.0375938879614,2.45423307513288));
#5943=CARTESIAN_POINT('Ctrl Pts',(11.6439879882763,7.07474236161886,2.45188582388517));
#5944=CARTESIAN_POINT('Ctrl Pts',(11.6472698513386,7.11173238302113,2.44953857263746));
#5945=CARTESIAN_POINT('Ctrl Pts',(11.6838579434653,7.52411836170814,2.42337006917853));
#5946=CARTESIAN_POINT('Ctrl Pts',(11.942144764991,7.91681019949124,2.3972015657196));
#5947=CARTESIAN_POINT('Ctrl Pts',(12.3063107162909,8.1137785934848,2.37103306226068));
#5948=CARTESIAN_POINT('Ctrl Pts',(12.6704766675907,8.31074698747836,2.34486455880175));
#5949=CARTESIAN_POINT('Ctrl Pts',(13.1405217486647,8.31199193768239,2.31869605534282));
#5950=CARTESIAN_POINT('Ctrl Pts',(13.5056735613388,8.11684176001508,2.2925275518839));
#5951=CARTESIAN_POINT('Ctrl Pts',(13.8708253740129,7.92169158234777,2.26635904842497));
#5952=CARTESIAN_POINT('Ctrl Pts',(14.1310839182871,7.53014627680913,2.24019054496604));
#5953=CARTESIAN_POINT('Ctrl Pts',(14.169743366252,7.11799998945252,2.21402204150712));
#5954=CARTESIAN_POINT('Ctrl Pts',(14.2084028142168,6.7058537020959,2.18785353804819));
#5955=CARTESIAN_POINT('Ctrl Pts',(14.0254631658723,6.27310643292131,2.16168503458926));
#5956=CARTESIAN_POINT('Ctrl Pts',(13.7029629547568,6.01337634034925,2.13551653113034));
#5957=CARTESIAN_POINT('Ctrl Pts',(13.3804627436414,5.7536462477772,2.10934802767141));
#5958=CARTESIAN_POINT('Ctrl Pts',(12.9184019697551,5.66693333180767,2.08317952421249));
#5959=CARTESIAN_POINT('Ctrl Pts',(12.5239542479753,5.79298190027532,2.05701102075356));
#5960=CARTESIAN_POINT('Ctrl Pts',(12.1295065261956,5.91903046874297,2.03084251729463));
#5961=CARTESIAN_POINT('Ctrl Pts',(11.8026718565224,6.25784052164782,2.00467401383571));
#5962=CARTESIAN_POINT('Ctrl Pts',(11.6901238066553,6.65556825465377,1.97850551037678));
#5963=CARTESIAN_POINT('Ctrl Pts',(11.6586911506557,6.76664649215191,1.97119711571138));
#5964=CARTESIAN_POINT('Ctrl Pts',(11.6439725280236,6.88232021989599,1.96388872104598));
#5965=CARTESIAN_POINT('Ctrl Pts',(11.6449950809466,6.9982219777198,1.95658032638058));
#5966=CARTESIAN_POINT('Ctrl Pts',(11.6462827009644,6.99976069389342,2.09341967361942));
#5967=CARTESIAN_POINT('Ctrl Pts',(11.6461532091514,6.79604403875279,2.10619161638447));
#5968=CARTESIAN_POINT('Ctrl Pts',(11.6927197425191,6.59236863757273,2.11896355914953));
#5969=CARTESIAN_POINT('Ctrl Pts',(11.7862885560155,6.41326436476015,2.13173550191459));
#5970=CARTESIAN_POINT('Ctrl Pts',(11.9780022102865,6.04629663958151,2.15790400537351));
#5971=CARTESIAN_POINT('Ctrl Pts',(12.3670320779251,5.78247884658408,2.18407250883244));
#5972=CARTESIAN_POINT('Ctrl Pts',(12.7788698237049,5.74001582791543,2.21024101229137));
#5973=CARTESIAN_POINT('Ctrl Pts',(13.1907075694847,5.69755280924677,2.23640951575029));
#5974=CARTESIAN_POINT('Ctrl Pts',(13.6253531934058,5.8764445649069,2.26257801920922));
#5975=CARTESIAN_POINT('Ctrl Pts',(13.8879387025176,6.1965223646085,2.28874652266815));
#5976=CARTESIAN_POINT('Ctrl Pts',(14.1505242116295,6.5166001643101,2.31491502612707));
#5977=CARTESIAN_POINT('Ctrl Pts',(14.2410496059321,6.97786400805315,2.341083529586));
#5978=CARTESIAN_POINT('Ctrl Pts',(14.1189056160218,7.37345276925826,2.36725203304493));
#5979=CARTESIAN_POINT('Ctrl Pts',(13.9967616261115,7.76904153046337,2.39342053650385));
#5980=CARTESIAN_POINT('Ctrl Pts',(13.6619482519881,8.09895520913053,2.41958903996278));
#5981=CARTESIAN_POINT('Ctrl Pts',(13.2646083361861,8.21526942214395,2.4457575434217));
#5982=CARTESIAN_POINT('Ctrl Pts',(12.867268420384,8.33158363515737,2.47192604688063));
#5983=CARTESIAN_POINT('Ctrl Pts',(12.4074019629032,8.23429838251703,2.49809455033956));
#5984=CARTESIAN_POINT('Ctrl Pts',(12.0912141519977,7.96703092455605,2.52426305379848));
#5985=CARTESIAN_POINT('Ctrl Pts',(11.8126798156707,7.73159122240003,2.54731526040546));
#5986=CARTESIAN_POINT('Ctrl Pts',(11.6456415241947,7.36424365473978,2.57036746701244));
#5987=CARTESIAN_POINT('Ctrl Pts',(11.6429806652567,6.99902222117139,2.59341967361942));
#5988=CARTESIAN_POINT('Origin',(12.9087955317821,6.99979999999979,3.9));
#5989=CARTESIAN_POINT('',(11.6444938553685,7.00088912261658,3.09341967361942));
#5990=CARTESIAN_POINT('',(11.6462061842674,7.00006749522599,2.95658032638059));
#5991=CARTESIAN_POINT('',(11.6442955317821,6.99979999999979,3.9));
#5992=CARTESIAN_POINT('Ctrl Pts',(11.6462061842674,7.00006749522599,2.95658032638059));
#5993=CARTESIAN_POINT('Ctrl Pts',(11.6458363180179,7.19147704567107,2.94457742921977));
#5994=CARTESIAN_POINT('Ctrl Pts',(11.6867501072051,7.38273654082113,2.93257453205895));
#5995=CARTESIAN_POINT('Ctrl Pts',(11.7697764853404,7.55352330934037,2.92057163489813));
#5996=CARTESIAN_POINT('Ctrl Pts',(11.950789122065,7.9258695923131,2.89440313143921));
#5997=CARTESIAN_POINT('Ctrl Pts',(12.3319710928302,8.20090501983721,2.86823462798028));
#5998=CARTESIAN_POINT('Ctrl Pts',(12.7423958575421,8.25530152378626,2.84206612452135));
#5999=CARTESIAN_POINT('Ctrl Pts',(13.152820622254,8.30969802773531,2.81589762106243));
#6000=CARTESIAN_POINT('Ctrl Pts',(13.5924881809127,8.1434556081093,2.7897291176035));
#6001=CARTESIAN_POINT('Ctrl Pts',(13.8642463999205,7.83111723076571,2.76356061414458));
#6002=CARTESIAN_POINT('Ctrl Pts',(14.1360046189282,7.51877885342211,2.73739211068565));
#6003=CARTESIAN_POINT('Ctrl Pts',(14.239853498285,7.06034451836094,2.71122360722672));
#6004=CARTESIAN_POINT('Ctrl Pts',(14.1292259156404,6.6613857316479,2.68505510376779));
#6005=CARTESIAN_POINT('Ctrl Pts',(14.0185983329957,6.26242694493486,2.65888660030887));
#6006=CARTESIAN_POINT('Ctrl Pts',(13.6934942883495,5.92294370656994,2.63271809684994));
#6007=CARTESIAN_POINT('Ctrl Pts',(13.299694397702,5.79515637021203,2.60654959339101));
#6008=CARTESIAN_POINT('Ctrl Pts',(12.9058945070544,5.66736903385411,2.58038108993209));
#6009=CARTESIAN_POINT('Ctrl Pts',(12.4433987704053,5.7512775995032,2.55421258647316));
#6010=CARTESIAN_POINT('Ctrl Pts',(12.1195955834447,6.0092719421232,2.52804408301424));
#6011=CARTESIAN_POINT('Ctrl Pts',(11.8248367564643,6.24412481837822,2.50422283080302));
#6012=CARTESIAN_POINT('Ctrl Pts',(11.645005581338,6.62323396227992,2.4804015785918));
#6013=CARTESIAN_POINT('Ctrl Pts',(11.64271549281,7.00042680830462,2.45658032638059));
#6014=CARTESIAN_POINT('Ctrl Pts',(11.6429806652567,6.99902222117139,2.59341967361942));
#6015=CARTESIAN_POINT('Ctrl Pts',(11.6426209588531,6.94965001038491,2.59653597047137));
#6016=CARTESIAN_POINT('Ctrl Pts',(11.6452652171714,6.90031665427396,2.59965226732332));
#6017=CARTESIAN_POINT('Ctrl Pts',(11.6510440819034,6.85135327933202,2.60276856417526));
#6018=CARTESIAN_POINT('Ctrl Pts',(11.6995709870448,6.44019275535059,2.62893706763419));
#6019=CARTESIAN_POINT('Ctrl Pts',(11.9691339616579,6.05512137066936,2.65510557109312));
#6020=CARTESIAN_POINT('Ctrl Pts',(12.3388565991241,5.86880796278846,2.68127407455204));
#6021=CARTESIAN_POINT('Ctrl Pts',(12.7085792365903,5.68249455490757,2.70744257801097));
#6022=CARTESIAN_POINT('Ctrl Pts',(13.1784615369096,5.69493912382702,2.7336110814699));
#6023=CARTESIAN_POINT('Ctrl Pts',(13.5378032904945,5.90056227678211,2.75977958492882));
#6024=CARTESIAN_POINT('Ctrl Pts',(13.8971450440794,6.1061854297372,2.78594808838775));
#6025=CARTESIAN_POINT('Ctrl Pts',(14.1459462509298,6.50498716672792,2.81211659184668));
#6026=CARTESIAN_POINT('Ctrl Pts',(14.1726411840479,6.91813958533165,2.8382850953056));
#6027=CARTESIAN_POINT('Ctrl Pts',(14.1993361171659,7.33129200393538,2.86445359876453));
#6028=CARTESIAN_POINT('Ctrl Pts',(14.0039247765516,7.75879510415213,2.89062210222346));
#6029=CARTESIAN_POINT('Ctrl Pts',(13.6740320888542,8.00895165248975,2.91679060568238));
#6030=CARTESIAN_POINT('Ctrl Pts',(13.3441394011569,8.25910820082738,2.94295910914131));
#6031=CARTESIAN_POINT('Ctrl Pts',(12.8797653663763,8.3319181972859,2.96912761260023));
#6032=CARTESIAN_POINT('Ctrl Pts',(12.4891407399722,8.1947326513459,2.99529611605916));
#6033=CARTESIAN_POINT('Ctrl Pts',(12.0985161135681,8.0575471054059,3.02146461951809));
#6034=CARTESIAN_POINT('Ctrl Pts',(11.7816408955405,7.71036601706738,3.04763312297701));
#6035=CARTESIAN_POINT('Ctrl Pts',(11.680605742317,7.30886957632496,3.07380162643594));
#6036=CARTESIAN_POINT('Ctrl Pts',(11.6553576750971,7.20853806990356,3.0803409754971));
#6037=CARTESIAN_POINT('Ctrl Pts',(11.6435881627005,7.10481473511243,3.08688032455826));
#6038=CARTESIAN_POINT('Ctrl Pts',(11.6444938553685,7.00088912261658,3.09341967361942));
#6039=CARTESIAN_POINT('Origin',(12.9087955317821,6.99979999999979,3.9));
#6040=CARTESIAN_POINT('',(11.64581382375,6.99908564221327,3.59341967361942));
#6041=CARTESIAN_POINT('',(11.6435603415159,6.99881037234769,3.45658032638059));
#6042=CARTESIAN_POINT('',(11.6442955317821,6.99979999999979,3.9));
#6043=CARTESIAN_POINT('Ctrl Pts',(11.6435603415159,6.99881037234769,3.45658032638059));
#6044=CARTESIAN_POINT('Ctrl Pts',(11.6465143946671,7.34236139327081,3.43492178330666));
#6045=CARTESIAN_POINT('Ctrl Pts',(11.791829479268,7.68811489151933,3.41326324023273));
#6046=CARTESIAN_POINT('Ctrl Pts',(12.0415470412733,7.92275924666731,3.39160469715881));
#6047=CARTESIAN_POINT('Ctrl Pts',(12.3432633138215,8.20626361712977,3.36543619369988));
#6048=CARTESIAN_POINT('Ctrl Pts',(12.7973884058872,8.32756864368238,3.33926769024096));
#6049=CARTESIAN_POINT('Ctrl Pts',(13.2002872278361,8.23227973072216,3.31309918678203));
#6050=CARTESIAN_POINT('Ctrl Pts',(13.603186049785,8.13699081776193,3.2869306833231));
#6051=CARTESIAN_POINT('Ctrl Pts',(13.954858601617,7.82510796528888,3.26076217986418));
#6052=CARTESIAN_POINT('Ctrl Pts',(14.0976107313058,7.43648311234378,3.23459367640525));
#6053=CARTESIAN_POINT('Ctrl Pts',(14.2403628609947,7.04785825939867,3.20842517294632));
#6054=CARTESIAN_POINT('Ctrl Pts',(14.1741945685403,6.58249140598153,3.1822566694874));
#6055=CARTESIAN_POINT('Ctrl Pts',(13.9287765018713,6.24905865724091,3.15608816602847));
#6056=CARTESIAN_POINT('Ctrl Pts',(13.6833584352023,5.91562590850029,3.12991966256955));
#6057=CARTESIAN_POINT('Ctrl Pts',(13.2586905943185,5.7141272644362,3.10375115911062));
#6058=CARTESIAN_POINT('Ctrl Pts',(12.8451990888455,5.73491696392963,3.07758265565169));
#6059=CARTESIAN_POINT('Ctrl Pts',(12.4317075833724,5.75570666342306,3.05141415219277));
#6060=CARTESIAN_POINT('Ctrl Pts',(12.0293924133099,5.998784706474,3.02524564873384));
#6061=CARTESIAN_POINT('Ctrl Pts',(11.8186564796208,6.35515229721014,2.99907714527491));
#6062=CARTESIAN_POINT('Ctrl Pts',(11.7045803241314,6.54806218201487,2.9849115389768));
#6063=CARTESIAN_POINT('Ctrl Pts',(11.6466426938537,6.77416933939123,2.97074593267869));
#6064=CARTESIAN_POINT('Ctrl Pts',(11.6462061842674,7.00006749522599,2.95658032638059));
#6065=CARTESIAN_POINT('Ctrl Pts',(11.6444938553685,7.00088912261658,3.09341967361942));
#6066=CARTESIAN_POINT('Ctrl Pts',(11.6472124717095,6.68893576541166,3.11304882801718));
#6067=CARTESIAN_POINT('Ctrl Pts',(11.7641371447248,6.37515984684452,3.13267798241495));
#6068=CARTESIAN_POINT('Ctrl Pts',(11.9735405684147,6.14582559061141,3.15230713681272));
#6069=CARTESIAN_POINT('Ctrl Pts',(12.2527056361551,5.84008983878661,3.17847564027165));
#6070=CARTESIAN_POINT('Ctrl Pts',(12.6962308600552,5.68443012828334,3.20464414373057));
#6071=CARTESIAN_POINT('Ctrl Pts',(13.1052342687429,5.74864614030164,3.2308126471895));
#6072=CARTESIAN_POINT('Ctrl Pts',(13.5142376774306,5.81286215231994,3.25698115064843));
#6073=CARTESIAN_POINT('Ctrl Pts',(13.8887192709058,6.0969538868598,3.28314965410735));
#6074=CARTESIAN_POINT('Ctrl Pts',(14.0607570455322,6.47353122460592,3.30931815756628));
#6075=CARTESIAN_POINT('Ctrl Pts',(14.2327948201586,6.85010856235204,3.3354866610252));
#6076=CARTESIAN_POINT('Ctrl Pts',(14.2023887759361,7.31917150330442,3.36165516448413));
#6077=CARTESIAN_POINT('Ctrl Pts',(13.9831733474724,7.67038665350061,3.38782366794306));
#6078=CARTESIAN_POINT('Ctrl Pts',(13.7639579190087,8.02160180369681,3.41399217140199));
#6079=CARTESIAN_POINT('Ctrl Pts',(13.3559331063038,8.25496916313682,3.44016067486091));
#6080=CARTESIAN_POINT('Ctrl Pts',(12.9420620839753,8.26584403157122,3.46632917831984));
#6081=CARTESIAN_POINT('Ctrl Pts',(12.5281910616467,8.27671890000561,3.49249768177876));
#6082=CARTESIAN_POINT('Ctrl Pts',(12.1084738296946,8.06510127743439,3.51866618523769));
#6083=CARTESIAN_POINT('Ctrl Pts',(11.8711165848096,7.7258830224578,3.54483468869662));
#6084=CARTESIAN_POINT('Ctrl Pts',(11.7242224609615,7.51594981236238,3.56102968367088));
#6085=CARTESIAN_POINT('Ctrl Pts',(11.647173030408,7.25714498751259,3.57722467864515));
#6086=CARTESIAN_POINT('Ctrl Pts',(11.64581382375,6.99908564221327,3.59341967361942));
#6087=CARTESIAN_POINT('Origin',(12.9087955317821,6.99979999999979,3.9));
#6088=CARTESIAN_POINT('',(11.6423230012857,6.99971049423459,4.09341967361942));
#6089=CARTESIAN_POINT('',(11.6438493170685,7.00084834641744,3.95658032638059));
#6090=CARTESIAN_POINT('',(11.6442955317821,6.99979999999979,3.9));
#6091=CARTESIAN_POINT('Ctrl Pts',(11.6438493170685,7.00084834641744,3.95658032638059));
#6092=CARTESIAN_POINT('Ctrl Pts',(11.6431266603164,7.08251826858106,3.95143464085248));
#6093=CARTESIAN_POINT('Ctrl Pts',(11.6503759593623,7.16406052867781,3.94628895532437));
#6094=CARTESIAN_POINT('Ctrl Pts',(11.6660696931528,7.24394380945824,3.94114326979627));
#6095=CARTESIAN_POINT('Ctrl Pts',(11.7458805414324,7.65019209221763,3.91497476633734));
#6096=CARTESIAN_POINT('Ctrl Pts',(12.0440859790119,8.01353494466616,3.88880626287841));
#6097=CARTESIAN_POINT('Ctrl Pts',(12.4269671429972,8.17104511253824,3.86263775941949));
#6098=CARTESIAN_POINT('Ctrl Pts',(12.8098483069825,8.32855528041034,3.83646925596056));
#6099=CARTESIAN_POINT('Ctrl Pts',(13.2774051973736,8.28023276370598,3.81030075250163));
#6100=CARTESIAN_POINT('Ctrl Pts',(13.6199797467355,8.04774595371518,3.7841322490427));
#6101=CARTESIAN_POINT('Ctrl Pts',(13.9625542960974,7.81525914372437,3.75796374558378));
#6102=CARTESIAN_POINT('Ctrl Pts',(14.1801465044301,7.39860804044712,3.73179524212485));
#6103=CARTESIAN_POINT('Ctrl Pts',(14.1751854390544,6.98462395050639,3.70562673866593));
#6104=CARTESIAN_POINT('Ctrl Pts',(14.1702243736787,6.57063986056567,3.679458235207));
#6105=CARTESIAN_POINT('Ctrl Pts',(13.9427100345946,6.15932278396147,3.65328973174808));
#6106=CARTESIAN_POINT('Ctrl Pts',(13.594662555848,5.93511218852209,3.62712122828915));
#6107=CARTESIAN_POINT('Ctrl Pts',(13.2466150771014,5.71090159308272,3.60095272483022));
#6108=CARTESIAN_POINT('Ctrl Pts',(12.7780344586922,5.67379747880817,3.57478422137129));
#6109=CARTESIAN_POINT('Ctrl Pts',(12.3990378198844,5.84043776882533,3.54861571791237));
#6110=CARTESIAN_POINT('Ctrl Pts',(12.0200411810766,6.00707805884248,3.52244721445344));
#6111=CARTESIAN_POINT('Ctrl Pts',(11.7306285218701,6.37746275315134,3.49627871099452));
#6112=CARTESIAN_POINT('Ctrl Pts',(11.6605759187822,6.78550695749192,3.47011020753559));
#6113=CARTESIAN_POINT('Ctrl Pts',(11.648502837672,6.85583055088326,3.46560024715059));
#6114=CARTESIAN_POINT('Ctrl Pts',(11.6429452187608,6.92727271215968,3.46109028676559));
#6115=CARTESIAN_POINT('Ctrl Pts',(11.6435603415159,6.99881037234769,3.45658032638059));
#6116=CARTESIAN_POINT('Ctrl Pts',(11.64581382375,6.99908564221327,3.59341967361942));
#6117=CARTESIAN_POINT('Ctrl Pts',(11.644976771367,6.84016264940111,3.60339318210408));
#6118=CARTESIAN_POINT('Ctrl Pts',(11.6728458113351,6.68152238537109,3.61336669058874));
#6119=CARTESIAN_POINT('Ctrl Pts',(11.7307862351028,6.53475349778935,3.6233401990734));
#6120=CARTESIAN_POINT('Ctrl Pts',(11.8828103880985,6.14966111547947,3.64950870253232));
#6121=CARTESIAN_POINT('Ctrl Pts',(12.2418559519076,5.84629523824165,3.67567720599125));
#6122=CARTESIAN_POINT('Ctrl Pts',(12.6469226280153,5.76068873182127,3.70184570945018));
#6123=CARTESIAN_POINT('Ctrl Pts',(13.0519893041229,5.67508222540089,3.7280142129091));
#6124=CARTESIAN_POINT('Ctrl Pts',(13.5030770925291,5.80723508979795,3.75418271636803));
#6125=CARTESIAN_POINT('Ctrl Pts',(13.7979128668064,6.09788840952904,3.78035121982696));
#6126=CARTESIAN_POINT('Ctrl Pts',(14.0927486410837,6.38854172926013,3.80651972328588));
#6127=CARTESIAN_POINT('Ctrl Pts',(14.2313324012321,6.83769550432526,3.83268822674481));
#6128=CARTESIAN_POINT('Ctrl Pts',(14.1515215419368,7.24394384315625,3.85885673020374));
#6129=CARTESIAN_POINT('Ctrl Pts',(14.0717106826414,7.65019218198724,3.88502523366266));
#6130=CARTESIAN_POINT('Ctrl Pts',(13.7735052039024,8.01353508458409,3.91119373712159));
#6131=CARTESIAN_POINT('Ctrl Pts',(13.3906239870706,8.17104527419671,3.93736224058051));
#6132=CARTESIAN_POINT('Ctrl Pts',(13.0077427702388,8.32855546380932,3.96353074403944));
#6133=CARTESIAN_POINT('Ctrl Pts',(12.5401858153143,8.2802329404377,3.98969924749837));
#6134=CARTESIAN_POINT('Ctrl Pts',(12.1976112186689,8.04774609835738,4.0158677509573));
#6135=CARTESIAN_POINT('Ctrl Pts',(11.8591977939611,7.81808321851058,4.04171839184467));
#6136=CARTESIAN_POINT('Ctrl Pts',(11.6427489060994,7.40870284777828,4.06756903273204));
#6137=CARTESIAN_POINT('Ctrl Pts',(11.6423230012857,6.99971049423459,4.09341967361942));
#6138=CARTESIAN_POINT('Origin',(12.9087955317821,6.99979999999979,3.9));
#6139=CARTESIAN_POINT('',(11.6456214256821,7.00062737244065,4.59341967361942));
#6140=CARTESIAN_POINT('',(11.6461223369637,6.99938186763239,4.45658032638059));
#6141=CARTESIAN_POINT('',(11.6442955317821,6.99979999999979,3.9));
#6142=CARTESIAN_POINT('Ctrl Pts',(11.6461223369637,6.99938186763239,4.45658032638059));
#6143=CARTESIAN_POINT('Ctrl Pts',(11.6468384946954,7.23537853740325,4.44177899493937));
#6144=CARTESIAN_POINT('Ctrl Pts',(11.7104260674897,7.47173358348295,4.42697766349816));
#6145=CARTESIAN_POINT('Ctrl Pts',(11.8344178643844,7.67038656093728,4.41217633205694));
#6146=CARTESIAN_POINT('Ctrl Pts',(12.0536332625938,8.02160166265202,4.38600782859802));
#6147=CARTESIAN_POINT('Ctrl Pts',(12.4616580189755,8.25496898989484,4.35983932513909));
#6148=CARTESIAN_POINT('Ctrl Pts',(12.8755289841788,8.26584385683124,4.33367082168016));
#6149=CARTESIAN_POINT('Ctrl Pts',(13.289399949382,8.27671872376763,4.30750231822124));
#6150=CARTESIAN_POINT('Ctrl Pts',(13.7091171234069,8.0651011303976,4.28133381476231));
#6151=CARTESIAN_POINT('Ctrl Pts',(13.9464743355317,7.72588292223944,4.25516531130338));
#6152=CARTESIAN_POINT('Ctrl Pts',(14.1838315476566,7.38666471408129,4.22899680784446));
#6153=CARTESIAN_POINT('Ctrl Pts',(14.2388287978815,6.91984589113501,4.20282830438553));
#6154=CARTESIAN_POINT('Ctrl Pts',(14.0868046658682,6.53475356197768,4.1766598009266));
#6155=CARTESIAN_POINT('Ctrl Pts',(13.9347805338549,6.14966123282034,4.15049129746768));
#6156=CARTESIAN_POINT('Ctrl Pts',(13.5757350196035,5.84629539745194,4.12432279400875));
#6157=CARTESIAN_POINT('Ctrl Pts',(13.1706683994047,5.76068890284688,4.09815429054983));
#6158=CARTESIAN_POINT('Ctrl Pts',(12.7656017792059,5.67508240824182,4.0719857870909));
#6159=CARTESIAN_POINT('Ctrl Pts',(12.3145140530598,5.80723525440009,4.04581728363197));
#6160=CARTESIAN_POINT('Ctrl Pts',(12.0196783194766,6.09788853401435,4.01964878017304));
#6161=CARTESIAN_POINT('Ctrl Pts',(11.782818081888,6.33138874115905,3.99862596224223));
#6162=CARTESIAN_POINT('Ctrl Pts',(11.6468017480406,6.66718397950426,3.97760314431141));
#6163=CARTESIAN_POINT('Ctrl Pts',(11.6438493170685,7.00084834641744,3.95658032638059));
#6164=CARTESIAN_POINT('Ctrl Pts',(11.6423230012857,6.99971049423459,4.09341967361942));
#6165=CARTESIAN_POINT('Ctrl Pts',(11.6423177643091,6.99468147534841,4.09373753619097));
#6166=CARTESIAN_POINT('Ctrl Pts',(11.6423451888318,6.98965251512832,4.09405539876252));
#6167=CARTESIAN_POINT('Ctrl Pts',(11.6424054497182,6.98462394840961,4.09437326133407));
#6168=CARTESIAN_POINT('Ctrl Pts',(11.6473665157789,6.57063980133116,4.120541764793));
#6169=CARTESIAN_POINT('Ctrl Pts',(11.8748808862664,6.15932266796329,4.14671026825193));
#6170=CARTESIAN_POINT('Ctrl Pts',(12.2229284130512,5.93511204157434,4.17287877171085));
#6171=CARTESIAN_POINT('Ctrl Pts',(12.570975939836,5.71090141518539,4.19904727516978));
#6172=CARTESIAN_POINT('Ctrl Pts',(13.0395566229181,5.67379729577536,4.22521577862871));
#6173=CARTESIAN_POINT('Ctrl Pts',(13.4185533140373,5.84043760879884,4.25138428208763));
#6174=CARTESIAN_POINT('Ctrl Pts',(13.7975500051564,6.00707792182231,4.27755278554656));
#6175=CARTESIAN_POINT('Ctrl Pts',(14.0869627043127,6.37746266727928,4.30372128900549));
#6176=CARTESIAN_POINT('Ctrl Pts',(14.1570153170676,6.78550692792826,4.32988979246441));
#6177=CARTESIAN_POINT('Ctrl Pts',(14.2270679298225,7.19355118857724,4.35605829592334));
#6178=CARTESIAN_POINT('Ctrl Pts',(14.0777604561759,7.63925496441822,4.38222679938226));
#6179=CARTESIAN_POINT('Ctrl Pts',(13.7760441419875,7.92275937403161,4.40839530284119));
#6180=CARTESIAN_POINT('Ctrl Pts',(13.4743278277991,8.206263783645,4.43456380630012));
#6181=CARTESIAN_POINT('Ctrl Pts',(13.0202026730688,8.3275688270308,4.46073230975905));
#6182=CARTESIAN_POINT('Ctrl Pts',(12.6173037955033,8.23227990088047,4.48690081321797));
#6183=CARTESIAN_POINT('Ctrl Pts',(12.2144049179379,8.13699097473015,4.5130693166769));
#6184=CARTESIAN_POINT('Ctrl Pts',(11.8627323175372,7.8251080790437,4.53923782013582));
#6185=CARTESIAN_POINT('Ctrl Pts',(11.7199801681591,7.43648317252889,4.56540632359475));
#6186=CARTESIAN_POINT('Ctrl Pts',(11.6690415027315,7.2978090147245,4.5747441069363));
#6187=CARTESIAN_POINT('Ctrl Pts',(11.6447046215982,7.14936331752142,4.58408189027786));
#6188=CARTESIAN_POINT('Ctrl Pts',(11.6456214256821,7.00062737244065,4.59341967361942));
#6189=CARTESIAN_POINT('Origin',(12.9087955317821,6.99979999999979,3.9));
#6190=CARTESIAN_POINT('',(11.6447792210254,6.99873059911968,5.09341967361942));
#6191=CARTESIAN_POINT('',(11.6425379734799,6.99933564068197,4.95658032638058));
#6192=CARTESIAN_POINT('',(11.6442955317821,6.99979999999979,3.9));
#6193=CARTESIAN_POINT('Ctrl Pts',(11.6425379734799,6.99933564068197,4.95658032638058));
#6194=CARTESIAN_POINT('Ctrl Pts',(11.6443917762033,7.3864541859795,4.93212334902626));
#6195=CARTESIAN_POINT('Ctrl Pts',(11.8352427530159,7.77515624842116,4.90766637167194));
#6196=CARTESIAN_POINT('Ctrl Pts',(12.1435590804499,8.00895151292773,4.88320939431762));
#6197=CARTESIAN_POINT('Ctrl Pts',(12.4734517227014,8.2591080265183,4.85704089085869));
#6198=CARTESIAN_POINT('Ctrl Pts',(12.937825693164,8.33191801345188,4.83087238739977));
#6199=CARTESIAN_POINT('Ctrl Pts',(13.3284502656035,8.19473248656662,4.80470388394084));
#6200=CARTESIAN_POINT('Ctrl Pts',(13.7190748380429,8.05754695968137,4.77853538048191));
#6201=CARTESIAN_POINT('Ctrl Pts',(14.0359500124592,7.71036591897728,4.75236687702299));
#6202=CARTESIAN_POINT('Ctrl Pts',(14.1369851517652,7.30886953358544,4.72619837356406));
#6203=CARTESIAN_POINT('Ctrl Pts',(14.2380202910712,6.90737314819359,4.70002987010513));
#6204=CARTESIAN_POINT('Ctrl Pts',(14.123215395267,6.45156141811398,4.67386136664621));
#6205=CARTESIAN_POINT('Ctrl Pts',(13.8440503660424,6.14582570852328,4.64769286318728));
#6206=CARTESIAN_POINT('Ctrl Pts',(13.5648853368177,5.8400899989326,4.62152435972835));
#6207=CARTESIAN_POINT('Ctrl Pts',(13.1213601741726,5.68443030983083,4.59535585626943));
#6208=CARTESIAN_POINT('Ctrl Pts',(12.7123568219456,5.74864631296664,4.5691873528105));
#6209=CARTESIAN_POINT('Ctrl Pts',(12.3033534697185,5.81286231610245,4.54301884935158));
#6210=CARTESIAN_POINT('Ctrl Pts',(11.9288719279094,6.09695401147586,4.51685034589265));
#6211=CARTESIAN_POINT('Ctrl Pts',(11.7568341770235,6.47353129725588,4.49068184243372));
#6212=CARTESIAN_POINT('Ctrl Pts',(11.6821037779035,6.63711034151201,4.47931467041601));
#6213=CARTESIAN_POINT('Ctrl Pts',(11.6455723399476,6.81814041975679,4.4679474983983));
#6214=CARTESIAN_POINT('Ctrl Pts',(11.6461223369637,6.99938186763239,4.45658032638059));
#6215=CARTESIAN_POINT('Ctrl Pts',(11.6456214256821,7.00062737244065,4.59341967361942));
#6216=CARTESIAN_POINT('Ctrl Pts',(11.6472739027608,6.73254093570502,4.61025039373679));
#6217=CARTESIAN_POINT('Ctrl Pts',(11.7309695763553,6.46351155288202,4.62708111385416));
#6218=CARTESIAN_POINT('Ctrl Pts',(11.888814420941,6.24905855378187,4.64391183397153));
#6219=CARTESIAN_POINT('Ctrl Pts',(12.1342325214566,5.91562575889285,4.67008033743046));
#6220=CARTESIAN_POINT('Ctrl Pts',(12.5589004208435,5.71412708645801,4.69624884088939));
#6221=CARTESIAN_POINT('Ctrl Pts',(12.97239198344,5.7349167890513,4.72241734434831));
#6222=CARTESIAN_POINT('Ctrl Pts',(13.3858835460365,5.7557064916446,4.74858584780724));
#6223=CARTESIAN_POINT('Ctrl Pts',(13.7881987718426,5.99878456926604,4.77475435126616));
#6224=CARTESIAN_POINT('Ctrl Pts',(13.9989347345177,6.35515220877288,4.80092285472509));
#6225=CARTESIAN_POINT('Ctrl Pts',(14.2096706971929,6.71151984827973,4.82709135818401));
#6226=CARTESIAN_POINT('Ctrl Pts',(14.2288273967369,7.18117704967199,4.85325986164294));
#6227=CARTESIAN_POINT('Ctrl Pts',(14.0478147352229,7.55352338478523,4.87942836510187));
#6228=CARTESIAN_POINT('Ctrl Pts',(13.8668020737089,7.92586971989848,4.9055968685608));
#6229=CARTESIAN_POINT('Ctrl Pts',(13.4856200511369,8.2009051887327,4.93176537201972));
#6230=CARTESIAN_POINT('Ctrl Pts',(13.0751952294,8.25530169885467,4.95793387547865));
#6231=CARTESIAN_POINT('Ctrl Pts',(12.6647704076632,8.30969820897664,4.98410237893757));
#6232=CARTESIAN_POINT('Ctrl Pts',(12.2251027867616,8.14345576038635,5.0102708823965));
#6233=CARTESIAN_POINT('Ctrl Pts',(11.9533445309741,7.83111734229693,5.03643938585542));
#6234=CARTESIAN_POINT('Ctrl Pts',(11.7560989676665,7.60441818631323,5.05543281511009));
#6235=CARTESIAN_POINT('Ctrl Pts',(11.64730871524,7.3007551016545,5.07442624436476));
#6236=CARTESIAN_POINT('Ctrl Pts',(11.6447792210254,6.99873059911968,5.09341967361942));
#6237=CARTESIAN_POINT('Origin',(12.9087955317821,6.99979999999979,3.9));
#6238=CARTESIAN_POINT('',(11.6427574338851,7.00040485189237,5.59341967361942));
#6239=CARTESIAN_POINT('',(11.6451073402513,7.00080931238012,5.45658032638059));
#6240=CARTESIAN_POINT('',(11.6442955317821,6.99979999999979,3.9));
#6241=CARTESIAN_POINT('',(13.8669116845045,7.82501129893627,5.9));
#6242=CARTESIAN_POINT('Ctrl Pts',(11.6427574338851,7.00040485189237,5.59341967361942));
#6243=CARTESIAN_POINT('Ctrl Pts',(11.6451245852338,6.62536611454626,5.6171076053695));
#6244=CARTESIAN_POINT('Ctrl Pts',(11.8226979844075,6.24848557142673,5.64079553711958));
#6245=CARTESIAN_POINT('Ctrl Pts',(12.1146278436178,6.01337596446038,5.66448346886966));
#6246=CARTESIAN_POINT('Ctrl Pts',(12.4371282464012,5.75364596236323,5.69065197232859));
#6247=CARTESIAN_POINT('Ctrl Pts',(12.8991896869552,5.6669337239229,5.71682047578752));
#6248=CARTESIAN_POINT('Ctrl Pts',(13.2936371776894,5.79298208094356,5.74298897924645));
#6249=CARTESIAN_POINT('Ctrl Pts',(13.6880846684236,5.91903043796422,5.76915748270537));
#6250=CARTESIAN_POINT('Ctrl Pts',(14.0149182093379,6.25783939044588,5.7953259861643));
#6251=CARTESIAN_POINT('Ctrl Pts',(14.1274662264413,6.65556713114651,5.82149448962322));
#6252=CARTESIAN_POINT('Ctrl Pts',(14.2400142435447,7.05329487184715,5.84766299308215));
#6253=CARTESIAN_POINT('Ctrl Pts',(14.1382767368372,7.50994140076676,5.87383149654107));
#6254=CARTESIAN_POINT('Ctrl Pts',(13.8669116845045,7.82501129893627,5.9));
#6255=CARTESIAN_POINT('',(11.9489110357228,7.82616241626521,5.9));
#6256=CARTESIAN_POINT('Origin',(12.9087955317821,6.99979999999979,5.9));
#6257=CARTESIAN_POINT('Ctrl Pts',(11.9489030917845,7.82616758743579,5.9));
#6258=CARTESIAN_POINT('Ctrl Pts',(12.2071658620577,8.1240258139222,5.87509183961299));
#6259=CARTESIAN_POINT('Ctrl Pts',(12.6162013325521,8.2934888487165,5.85018367922598));
#6260=CARTESIAN_POINT('Ctrl Pts',(13.0090993055163,8.26220749562365,5.82527551883897));
#6261=CARTESIAN_POINT('Ctrl Pts',(13.4218777606399,8.22934331842665,5.79910701538005));
#6262=CARTESIAN_POINT('Ctrl Pts',(13.8168442990803,7.97490561008362,5.77293851192112));
#6263=CARTESIAN_POINT('Ctrl Pts',(14.0171288588309,7.6126278020077,5.74677000846219));
#6264=CARTESIAN_POINT('Ctrl Pts',(14.2174134185815,7.25034999393177,5.72060150500326));
#6265=CARTESIAN_POINT('Ctrl Pts',(14.2230159996422,6.78023208612294,5.69443300154434));
#6266=CARTESIAN_POINT('Ctrl Pts',(14.03130237015,6.41326434583818,5.66826449808542));
#6267=CARTESIAN_POINT('Ctrl Pts',(13.8395887406579,6.04629660555342,5.64209599462649));
#6268=CARTESIAN_POINT('Ctrl Pts',(13.4505589006128,5.78247903279273,5.61592749116756));
#6269=CARTESIAN_POINT('Ctrl Pts',(13.0387212090709,5.74001605899186,5.58975898770863));
#6270=CARTESIAN_POINT('Ctrl Pts',(12.6268835175291,5.69755308519099,5.5635904842497));
#6271=CARTESIAN_POINT('Ctrl Pts',(12.1922379744905,5.87644471034995,5.53742198079078));
#6272=CARTESIAN_POINT('Ctrl Pts',(11.9296525047691,6.19652244308734,5.51125347733185));
#6273=CARTESIAN_POINT('Ctrl Pts',(11.7467815832913,6.41943237786903,5.49302909368143));
#6274=CARTESIAN_POINT('Ctrl Pts',(11.6473609861803,6.71081855031799,5.47480471003101));
#6275=CARTESIAN_POINT('Ctrl Pts',(11.6451073402513,7.00080931238012,5.45658032638059));
#6276=CARTESIAN_POINT('Origin',(12.9087955317821,6.99979999999979,7.00421172358873));
#6277=CARTESIAN_POINT('',(11.3638674968798,7.00056485979767,2.29578827641127));
#6278=CARTESIAN_POINT('',(11.3682203653514,6.99975203691389,2.25421172358873));
#6279=CARTESIAN_POINT('',(11.3657955317821,6.99979999999982,7.00421172358873));
#6280=CARTESIAN_POINT('',(13.3073093736394,5.50915057178127,1.9));
#6281=CARTESIAN_POINT('Ctrl Pts',(11.3682203653514,6.99975203691389,2.25421172358873));
#6282=CARTESIAN_POINT('Ctrl Pts',(11.3683861047491,7.26049343000227,2.24081516289486));
#6283=CARTESIAN_POINT('Ctrl Pts',(11.5540232733157,8.03072404798137,2.20125009874206));
#6284=CARTESIAN_POINT('Ctrl Pts',(12.7646653485573,8.81062213945437,2.13551653113034));
#6285=CARTESIAN_POINT('Ctrl Pts',(14.340943413774,8.11980369004496,2.05701102075356));
#6286=CARTESIAN_POINT('Ctrl Pts',(14.6305538938955,6.42099815433262,1.97850551037678));
#6287=CARTESIAN_POINT('Ctrl Pts',(13.7974991718395,5.64019910406656,1.92616850345893));
#6288=CARTESIAN_POINT('Ctrl Pts',(13.3073093736394,5.50915057178127,1.9));
#6289=CARTESIAN_POINT('',(12.5092904553162,5.50677430647373,1.9));
#6290=CARTESIAN_POINT('Origin',(12.9087955317821,6.99979999999979,1.9));
#6291=CARTESIAN_POINT('Ctrl Pts',(11.3638674968798,7.00056485979767,2.29578827641127));
#6292=CARTESIAN_POINT('Ctrl Pts',(11.3635921409998,7.04591780871851,2.29344102516356));
#6293=CARTESIAN_POINT('Ctrl Pts',(11.3858010980645,7.59661563010508,2.26492527045693));
#6294=CARTESIAN_POINT('Ctrl Pts',(12.0444178587536,8.59795756703388,2.21024101229137));
#6295=CARTESIAN_POINT('Ctrl Pts',(13.7651285588655,8.60251500040238,2.13173550191459));
#6296=CARTESIAN_POINT('Ctrl Pts',(14.7178662428872,7.16917121286707,2.05322999153781));
#6297=CARTESIAN_POINT('Ctrl Pts',(14.0589239787394,5.6104305684298,1.97598482423295));
#6298=CARTESIAN_POINT('Ctrl Pts',(12.974433496748,5.38405790010149,1.92490816038701));
#6299=CARTESIAN_POINT('Ctrl Pts',(12.5092860023876,5.5067636315643,1.9));
#6300=CARTESIAN_POINT('Origin',(12.9087955317821,6.99979999999979,7.00421172358873));
#6301=CARTESIAN_POINT('',(11.3681269962225,7.00012640975391,2.79578827641127));
#6302=CARTESIAN_POINT('',(11.3641910722734,6.99885091915186,2.75421172358873));
#6303=CARTESIAN_POINT('',(11.3657955317821,6.99979999999982,7.00421172358873));
#6304=CARTESIAN_POINT('Ctrl Pts',(11.3641910722734,6.99885091915186,2.75421172358873));
#6305=CARTESIAN_POINT('Ctrl Pts',(11.3674379725038,7.44451060439981,2.73115951698175));
#6306=CARTESIAN_POINT('Ctrl Pts',(11.8026476088813,8.401615708462,2.68193880691585));
#6307=CARTESIAN_POINT('Ctrl Pts',(13.4192720924825,8.74361438819446,2.60654959339101));
#6308=CARTESIAN_POINT('Ctrl Pts',(14.6449352864855,7.53588768313295,2.52804408301424));
#6309=CARTESIAN_POINT('Ctrl Pts',(14.313545764756,5.84732276997625,2.44953857263746));
#6310=CARTESIAN_POINT('Ctrl Pts',(12.7224231130118,5.19244737499744,2.37103306226068));
#6311=CARTESIAN_POINT('Ctrl Pts',(11.5413090495437,5.99341134055049,2.30592411257777));
#6312=CARTESIAN_POINT('Ctrl Pts',(11.3680623535938,6.75116777524367,2.26698366635378));
#6313=CARTESIAN_POINT('Ctrl Pts',(11.3682203653514,6.99975203691389,2.25421172358873));
#6314=CARTESIAN_POINT('Ctrl Pts',(11.3681269962225,7.00012640975391,2.79578827641127));
#6315=CARTESIAN_POINT('Ctrl Pts',(11.367675668723,7.23369298653267,2.78378537925046));
#6316=CARTESIAN_POINT('Ctrl Pts',(11.526445800813,7.97589496566165,2.74561397863071));
#6317=CARTESIAN_POINT('Ctrl Pts',(12.6700637576325,8.80105323074622,2.68127407455204));
#6318=CARTESIAN_POINT('Ctrl Pts',(14.2795703839916,8.19248370884125,2.60276856417527));
#6319=CARTESIAN_POINT('Ctrl Pts',(14.6597336600238,6.51427687847498,2.52426305379848));
#6320=CARTESIAN_POINT('Ctrl Pts',(13.4696137528138,5.27151854680936,2.44575754342171));
#6321=CARTESIAN_POINT('Ctrl Pts',(11.8271607648326,5.56950156253634,2.36959928429263));
#6322=CARTESIAN_POINT('Ctrl Pts',(11.3666619663133,6.54029711648717,2.31960952862249));
#6323=CARTESIAN_POINT('Ctrl Pts',(11.3638674968798,7.00056485979767,2.29578827641127));
#6324=CARTESIAN_POINT('Origin',(12.9087955317821,6.99979999999979,7.00421172358873));
#6325=CARTESIAN_POINT('',(11.3648984194209,6.99859241165093,3.29578827641127));
#6326=CARTESIAN_POINT('',(11.3660375351778,7.00112899659741,3.25421172358873));
#6327=CARTESIAN_POINT('',(11.3657955317821,6.99979999999982,7.00421172358873));
#6328=CARTESIAN_POINT('Ctrl Pts',(11.3660375351778,7.00112899659741,3.25421172358873));
#6329=CARTESIAN_POINT('Ctrl Pts',(11.3649323680866,7.12794372184936,3.24767237452757));
#6330=CARTESIAN_POINT('Ctrl Pts',(11.4367652141662,7.76099818424937,3.21496452200748));
#6331=CARTESIAN_POINT('Ctrl Pts',(12.3067214464619,8.71415682320893,3.15608816602847));
#6332=CARTESIAN_POINT('Ctrl Pts',(14.0066719462634,8.44761868670717,3.07758265565169));
#6333=CARTESIAN_POINT('Ctrl Pts',(14.7220211718098,6.8826429248224,2.99907714527492));
#6334=CARTESIAN_POINT('Ctrl Pts',(13.8112257692709,5.42273526129527,2.92057163489813));
#6335=CARTESIAN_POINT('Ctrl Pts',(12.0911109664411,5.37717898646084,2.84206612452135));
#6336=CARTESIAN_POINT('Ctrl Pts',(11.3940739030933,6.37289817802537,2.78661282075155));
#6337=CARTESIAN_POINT('Ctrl Pts',(11.3637521422768,6.93860471808935,2.75732802044068));
#6338=CARTESIAN_POINT('Ctrl Pts',(11.3641910722734,6.99885091915186,2.75421172358873));
#6339=CARTESIAN_POINT('Ctrl Pts',(11.3648984194209,6.99859241165092,3.29578827641127));
#6340=CARTESIAN_POINT('Ctrl Pts',(11.3685030884697,7.41780888083586,3.27412973333735));
#6341=CARTESIAN_POINT('Ctrl Pts',(11.7600665101854,8.34947005844956,3.2263026868045));
#6342=CARTESIAN_POINT('Ctrl Pts',(13.3269954699407,8.76802512706418,3.15230713681273));
#6343=CARTESIAN_POINT('Ctrl Pts',(14.6143756537528,7.62630450697892,3.07380162643594));
#6344=CARTESIAN_POINT('Ctrl Pts',(14.3721510386709,5.92271956078048,2.99529611605916));
#6345=CARTESIAN_POINT('Ctrl Pts',(12.8175544111891,5.18508632758736,2.91679060568238));
#6346=CARTESIAN_POINT('Ctrl Pts',(11.5699602724891,5.93888027900597,2.85028799246642));
#6347=CARTESIAN_POINT('Ctrl Pts',(11.3686596449308,6.72447527930468,2.80995388270938));
#6348=CARTESIAN_POINT('Ctrl Pts',(11.3681269962225,7.00012640975391,2.79578827641127));
#6349=CARTESIAN_POINT('Origin',(12.9087955317821,6.99979999999979,7.00421172358873));
#6350=CARTESIAN_POINT('',(11.3652510404392,7.00107923963795,3.79578827641128));
#6351=CARTESIAN_POINT('',(11.3676482202016,6.998928308371,3.75421172358873));
#6352=CARTESIAN_POINT('',(11.3657955317821,6.99979999999982,7.00421172358873));
#6353=CARTESIAN_POINT('Ctrl Pts',(11.3676482202016,6.998928308371,3.75421172358873));
#6354=CARTESIAN_POINT('Ctrl Pts',(11.3693067855423,7.3138239744816,3.73801672861446));
#6355=CARTESIAN_POINT('Ctrl Pts',(11.6152458551022,8.13991986336693,3.69565323018127));
#6356=CARTESIAN_POINT('Ctrl Pts',(12.9565226899342,8.81617948148367,3.62712122828915));
#6357=CARTESIAN_POINT('Ctrl Pts',(14.4501935938575,7.96188331157636,3.54861571791237));
#6358=CARTESIAN_POINT('Ctrl Pts',(14.5615020784015,6.24476796664273,3.47011020753559));
#6359=CARTESIAN_POINT('Ctrl Pts',(13.190624026842,5.20478327768661,3.39160469715881));
#6360=CARTESIAN_POINT('Ctrl Pts',(11.7022404559782,5.72714670432831,3.31963853584319));
#6361=CARTESIAN_POINT('Ctrl Pts',(11.3693549135994,6.62046942351146,3.2738408779865));
#6362=CARTESIAN_POINT('Ctrl Pts',(11.3660375351778,7.00112899659741,3.25421172358873));
#6363=CARTESIAN_POINT('Ctrl Pts',(11.3652510404392,7.00107923963795,3.79578827641127));
#6364=CARTESIAN_POINT('Ctrl Pts',(11.3643692220378,7.10073656656437,3.79064259088317));
#6365=CARTESIAN_POINT('Ctrl Pts',(11.418201286438,7.70625555109319,3.75932840189614));
#6366=CARTESIAN_POINT('Ctrl Pts',(12.2175216292599,8.68017251162357,3.70184570945018));
#6367=CARTESIAN_POINT('Ctrl Pts',(13.9291237214864,8.50327656079366,3.62334019907339));
#6368=CARTESIAN_POINT('Ctrl Pts',(14.7256712362132,6.97802708901002,3.54483468869662));
#6369=CARTESIAN_POINT('Ctrl Pts',(13.892801425521,5.4723040778587,3.46632917831984));
#6370=CARTESIAN_POINT('Ctrl Pts',(12.1774517358287,5.33647573070419,3.38782366794306));
#6371=CARTESIAN_POINT('Ctrl Pts',(11.4102792298648,6.31828818798466,3.3309767006402));
#6372=CARTESIAN_POINT('Ctrl Pts',(11.3641478188585,6.91129892832145,3.30029823679627));
#6373=CARTESIAN_POINT('Ctrl Pts',(11.3648984194209,6.99859241165092,3.29578827641127));
#6374=CARTESIAN_POINT('Origin',(12.9087955317821,6.99979999999979,7.00421172358873));
#6375=CARTESIAN_POINT('',(11.3680246819563,6.99928977600385,4.29578827641127));
#6376=CARTESIAN_POINT('',(11.3633885609984,6.99969078102334,4.25421172358873));
#6377=CARTESIAN_POINT('',(11.3657955317821,6.99979999999982,7.00421172358873));
#6378=CARTESIAN_POINT('Ctrl Pts',(11.3633885609984,6.99969078102334,4.25421172358873));
#6379=CARTESIAN_POINT('Ctrl Pts',(11.3639082692843,7.49876171935305,4.22836108270135));
#6380=CARTESIAN_POINT('Ctrl Pts',(11.8953973430318,8.50399300605723,4.17634193835505));
#6381=CARTESIAN_POINT('Ctrl Pts',(13.6000695297158,8.68017274355101,4.09815429054983));
#6382=CARTESIAN_POINT('Ctrl Pts',(14.6917209026563,7.35007049276348,4.01964878017304));
#6383=CARTESIAN_POINT('Ctrl Pts',(14.1844024165139,5.70583733754286,3.94114326979627));
#6384=CARTESIAN_POINT('Ctrl Pts',(12.533089350059,5.22206065957215,3.86263775941949));
#6385=CARTESIAN_POINT('Ctrl Pts',(11.4898616394067,6.10350781141349,3.80032724401697));
#6386=CARTESIAN_POINT('Ctrl Pts',(11.3666268110858,6.80500329618503,3.76418523207339));
#6387=CARTESIAN_POINT('Ctrl Pts',(11.3676482202016,6.998928308371,3.75421172358873));
#6388=CARTESIAN_POINT('Ctrl Pts',(11.3680246819563,6.99928977600385,4.29578827641127));
#6389=CARTESIAN_POINT('Ctrl Pts',(11.3688985699594,7.28726356916828,4.28098694497006));
#6390=CARTESIAN_POINT('Ctrl Pts',(11.5836730964832,8.08558061261733,4.24001711006992));
#6391=CARTESIAN_POINT('Ctrl Pts',(12.8610683802095,8.81617923079752,4.17287877171085));
#6392=CARTESIAN_POINT('Ctrl Pts',(14.3975419259278,8.04150320097557,4.09437326133408));
#6393=CARTESIAN_POINT('Ctrl Pts',(14.5988723104997,6.33260297842253,4.01586775095729));
#6394=CARTESIAN_POINT('Ctrl Pts',(13.2845016616503,5.22206090493869,3.93736224058052));
#6395=CARTESIAN_POINT('Ctrl Pts',(11.7414250034125,5.6741281202645,3.86400241573184));
#6396=CARTESIAN_POINT('Ctrl Pts',(11.3688537300319,6.59392691211953,3.81681109434209));
#6397=CARTESIAN_POINT('Ctrl Pts',(11.3652510404392,7.00107923963795,3.79578827641127));
#6398=CARTESIAN_POINT('Origin',(12.9087955317821,6.99979999999979,7.00421172358873));
#6399=CARTESIAN_POINT('',(11.363650879777,6.99923336779151,4.79578827641128));
#6400=CARTESIAN_POINT('',(11.3674134473912,7.00080959721311,4.75421172358873));
#6401=CARTESIAN_POINT('',(11.3657955317821,6.99979999999982,7.00421172358873));
#6402=CARTESIAN_POINT('Ctrl Pts',(11.3674134473912,7.00080959721311,4.75421172358873));
#6403=CARTESIAN_POINT('Ctrl Pts',(11.3662947216486,7.182303913749,4.74487394024717));
#6404=CARTESIAN_POINT('Ctrl Pts',(11.4792153996245,7.8710770017598,4.70936765344669));
#6405=CARTESIAN_POINT('Ctrl Pts',(12.4905955359392,8.7680253713348,4.64769286318727));
#6406=CARTESIAN_POINT('Ctrl Pts',(14.1530275970276,8.32395969649666,4.56918735281051));
#6407=CARTESIAN_POINT('Ctrl Pts',(14.6996027615274,6.69235607580237,4.49068184243372));
#6408=CARTESIAN_POINT('Ctrl Pts',(13.6401394286729,5.33647550109275,4.41217633205694));
#6409=CARTESIAN_POINT('Ctrl Pts',(11.92478950223,5.47230386704687,4.33367082168016));
#6410=CARTESIAN_POINT('Ctrl Pts',(11.3661706610002,6.48221589997763,4.28101595219076));
#6411=CARTESIAN_POINT('Ctrl Pts',(11.3633821706031,6.9935541450871,4.25452958616028));
#6412=CARTESIAN_POINT('Ctrl Pts',(11.3633885609984,6.99969078102334,4.25421172358873));
#6413=CARTESIAN_POINT('Ctrl Pts',(11.363650879777,6.99923336779151,4.79578827641128));
#6414=CARTESIAN_POINT('Ctrl Pts',(11.3659129735709,7.47161289756144,4.77133129905696));
#6415=CARTESIAN_POINT('Ctrl Pts',(11.8479804799659,8.45342937605844,4.7207058182437));
#6416=CARTESIAN_POINT('Ctrl Pts',(13.5108695337087,8.71415658726358,4.64391183397153));
#6417=CARTESIAN_POINT('Ctrl Pts',(14.6708657238019,7.44321863754497,4.56540632359475));
#6418=CARTESIAN_POINT('Ctrl Pts',(14.2505953697665,5.77461247025471,4.48690081321797));
#6419=CARTESIAN_POINT('Ctrl Pts',(12.6269670756708,5.20478352533413,4.40839530284119));
#6420=CARTESIAN_POINT('Ctrl Pts',(11.5145528231237,6.04869067610303,4.34469112390563));
#6421=CARTESIAN_POINT('Ctrl Pts',(11.3673535507614,6.77813077713309,4.30715544842899));
#6422=CARTESIAN_POINT('Ctrl Pts',(11.3680246819563,6.99928977600385,4.29578827641127));
#6423=CARTESIAN_POINT('Origin',(12.9087955317821,6.99979999999979,7.00421172358873));
#6424=CARTESIAN_POINT('',(11.3667861371344,7.00103160854298,5.29578827641128));
#6425=CARTESIAN_POINT('',(11.3663857512383,6.99849506875578,5.25421172358873));
#6426=CARTESIAN_POINT('',(11.3657955317821,6.99979999999982,7.00421172358873));
#6427=CARTESIAN_POINT('Ctrl Pts',(11.3663857512383,6.99849506875578,5.25421172358873));
#6428=CARTESIAN_POINT('Ctrl Pts',(11.3694723543013,7.36703900502406,5.23521829433407));
#6429=CARTESIAN_POINT('Ctrl Pts',(11.6851226588775,8.2481045694765,5.19005636162048));
#6430=CARTESIAN_POINT('Ctrl Pts',(13.1475273408257,8.80105348724857,5.11872592544795));
#6431=CARTESIAN_POINT('Ctrl Pts',(14.5429338908345,7.79422139137382,5.04022041507118));
#6432=CARTESIAN_POINT('Ctrl Pts',(14.4728062813529,6.07493061617037,4.9617149046944));
#6433=CARTESIAN_POINT('Ctrl Pts',(13.0000366647007,5.18508607579106,4.88320939431762));
#6434=CARTESIAN_POINT('Ctrl Pts',(11.6303502633674,5.834982128493,4.8140416672824));
#6435=CARTESIAN_POINT('Ctrl Pts',(11.3694298745422,6.6736784213467,4.7710424437061));
#6436=CARTESIAN_POINT('Ctrl Pts',(11.3674134473912,7.00080959721311,4.75421172358873));
#6437=CARTESIAN_POINT('Ctrl Pts',(11.3667861371344,7.00103160854298,5.29578827641128));
#6438=CARTESIAN_POINT('Ctrl Pts',(11.3655873951582,7.15528126006641,5.28784415660277));
#6439=CARTESIAN_POINT('Ctrl Pts',(11.4571832052243,7.81625105958671,5.25373153333534));
#6440=CARTESIAN_POINT('Ctrl Pts',(12.3983190549716,8.74361410279464,5.19345040660898));
#6441=CARTESIAN_POINT('Ctrl Pts',(14.0817682527066,8.38747864667286,5.11494489623221));
#6442=CARTESIAN_POINT('Ctrl Pts',(14.7132785951031,6.78682347788171,5.03643938585542));
#6443=CARTESIAN_POINT('Ctrl Pts',(13.726479981425,5.37717921803152,4.95793387547866));
#6444=CARTESIAN_POINT('Ctrl Pts',(12.0063654204836,5.4227354747897,4.87942836510186));
#6445=CARTESIAN_POINT('Ctrl Pts',(11.3793120009385,6.42783507406047,4.82537983207941));
#6446=CARTESIAN_POINT('Ctrl Pts',(11.3634925759718,6.966175730097,4.79749980251588));
#6447=CARTESIAN_POINT('Ctrl Pts',(11.363650879777,6.99923336779151,4.79578827641128));
#6448=CARTESIAN_POINT('Origin',(12.9087955317821,6.99979999999979,7.00421172358873));
#6449=CARTESIAN_POINT('',(11.3674388192292,6.99811470333976,5.79578827641128));
#6450=CARTESIAN_POINT('',(11.3639186752736,7.0005380675919,5.75421172358873));
#6451=CARTESIAN_POINT('',(11.3657955317821,6.99979999999982,7.00421172358873));
#6452=CARTESIAN_POINT('',(12.5102816899249,5.50915057178128,5.9));
#6453=CARTESIAN_POINT('Ctrl Pts',(12.5102816899249,5.50915057178127,5.9));
#6454=CARTESIAN_POINT('Ctrl Pts',(12.0200918917248,5.64019910406657,5.87383149654107));
#6455=CARTESIAN_POINT('Ctrl Pts',(11.4671744499112,6.15843042060496,5.83909425534483));
#6456=CARTESIAN_POINT('Ctrl Pts',(11.3662952338928,6.83161523334,5.80435701414859));
#6457=CARTESIAN_POINT('Ctrl Pts',(11.3674388192292,6.99811470333976,5.79578827641128));
#6458=CARTESIAN_POINT('',(13.308301067527,5.50677458868336,5.9));
#6459=CARTESIAN_POINT('Origin',(12.9087955317821,6.99979999999979,5.9));
#6460=CARTESIAN_POINT('Ctrl Pts',(13.3083055363279,5.50676388195659,5.9));
#6461=CARTESIAN_POINT('Ctrl Pts',(12.843158213584,5.38405830060285,5.87509183961299));
#6462=CARTESIAN_POINT('Ctrl Pts',(11.8113352649004,5.59943556044709,5.8264957474759));
#6463=CARTESIAN_POINT('Ctrl Pts',(11.3668071802407,6.54289886496237,5.77789965533881));
#6464=CARTESIAN_POINT('Ctrl Pts',(11.3639186752736,7.0005380675919,5.75421172358873));
#6465=CARTESIAN_POINT('Origin',(87.2087955317822,6.99979999999979,7.00421172358873));
#6466=CARTESIAN_POINT('',(85.6638378021404,7.00056088879652,2.29578827641127));
#6467=CARTESIAN_POINT('',(85.6681899211125,6.99974003158754,2.25421172358873));
#6468=CARTESIAN_POINT('',(85.6657955317822,6.99979999999982,7.00421172358873));
#6469=CARTESIAN_POINT('',(87.6073093736394,5.50915057178128,1.9));
#6470=CARTESIAN_POINT('Ctrl Pts',(85.6681899211126,6.99974003158755,2.25421172358873));
#6471=CARTESIAN_POINT('Ctrl Pts',(85.6683545053746,7.26047770961378,2.24081516289486));
#6472=CARTESIAN_POINT('Ctrl Pts',(85.8539912579564,8.03070513891438,2.20125009874206));
#6473=CARTESIAN_POINT('Ctrl Pts',(87.0646582415968,8.8107827231637,2.13551653113034));
#6474=CARTESIAN_POINT('Ctrl Pts',(88.6410059505627,8.11960846369704,2.05701102075356));
#6475=CARTESIAN_POINT('Ctrl Pts',(88.9304819447702,6.42145282481727,1.97850551037678));
#6476=CARTESIAN_POINT('Ctrl Pts',(88.0974991718395,5.64019910406657,1.92616850345893));
#6477=CARTESIAN_POINT('Ctrl Pts',(87.6073093736394,5.50915057178128,1.9));
#6478=CARTESIAN_POINT('',(86.8092480327767,5.50678837729243,1.9));
#6479=CARTESIAN_POINT('Origin',(87.2087955317822,6.99979999999979,1.9));
#6480=CARTESIAN_POINT('Ctrl Pts',(85.6638378021404,7.00056088879652,2.29578827641127));
#6481=CARTESIAN_POINT('Ctrl Pts',(85.6635623900734,7.04591483367618,2.29344102516356));
#6482=CARTESIAN_POINT('Ctrl Pts',(85.6857708972612,7.59662550419165,2.26492527045693));
#6483=CARTESIAN_POINT('Ctrl Pts',(86.3443916213835,8.59801145696319,2.21024101229137));
#6484=CARTESIAN_POINT('Ctrl Pts',(88.0651637197015,8.60250988578906,2.13173550191459));
#6485=CARTESIAN_POINT('Ctrl Pts',(89.0178661727795,7.16923677864741,2.05322999153781));
#6486=CARTESIAN_POINT('Ctrl Pts',(88.3590192411707,5.61030445841191,1.97598482423295));
#6487=CARTESIAN_POINT('Ctrl Pts',(87.2743656176908,5.38409136195043,1.92490816038701));
#6488=CARTESIAN_POINT('Ctrl Pts',(86.8092421087043,5.50677483913697,1.9));
#6489=CARTESIAN_POINT('Origin',(87.2087955317822,6.99979999999979,7.00421172358873));
#6490=CARTESIAN_POINT('',(85.6680960895641,7.00012633924436,2.79578827641127));
#6491=CARTESIAN_POINT('',(85.6641601838899,6.99885108571731,2.75421172358873));
#6492=CARTESIAN_POINT('',(85.6657955317822,6.99979999999982,7.00421172358873));
#6493=CARTESIAN_POINT('Ctrl Pts',(85.6641601838899,6.99885108571731,2.75421172358873));
#6494=CARTESIAN_POINT('Ctrl Pts',(85.6674070138472,7.44451934565411,2.73115951698175));
#6495=CARTESIAN_POINT('Ctrl Pts',(86.1026247210569,8.40164196072125,2.68193880691584));
#6496=CARTESIAN_POINT('Ctrl Pts',(87.719283662906,8.74365320515242,2.60654959339102));
#6497=CARTESIAN_POINT('Ctrl Pts',(88.9449679203368,7.5358914090598,2.52804408301424));
#6498=CARTESIAN_POINT('Ctrl Pts',(88.6135773405702,5.84731238964978,2.44953857263746));
#6499=CARTESIAN_POINT('Ctrl Pts',(87.0224144498254,5.19238825993633,2.37103306226068));
#6500=CARTESIAN_POINT('Ctrl Pts',(85.8412858750805,5.99342097907336,2.30592411257777));
#6501=CARTESIAN_POINT('Ctrl Pts',(85.6680330106321,6.75115931176377,2.26698366635379));
#6502=CARTESIAN_POINT('Ctrl Pts',(85.6681899211126,6.99974003158755,2.25421172358873));
#6503=CARTESIAN_POINT('Ctrl Pts',(85.6680960895641,7.00012633924436,2.79578827641127));
#6504=CARTESIAN_POINT('Ctrl Pts',(85.6676447589394,7.23369756834918,2.78378537925046));
#6505=CARTESIAN_POINT('Ctrl Pts',(85.8264180862107,7.97591438219257,2.74561397863071));
#6506=CARTESIAN_POINT('Ctrl Pts',(86.9700588354349,8.80109004016395,2.68127407455204));
#6507=CARTESIAN_POINT('Ctrl Pts',(88.5795981598534,8.19250644119387,2.60276856417526));
#6508=CARTESIAN_POINT('Ctrl Pts',(88.9597682685201,6.5142693271726,2.52426305379848));
#6509=CARTESIAN_POINT('Ctrl Pts',(87.7696260857405,5.27147989926478,2.44575754342171));
#6510=CARTESIAN_POINT('Ctrl Pts',(86.1271369771708,5.56947960993363,2.36959928429263));
#6511=CARTESIAN_POINT('Ctrl Pts',(85.6666328417916,6.54028303792444,2.31960952862249));
#6512=CARTESIAN_POINT('Ctrl Pts',(85.6638378021404,7.00056088879652,2.29578827641127));
#6513=CARTESIAN_POINT('Origin',(87.2087955317822,6.99979999999979,7.00421172358873));
#6514=CARTESIAN_POINT('',(85.6648674329884,6.99859238782693,3.29578827641127));
#6515=CARTESIAN_POINT('',(85.6660066019555,7.00112903154076,3.25421172358873));
#6516=CARTESIAN_POINT('',(85.6657955317822,6.99979999999982,7.00421172358873));
#6517=CARTESIAN_POINT('Ctrl Pts',(85.6660066019555,7.00112903154076,3.25421172358873));
#6518=CARTESIAN_POINT('Ctrl Pts',(85.6649014129645,7.12794630032178,3.24767237452757));
#6519=CARTESIAN_POINT('Ctrl Pts',(85.7367356989671,7.76101345617476,3.21496452200748));
#6520=CARTESIAN_POINT('Ctrl Pts',(86.6067093482719,8.71419115188528,3.15608816602847));
#6521=CARTESIAN_POINT('Ctrl Pts',(88.3066940072758,8.44764781399983,3.07758265565169));
#6522=CARTESIAN_POINT('Ctrl Pts',(89.0220574514782,6.88264039973397,2.99907714527491));
#6523=CARTESIAN_POINT('Ctrl Pts',(88.1112440125517,5.42270396427391,2.92057163489814));
#6524=CARTESIAN_POINT('Ctrl Pts',(86.3910943084183,5.37714583601594,2.84206612452135));
#6525=CARTESIAN_POINT('Ctrl Pts',(85.6940437746916,6.37288622826531,2.78661282075155));
#6526=CARTESIAN_POINT('Ctrl Pts',(85.6637212633931,6.93860372549132,2.75732802044068));
#6527=CARTESIAN_POINT('Ctrl Pts',(85.6641601838899,6.99885108571731,2.75421172358873));
#6528=CARTESIAN_POINT('Ctrl Pts',(85.6648674329884,6.99859238782693,3.29578827641127));
#6529=CARTESIAN_POINT('Ctrl Pts',(85.6684721745599,7.41781726925343,3.27412973333735));
#6530=CARTESIAN_POINT('Ctrl Pts',(86.0600434557022,8.3494971396475,3.2263026868045));
#6531=CARTESIAN_POINT('Ctrl Pts',(87.6270038613771,8.76806063161623,3.15230713681272));
#6532=CARTESIAN_POINT('Ctrl Pts',(88.9144098890878,7.62631705136812,3.07380162643594));
#6533=CARTESIAN_POINT('Ctrl Pts',(88.6721804006929,5.92269799912175,2.99529611605916));
#6534=CARTESIAN_POINT('Ctrl Pts',(87.1175525958721,5.18504980206401,2.91679060568238));
#6535=CARTESIAN_POINT('Ctrl Pts',(85.869933376963,5.93885913361267,2.85028799246642));
#6536=CARTESIAN_POINT('Ctrl Pts',(85.6686287419609,6.72446971820241,2.80995388270938));
#6537=CARTESIAN_POINT('Ctrl Pts',(85.6680960895641,7.00012633924436,2.79578827641127));
#6538=CARTESIAN_POINT('Origin',(87.2087955317822,6.99979999999979,7.00421172358873));
#6539=CARTESIAN_POINT('',(85.6652200611098,7.00107926534557,3.79578827641128));
#6540=CARTESIAN_POINT('',(85.6676173151211,6.99892829094814,3.75421172358873));
#6541=CARTESIAN_POINT('',(85.6657955317822,6.99979999999982,7.00421172358873));
#6542=CARTESIAN_POINT('Ctrl Pts',(85.6676173151211,6.99892829094815,3.75421172358873));
#6543=CARTESIAN_POINT('Ctrl Pts',(85.6692759137716,7.31383027185117,3.73801672861446));
#6544=CARTESIAN_POINT('Ctrl Pts',(85.9152199153444,8.13994272691469,3.69565323018127));
#6545=CARTESIAN_POINT('Ctrl Pts',(87.2565236464235,8.81621590482936,3.62712122828915));
#6546=CARTESIAN_POINT('Ctrl Pts',(88.7502245051214,7.96190260659592,3.54861571791237));
#6547=CARTESIAN_POINT('Ctrl Pts',(88.8615352185508,6.24475282183977,3.47011020753559));
#6548=CARTESIAN_POINT('Ctrl Pts',(87.4906296823442,5.20474728905501,3.39160469715881));
#6549=CARTESIAN_POINT('Ctrl Pts',(86.0022162542289,5.72712117118181,3.31963853584319));
#6550=CARTESIAN_POINT('Ctrl Pts',(85.669324046114,6.62046182354733,3.2738408779865));
#6551=CARTESIAN_POINT('Ctrl Pts',(85.6660066019555,7.00112903154076,3.25421172358873));
#6552=CARTESIAN_POINT('Ctrl Pts',(85.6652200611098,7.00107926534557,3.79578827641128));
#6553=CARTESIAN_POINT('Ctrl Pts',(85.664338225008,7.10073859242362,3.79064259088317));
#6554=CARTESIAN_POINT('Ctrl Pts',(85.7181713698209,7.70626972988039,3.75932840189614));
#6555=CARTESIAN_POINT('Ctrl Pts',(86.5175077552469,8.68020623691763,3.70184570945017));
#6556=CARTESIAN_POINT('Ctrl Pts',(88.2291441996934,8.50330673630338,3.6233401990734));
#6557=CARTESIAN_POINT('Ctrl Pts',(89.0257077014273,6.97802665135932,3.54483468869662));
#6558=CARTESIAN_POINT('Ctrl Pts',(88.1928211746468,5.4722734218809,3.46632917831984));
#6559=CARTESIAN_POINT('Ctrl Pts',(86.4774370578135,5.33644234500741,3.38782366794306));
#6560=CARTESIAN_POINT('Ctrl Pts',(85.7102491539855,6.31827451244972,3.3309767006402));
#6561=CARTESIAN_POINT('Ctrl Pts',(85.6641168173246,6.91129715281563,3.30029823679627));
#6562=CARTESIAN_POINT('Ctrl Pts',(85.6648674329884,6.99859238782693,3.29578827641127));
#6563=CARTESIAN_POINT('Origin',(87.2087955317822,6.99979999999979,7.00421172358873));
#6564=CARTESIAN_POINT('',(85.6679937587911,6.9992897648338,4.29578827641127));
#6565=CARTESIAN_POINT('',(85.6633575704489,6.99969077865601,4.25421172358873));
#6566=CARTESIAN_POINT('',(85.6657955317822,6.99979999999982,7.00421172358873));
#6567=CARTESIAN_POINT('Ctrl Pts',(85.6633575704489,6.99969077865602,4.25421172358873));
#6568=CARTESIAN_POINT('Ctrl Pts',(85.6638772891443,7.49877172487922,4.22836108270136));
#6569=CARTESIAN_POINT('Ctrl Pts',(86.195377021073,8.50402317046513,4.17634193835505));
#6570=CARTESIAN_POINT('Ctrl Pts',(87.9000833920244,8.68020644039454,4.09815429054983));
#6571=CARTESIAN_POINT('Ctrl Pts',(88.9917566562536,7.35007751698508,4.01964878017305));
#6572=CARTESIAN_POINT('Ctrl Pts',(88.4844279966108,5.70581138917008,3.94114326979627));
#6573=CARTESIAN_POINT('Ctrl Pts',(86.8330818159956,5.22202501018581,3.86263775941949));
#6574=CARTESIAN_POINT('Ctrl Pts',(85.7898331849616,6.10348983757356,3.80032724401697));
#6575=CARTESIAN_POINT('Ctrl Pts',(85.6665958854918,6.80499938986712,3.76418523207339));
#6576=CARTESIAN_POINT('Ctrl Pts',(85.6676173151211,6.99892829094815,3.75421172358873));
#6577=CARTESIAN_POINT('Ctrl Pts',(85.6679937587911,6.9992897648338,4.29578827641127));
#6578=CARTESIAN_POINT('Ctrl Pts',(85.6688676640901,7.28726933815179,4.28098694497006));
#6579=CARTESIAN_POINT('Ctrl Pts',(85.8836465000615,8.08560240613068,4.24001711006992));
#6580=CARTESIAN_POINT('Ctrl Pts',(87.1610674229185,8.81621568488552,4.17287877171085));
#6581=CARTESIAN_POINT('Ctrl Pts',(88.6975718051198,8.04152410880321,4.09437326133407));
#6582=CARTESIAN_POINT('Ctrl Pts',(88.8989062309369,6.33258958729505,4.01586775095729));
#6583=CARTESIAN_POINT('Ctrl Pts',(87.5845092020745,5.22202522545296,3.93736224058051));
#6584=CARTESIAN_POINT('Ctrl Pts',(86.0414015740348,5.67410151358483,3.86400241573184));
#6585=CARTESIAN_POINT('Ctrl Pts',(85.6688228230182,6.5939187661611,3.8168110943421));
#6586=CARTESIAN_POINT('Ctrl Pts',(85.6652200611098,7.00107926534557,3.79578827641128));
#6587=CARTESIAN_POINT('Origin',(87.2087955317822,6.99979999999979,7.00421172358873));
#6588=CARTESIAN_POINT('',(85.6636198935523,6.9992333030243,4.79578827641127));
#6589=CARTESIAN_POINT('',(85.6673825383705,7.00080962210188,4.75421172358873));
#6590=CARTESIAN_POINT('',(85.6657955317822,6.99979999999982,7.00421172358873));
#6591=CARTESIAN_POINT('Ctrl Pts',(85.6673825383705,7.00080962210188,4.75421172358873));
#6592=CARTESIAN_POINT('Ctrl Pts',(85.6662637895053,7.18230757317531,4.74487394024717));
#6593=CARTESIAN_POINT('Ctrl Pts',(85.7791867291892,7.87109445400827,4.70936765344669));
#6594=CARTESIAN_POINT('Ctrl Pts',(86.7905871515494,8.7680608457768,4.64769286318728));
#6595=CARTESIAN_POINT('Ctrl Pts',(88.4530525470606,8.32398624197014,4.56918735281051));
#6596=CARTESIAN_POINT('Ctrl Pts',(88.9996386736195,6.69234991494178,4.49068184243372));
#6597=CARTESIAN_POINT('Ctrl Pts',(87.9401540943096,5.3364421435882,4.41217633205695));
#6598=CARTESIAN_POINT('Ctrl Pts',(86.2247697697639,5.47227323691864,4.33367082168016));
#6599=CARTESIAN_POINT('Ctrl Pts',(85.6661397262545,6.48220552066747,4.28101595219076));
#6600=CARTESIAN_POINT('Ctrl Pts',(85.6633511799257,6.99355401966152,4.25452958616028));
#6601=CARTESIAN_POINT('Ctrl Pts',(85.6633575704489,6.99969077865602,4.25421172358873));
#6602=CARTESIAN_POINT('Ctrl Pts',(85.6636198935523,6.9992333030243,4.79578827641127));
#6603=CARTESIAN_POINT('Ctrl Pts',(85.6658820417779,7.4716222918,4.77133129905695));
#6604=CARTESIAN_POINT('Ctrl Pts',(86.1479591453531,8.45345864229424,4.72070581824371));
#6605=CARTESIAN_POINT('Ctrl Pts',(87.8108816423031,8.71419094443754,4.64391183397153));
#6606=CARTESIAN_POINT('Ctrl Pts',(88.9709010754843,7.44322756382129,4.56540632359475));
#6607=CARTESIAN_POINT('Ctrl Pts',(88.5506223073416,5.77458786626177,4.48690081321797));
#6608=CARTESIAN_POINT('Ctrl Pts',(86.9269614153595,5.20474750639486,4.40839530284119));
#6609=CARTESIAN_POINT('Ctrl Pts',(85.8145248412973,6.04867158530369,4.34469112390562));
#6610=CARTESIAN_POINT('Ctrl Pts',(85.6673226143134,6.77812632690292,4.30715544842899));
#6611=CARTESIAN_POINT('Ctrl Pts',(85.6679937587911,6.9992897648338,4.29578827641127));
#6612=CARTESIAN_POINT('Origin',(87.2087955317822,6.99979999999979,7.00421172358873));
#6613=CARTESIAN_POINT('',(85.6667552271293,7.0010320738877,5.29578827641127));
#6614=CARTESIAN_POINT('',(85.666354984317,6.99849570810281,5.25421172358873));
#6615=CARTESIAN_POINT('',(85.6657955317822,6.99979999999982,7.00421172358873));
#6616=CARTESIAN_POINT('Ctrl Pts',(85.666354984317,6.99849570810281,5.25421172358873));
#6617=CARTESIAN_POINT('Ctrl Pts',(85.6694416210499,7.36704687075008,5.23521829433407));
#6618=CARTESIAN_POINT('Ctrl Pts',(85.9850978948716,8.24812857587074,5.19005636162048));
#6619=CARTESIAN_POINT('Ctrl Pts',(87.4475322573389,8.80109026046737,5.11872592544796));
#6620=CARTESIAN_POINT('Ctrl Pts',(88.842966596798,7.79423696830509,5.04022041507118));
#6621=CARTESIAN_POINT('Ctrl Pts',(88.7728376766064,6.07491226055907,4.9617149046944));
#6622=CARTESIAN_POINT('Ctrl Pts',(87.300038478713,5.18504958199977,4.88320939431763));
#6623=CARTESIAN_POINT('Ctrl Pts',(85.9303246312774,5.83495880632003,4.81404166728239));
#6624=CARTESIAN_POINT('Ctrl Pts',(85.6693990071986,6.67367189522844,4.7710424437061));
#6625=CARTESIAN_POINT('Ctrl Pts',(85.6673825383705,7.00080962210188,4.75421172358873));
#6626=CARTESIAN_POINT('Ctrl Pts',(85.6667552271293,7.0010320738877,5.29578827641127));
#6627=CARTESIAN_POINT('Ctrl Pts',(85.6655567396547,7.15528382451449,5.28784415660277));
#6628=CARTESIAN_POINT('Ctrl Pts',(85.7571554439184,7.81626291096168,5.25373153333534));
#6629=CARTESIAN_POINT('Ctrl Pts',(86.6983074679431,8.74365298048165,5.19345040660899));
#6630=CARTESIAN_POINT('Ctrl Pts',(88.3817925897941,8.38750438528904,5.1149448962322));
#6631=CARTESIAN_POINT('Ctrl Pts',(89.0133143506735,6.78682034777945,5.03643938585543));
#6632=CARTESIAN_POINT('Ctrl Pts',(88.0264966551479,5.37714603447794,4.95793387547864));
#6633=CARTESIAN_POINT('Ctrl Pts',(86.3063471608276,5.42270415420797,4.87942836510187));
#6634=CARTESIAN_POINT('Ctrl Pts',(85.6792813143816,6.42782357568747,4.82537983207941));
#6635=CARTESIAN_POINT('Ctrl Pts',(85.6634615859379,6.96617500337817,4.79749980251588));
#6636=CARTESIAN_POINT('Ctrl Pts',(85.6636198935523,6.9992333030243,4.79578827641127));
#6637=CARTESIAN_POINT('Origin',(87.2087955317822,6.99979999999979,7.00421172358873));
#6638=CARTESIAN_POINT('',(85.6674556924201,6.99829525162594,5.79578827641127));
#6639=CARTESIAN_POINT('',(85.6638932582863,7.00055232195971,5.75421172358873));
#6640=CARTESIAN_POINT('',(85.6657955317822,6.99979999999982,7.00421172358873));
#6641=CARTESIAN_POINT('',(86.810281689925,5.50915057178128,5.9));
#6642=CARTESIAN_POINT('Ctrl Pts',(86.810281689925,5.50915057178127,5.9));
#6643=CARTESIAN_POINT('Ctrl Pts',(86.3200918917249,5.64019910406656,5.87383149654108));
#6644=CARTESIAN_POINT('Ctrl Pts',(85.7672223732144,6.15873310131393,5.83909425534483));
#6645=CARTESIAN_POINT('Ctrl Pts',(85.6663196343719,6.8318280904697,5.80435701414859));
#6646=CARTESIAN_POINT('Ctrl Pts',(85.6674556924202,6.99829525162595,5.79578827641127));
#6647=CARTESIAN_POINT('',(87.6083431697807,5.50678833239617,5.9));
#6648=CARTESIAN_POINT('Origin',(87.2087955317822,6.99979999999979,5.9));
#6649=CARTESIAN_POINT('Ctrl Pts',(87.6083490979846,5.50677478636314,5.9));
#6650=CARTESIAN_POINT('Ctrl Pts',(87.1432257252101,5.38409144178206,5.87509183961299));
#6651=CARTESIAN_POINT('Ctrl Pts',(86.1112483405518,5.59931771763083,5.8264957474759));
#6652=CARTESIAN_POINT('Ctrl Pts',(85.6667694180263,6.54288786489108,5.77789965533881));
#6653=CARTESIAN_POINT('Ctrl Pts',(85.6638932582862,7.00055232195971,5.75421172358873));
#6654=CARTESIAN_POINT('Origin',(12.9087955317821,132.9998,7.00421172358873));
#6655=CARTESIAN_POINT('',(11.3638187676083,133.00055964884,2.29578827641127));
#6656=CARTESIAN_POINT('',(11.3681705979698,132.999735643527,2.25421172358873));
#6657=CARTESIAN_POINT('',(11.3657955317821,132.9998,7.00421172358873));
#6658=CARTESIAN_POINT('',(13.3073093736394,131.509150571781,1.9));
#6659=CARTESIAN_POINT('Ctrl Pts',(11.3681705979698,132.999735643527,2.25421172358873));
#6660=CARTESIAN_POINT('Ctrl Pts',(11.3683346358134,133.260473577709,2.24081516289486));
#6661=CARTESIAN_POINT('Ctrl Pts',(11.5539719335829,134.030704698129,2.20125009874206));
#6662=CARTESIAN_POINT('Ctrl Pts',(12.7646563592616,134.810850899773,2.13551653113034));
#6663=CARTESIAN_POINT('Ctrl Pts',(14.3410342862791,134.119546002043,2.05701102075356));
#6664=CARTESIAN_POINT('Ctrl Pts',(14.630449078711,132.421677054664,1.97850551037678));
#6665=CARTESIAN_POINT('Ctrl Pts',(13.7974991718395,131.640199104067,1.92616850345893));
#6666=CARTESIAN_POINT('Ctrl Pts',(13.3073093736394,131.509150571781,1.9));
#6667=CARTESIAN_POINT('',(12.5092389017929,131.506777927338,1.90000000000001));
#6668=CARTESIAN_POINT('Origin',(12.9087955317821,132.9998,1.9));
#6669=CARTESIAN_POINT('Ctrl Pts',(11.3638187676083,133.00055964884,2.29578827641127));
#6670=CARTESIAN_POINT('Ctrl Pts',(11.3635433359541,133.045914193791,2.29344102516356));
#6671=CARTESIAN_POINT('Ctrl Pts',(11.3857518513972,133.596632393683,2.26492527045693));
#6672=CARTESIAN_POINT('Ctrl Pts',(12.0443783281619,134.598038668983,2.21024101229136));
#6673=CARTESIAN_POINT('Ctrl Pts',(13.7651798339822,134.60251718832,2.13173550191459));
#6674=CARTESIAN_POINT('Ctrl Pts',(14.7178771385612,133.169261049916,2.0532299915378));
#6675=CARTESIAN_POINT('Ctrl Pts',(14.0590588622293,131.610250316651,1.97598482423295));
#6676=CARTESIAN_POINT('Ctrl Pts',(12.9743428595382,131.384093949118,1.92490816038701));
#6677=CARTESIAN_POINT('Ctrl Pts',(12.5092327969276,131.506764037005,1.9));
#6678=CARTESIAN_POINT('Origin',(12.9087955317821,132.9998,7.00421172358873));
#6679=CARTESIAN_POINT('',(11.3680767898772,133.000126322988,2.79578827641127));
#6680=CARTESIAN_POINT('',(11.3641408740752,132.998851118389,2.75421172358873));
#6681=CARTESIAN_POINT('',(11.3657955317821,132.9998,7.00421172358873));
#6682=CARTESIAN_POINT('Ctrl Pts',(11.3641408740753,132.998851118389,2.75421172358873));
#6683=CARTESIAN_POINT('Ctrl Pts',(11.3673876988066,133.444524857898,2.73115951698175));
#6684=CARTESIAN_POINT('Ctrl Pts',(11.8026106372211,134.401659003908,2.68193880691584));
#6685=CARTESIAN_POINT('Ctrl Pts',(13.4192905201906,134.743676124072,2.60654959339102));
#6686=CARTESIAN_POINT('Ctrl Pts',(14.6449888563255,133.535896052789,2.52804408301424));
#6687=CARTESIAN_POINT('Ctrl Pts',(14.3135962326853,131.847301860137,2.44953857263746));
#6688=CARTESIAN_POINT('Ctrl Pts',(12.7224101085247,131.192358341998,2.37103306226068));
#6689=CARTESIAN_POINT('Ctrl Pts',(11.5412706869898,131.993418355823,2.30592411257777));
#6690=CARTESIAN_POINT('Ctrl Pts',(11.3680142084309,132.751154679491,2.26698366635378));
#6691=CARTESIAN_POINT('Ctrl Pts',(11.3681705979698,132.999735643527,2.25421172358873));
#6692=CARTESIAN_POINT('Ctrl Pts',(11.3680767898772,133.000126322988,2.79578827641127));
#6693=CARTESIAN_POINT('Ctrl Pts',(11.3676254542966,133.233700469463,2.78378537925045));
#6694=CARTESIAN_POINT('Ctrl Pts',(11.5264007713168,133.975926567427,2.74561397863071));
#6695=CARTESIAN_POINT('Ctrl Pts',(12.6700558244131,134.801112781459,2.68127407455204));
#6696=CARTESIAN_POINT('Ctrl Pts',(14.279615379003,134.192521051956,2.60276856417526));
#6697=CARTESIAN_POINT('Ctrl Pts',(14.6597901018451,132.514263869331,2.52426305379848));
#6698=CARTESIAN_POINT('Ctrl Pts',(13.4696333414971,131.271457077666,2.44575754342171));
#6699=CARTESIAN_POINT('Ctrl Pts',(11.827122938936,131.569463758964,2.36959928429263));
#6700=CARTESIAN_POINT('Ctrl Pts',(11.3666140060418,132.540275708103,2.31960952862249));
#6701=CARTESIAN_POINT('Ctrl Pts',(11.3638187676083,133.00055964884,2.29578827641127));
#6702=CARTESIAN_POINT('Origin',(12.9087955317821,132.9998,7.00421172358873));
#6703=CARTESIAN_POINT('',(11.3648480906449,132.998592372767,3.29578827641127));
#6704=CARTESIAN_POINT('',(11.3659872904249,133.001129049933,3.25421172358873));
#6705=CARTESIAN_POINT('',(11.3657955317821,132.9998,7.00421172358873));
#6706=CARTESIAN_POINT('Ctrl Pts',(11.3659872904249,133.001129049933,3.25421172358873));
#6707=CARTESIAN_POINT('Ctrl Pts',(11.3648820876591,133.127947906298,3.24767237452757));
#6708=CARTESIAN_POINT('Ctrl Pts',(11.4367172726832,133.761022986505,3.21496452200748));
#6709=CARTESIAN_POINT('Ctrl Pts',(12.3067018046869,134.714212601725,3.15608816602847));
#6710=CARTESIAN_POINT('Ctrl Pts',(14.0067077633848,134.447665959419,3.07758265565169));
#6711=CARTESIAN_POINT('Ctrl Pts',(14.7220801261941,132.882638891804,2.99907714527491));
#6712=CARTESIAN_POINT('Ctrl Pts',(13.8112553535449,131.422684302283,2.92057163489813));
#6713=CARTESIAN_POINT('Ctrl Pts',(12.0910839910239,131.37712536889,2.84206612452135));
#6714=CARTESIAN_POINT('Ctrl Pts',(11.3940248938681,132.372878545517,2.78661282075155));
#6715=CARTESIAN_POINT('Ctrl Pts',(11.363701954285,132.93860301741,2.75732802044068));
#6716=CARTESIAN_POINT('Ctrl Pts',(11.3641408740753,132.998851118389,2.75421172358873));
#6717=CARTESIAN_POINT('Ctrl Pts',(11.3648480906449,132.998592372767,3.29578827641127));
#6718=CARTESIAN_POINT('Ctrl Pts',(11.3684528773824,133.417822505926,3.27412973333735));
#6719=CARTESIAN_POINT('Ctrl Pts',(11.7600290641496,134.349514047212,3.22630268680449));
#6720=CARTESIAN_POINT('Ctrl Pts',(13.3270091006,134.768082787816,3.15230713681272));
#6721=CARTESIAN_POINT('Ctrl Pts',(14.6144312572962,133.626324893747,3.07380162643594));
#6722=CARTESIAN_POINT('Ctrl Pts',(14.3721987333461,131.922684518032,2.99529611605916));
#6723=CARTESIAN_POINT('Ctrl Pts',(12.8175514543579,131.185027042027,2.91679060568238));
#6724=CARTESIAN_POINT('Ctrl Pts',(11.5699166007466,131.938845878819,2.85028799246642));
#6725=CARTESIAN_POINT('Ctrl Pts',(11.3686094481228,132.724466258917,2.80995388270938));
#6726=CARTESIAN_POINT('Ctrl Pts',(11.3680767898772,133.000126322988,2.79578827641127));
#6727=CARTESIAN_POINT('Origin',(12.9087955317821,132.9998,7.00421172358873));
#6728=CARTESIAN_POINT('',(11.3652007231811,133.001079281378,3.79578827641127));
#6729=CARTESIAN_POINT('',(11.3675980226597,132.998928280047,3.75421172358873));
#6730=CARTESIAN_POINT('',(11.3657955317821,132.9998,7.00421172358873));
#6731=CARTESIAN_POINT('Ctrl Pts',(11.3675980226597,132.998928280047,3.75421172358873));
#6732=CARTESIAN_POINT('Ctrl Pts',(11.369256642083,133.313834202908,3.73801672861446));
#6733=CARTESIAN_POINT('Ctrl Pts',(11.615203722407,134.139956999283,3.69565323018127));
#6734=CARTESIAN_POINT('Ctrl Pts',(12.9565242437523,134.816238642532,3.62712122828915));
#6735=CARTESIAN_POINT('Ctrl Pts',(14.4502438009849,133.961914650573,3.54861571791237));
#6736=CARTESIAN_POINT('Ctrl Pts',(14.5615559070514,132.244743369419,3.47011020753559));
#6737=CARTESIAN_POINT('Ctrl Pts',(13.1906332112983,131.20472482004,3.39160469715881));
#6738=CARTESIAN_POINT('Ctrl Pts',(11.7022011486685,131.727105237294,3.31963853584319));
#6739=CARTESIAN_POINT('Ctrl Pts',(11.3693047759311,132.620457076491,3.2738408779865));
#6740=CARTESIAN_POINT('Ctrl Pts',(11.3659872904249,133.001129049933,3.25421172358873));
#6741=CARTESIAN_POINT('Ctrl Pts',(11.3652007231811,133.001079281378,3.79578827641127));
#6742=CARTESIAN_POINT('Ctrl Pts',(11.3643188760312,133.100739856989,3.79064259088317));
#6743=CARTESIAN_POINT('Ctrl Pts',(11.418152695264,133.706278580547,3.75932840189614));
#6744=CARTESIAN_POINT('Ctrl Pts',(12.2174990947883,134.68022728903,3.70184570945018));
#6745=CARTESIAN_POINT('Ctrl Pts',(13.9291569826314,134.503325572313,3.6233401990734));
#6746=CARTESIAN_POINT('Ctrl Pts',(14.7257304637198,132.978026378463,3.54483468869662));
#6747=CARTESIAN_POINT('Ctrl Pts',(13.8928335025305,131.472254285247,3.46632917831984));
#6748=CARTESIAN_POINT('Ctrl Pts',(12.1774278953483,131.336421505988,3.38782366794306));
#6749=CARTESIAN_POINT('Ctrl Pts',(11.4102303801756,132.318265974815,3.3309767006402));
#6750=CARTESIAN_POINT('Ctrl Pts',(11.3640974655762,132.911296044187,3.30029823679628));
#6751=CARTESIAN_POINT('Ctrl Pts',(11.3648480906449,132.998592372767,3.29578827641127));
#6752=CARTESIAN_POINT('Origin',(12.9087955317821,132.9998,7.00421172358873));
#6753=CARTESIAN_POINT('',(11.3679744557302,132.999289758262,4.29578827641127));
#6754=CARTESIAN_POINT('',(11.3633382246568,132.999690777258,4.25421172358873));
#6755=CARTESIAN_POINT('',(11.3657955317821,132.9998,7.00421172358873));
#6756=CARTESIAN_POINT('Ctrl Pts',(11.3633382246568,132.999690777258,4.25421172358873));
#6757=CARTESIAN_POINT('Ctrl Pts',(11.3638579498582,133.49877797095,4.22836108270135));
#6758=CARTESIAN_POINT('Ctrl Pts',(11.8953643351001,134.504042000392,4.17634193835505));
#6759=CARTESIAN_POINT('Ctrl Pts',(13.6000920455641,134.680227475689,4.09815429054983));
#6760=CARTESIAN_POINT('Ctrl Pts',(14.6917789753651,133.350081901781,4.01964878017305));
#6761=CARTESIAN_POINT('Ctrl Pts',(14.1844439649692,131.705795191,3.94114326979627));
#6762=CARTESIAN_POINT('Ctrl Pts',(12.5330771128288,131.222002756027,3.86263775941949));
#6763=CARTESIAN_POINT('Ctrl Pts',(11.489815422367,132.103478617528,3.80032724401697));
#6764=CARTESIAN_POINT('Ctrl Pts',(11.3665765802377,132.804996951355,3.76418523207339));
#6765=CARTESIAN_POINT('Ctrl Pts',(11.3675980226597,132.998928280047,3.75421172358873));
#6766=CARTESIAN_POINT('Ctrl Pts',(11.3679744557302,132.999289758262,4.29578827641127));
#6767=CARTESIAN_POINT('Ctrl Pts',(11.3688483719221,133.287272939472,4.28098694497006));
#6768=CARTESIAN_POINT('Ctrl Pts',(11.5836298983805,134.08561600937,4.24001711006992));
#6769=CARTESIAN_POINT('Ctrl Pts',(12.8610668251127,134.816238440766,4.17287877171085));
#6770=CARTESIAN_POINT('Ctrl Pts',(14.3975904564553,134.041537159632,4.09437326133408));
#6771=CARTESIAN_POINT('Ctrl Pts',(14.598927404695,132.332581228425,4.01586775095729));
#6772=CARTESIAN_POINT('Ctrl Pts',(13.2845139090014,131.222002953502,3.93736224058052));
#6773=CARTESIAN_POINT('Ctrl Pts',(11.7413869489189,131.674084905204,3.86400241573184));
#6774=CARTESIAN_POINT('Ctrl Pts',(11.3688035302266,132.59391368128,3.81681109434209));
#6775=CARTESIAN_POINT('Ctrl Pts',(11.3652007231811,133.001079281378,3.79578827641127));
#6776=CARTESIAN_POINT('Origin',(12.9087955317821,132.9998,7.00421172358873));
#6777=CARTESIAN_POINT('',(11.3636005427694,132.999233283643,4.79578827641127));
#6778=CARTESIAN_POINT('',(11.3673632430598,133.00080963593,4.75421172358873));
#6779=CARTESIAN_POINT('',(11.3657955317821,132.9998,7.00421172358873));
#6780=CARTESIAN_POINT('Ctrl Pts',(11.3673632430598,133.00080963593,4.75421172358873));
#6781=CARTESIAN_POINT('Ctrl Pts',(11.3662444801382,133.182309857844,4.74487394024717));
#6782=CARTESIAN_POINT('Ctrl Pts',(11.4791688331693,133.871105356423,4.70936765344669));
#6783=CARTESIAN_POINT('Ctrl Pts',(12.4905819165097,134.768082984256,4.64769286318728));
#6784=CARTESIAN_POINT('Ctrl Pts',(14.1530681226389,134.324002816394,4.5691873528105));
#6785=CARTESIAN_POINT('Ctrl Pts',(14.6996610914021,132.692346067172,4.49068184243372));
#6786=CARTESIAN_POINT('Ctrl Pts',(13.6401632494553,131.33642132122,4.41217633205694));
#6787=CARTESIAN_POINT('Ctrl Pts',(11.9247574517281,131.472254115571,4.33367082168016));
#6788=CARTESIAN_POINT('Ctrl Pts',(11.3661204152892,132.482199041417,4.28101595219076));
#6789=CARTESIAN_POINT('Ctrl Pts',(11.3633318340536,132.993553941444,4.25452958616028));
#6790=CARTESIAN_POINT('Ctrl Pts',(11.3633382246568,132.999690777258,4.25421172358873));
#6791=CARTESIAN_POINT('Ctrl Pts',(11.3636005427694,132.999233283643,4.79578827641127));
#6792=CARTESIAN_POINT('Ctrl Pts',(11.3658627222443,133.471628184878,4.77133129905695));
#6793=CARTESIAN_POINT('Ctrl Pts',(11.8479458429213,134.45347687444,4.72070581824371));
#6794=CARTESIAN_POINT('Ctrl Pts',(13.5108891919521,134.71421241136,4.64391183397153));
#6795=CARTESIAN_POINT('Ctrl Pts',(14.6709231476331,133.44323312471,4.56540632359475));
#6796=CARTESIAN_POINT('Ctrl Pts',(14.2506391196049,131.774572513919,4.48690081321797));
#6797=CARTESIAN_POINT('Ctrl Pts',(12.6269578835784,131.204725019425,4.40839530284119));
#6798=CARTESIAN_POINT('Ctrl Pts',(11.5145073740835,132.048659669229,4.34469112390562));
#6799=CARTESIAN_POINT('Ctrl Pts',(11.3673033028868,132.778123549531,4.30715544842899));
#6800=CARTESIAN_POINT('Ctrl Pts',(11.3679744557302,132.999289758262,4.29578827641127));
#6801=CARTESIAN_POINT('Origin',(12.9087955317821,132.9998,7.00421172358873));
#6802=CARTESIAN_POINT('',(11.3667359026846,133.001032267041,5.29578827641127));
#6803=CARTESIAN_POINT('',(11.3663357080004,132.99849588316,5.25421172358873));
#6804=CARTESIAN_POINT('',(11.3657955317821,132.9998,7.00421172358873));
#6805=CARTESIAN_POINT('Ctrl Pts',(11.3663357080004,132.99849588316,5.25421172358873));
#6806=CARTESIAN_POINT('Ctrl Pts',(11.3694223800741,133.367051616782,5.23521829433407));
#6807=CARTESIAN_POINT('Ctrl Pts',(11.6850825372674,134.248143918822,5.19005636162047));
#6808=CARTESIAN_POINT('Ctrl Pts',(13.1475352657767,134.80111298273,5.11872592544796));
#6809=CARTESIAN_POINT('Ctrl Pts',(14.5429870446897,133.794246822022,5.04022041507118));
#6810=CARTESIAN_POINT('Ctrl Pts',(14.4728572589939,132.074900730308,4.9617149046944));
#6811=CARTESIAN_POINT('Ctrl Pts',(13.0000396193357,131.185026840281,4.88320939431762));
#6812=CARTESIAN_POINT('Ctrl Pts',(11.630308627754,131.834944233155,4.81404166728239));
#6813=CARTESIAN_POINT('Ctrl Pts',(11.3693797372235,132.673667816021,4.7710424437061));
#6814=CARTESIAN_POINT('Ctrl Pts',(11.3673632430598,133.00080963593,4.75421172358873));
#6815=CARTESIAN_POINT('Ctrl Pts',(11.3667359026846,133.001032267041,5.29578827641127));
#6816=CARTESIAN_POINT('Ctrl Pts',(11.3655375056253,133.155285648862,5.28784415660277));
#6817=CARTESIAN_POINT('Ctrl Pts',(11.4571377637177,133.816271798313,5.25373153333534));
#6818=CARTESIAN_POINT('Ctrl Pts',(12.398300603506,134.74367592282,5.19345040660899));
#6819=CARTESIAN_POINT('Ctrl Pts',(14.0818075522132,134.387521196242,5.1149448962322));
#6820=CARTESIAN_POINT('Ctrl Pts',(14.7133368087059,132.786817979179,5.03643938585543));
#6821=CARTESIAN_POINT('Ctrl Pts',(13.7265069811314,131.377125550172,4.95793387547864));
#6822=CARTESIAN_POINT('Ctrl Pts',(12.0063358105739,131.422684476935,4.87942836510187));
#6823=CARTESIAN_POINT('Ctrl Pts',(11.3792621551912,132.427816406435,4.82537983207941));
#6824=CARTESIAN_POINT('Ctrl Pts',(11.3634422329681,132.966174570237,4.79749980251588));
#6825=CARTESIAN_POINT('Ctrl Pts',(11.3636005427694,132.999233283643,4.79578827641127));
#6826=CARTESIAN_POINT('Origin',(12.9087955317821,132.9998,7.00421172358873));
#6827=CARTESIAN_POINT('',(11.367463472126,132.998396602715,5.79578827641127));
#6828=CARTESIAN_POINT('',(11.3638753186324,133.000557090769,5.75421172358873));
#6829=CARTESIAN_POINT('',(11.3657955317821,132.9998,7.00421172358873));
#6830=CARTESIAN_POINT('',(12.5102816899249,131.509150571781,5.9));
#6831=CARTESIAN_POINT('Ctrl Pts',(12.5102816899249,131.509150571781,5.9));
#6832=CARTESIAN_POINT('Ctrl Pts',(12.0200918917248,131.640199104067,5.87383149654107));
#6833=CARTESIAN_POINT('Ctrl Pts',(11.4672442486298,132.158882259469,5.83909425534483));
#6834=CARTESIAN_POINT('Ctrl Pts',(11.3663308410896,132.831942957362,5.80435701414859));
#6835=CARTESIAN_POINT('Ctrl Pts',(11.367463472126,132.998396602715,5.79578827641127));
#6836=CARTESIAN_POINT('',(13.3083522003193,131.506777787989,5.9));
#6837=CARTESIAN_POINT('Origin',(12.9087955317821,132.9998,5.9));
#6838=CARTESIAN_POINT('Ctrl Pts',(13.3083583047668,131.506763898304,5.9));
#6839=CARTESIAN_POINT('Ctrl Pts',(12.8432483554814,131.384093925809,5.87509183961299));
#6840=CARTESIAN_POINT('Ctrl Pts',(11.8112118540682,131.599266471992,5.82649574747591));
#6841=CARTESIAN_POINT('Ctrl Pts',(11.3667471194005,132.542880796205,5.77789965533881));
#6842=CARTESIAN_POINT('Ctrl Pts',(11.3638753186324,133.000557090769,5.75421172358873));
#6843=CARTESIAN_POINT('Origin',(87.2087955317822,132.9998,7.00421172358873));
#6844=CARTESIAN_POINT('',(85.6637938733435,133.000558628295,2.29578827641127));
#6845=CARTESIAN_POINT('',(85.6681453885386,132.999731852608,2.25421172358873));
#6846=CARTESIAN_POINT('',(85.6657955317822,132.9998,7.00421172358873));
#6847=CARTESIAN_POINT('',(87.6073093736394,131.509150571781,1.9));
#6848=CARTESIAN_POINT('Ctrl Pts',(85.6681453885386,132.999731852608,2.25421172358873));
#6849=CARTESIAN_POINT('Ctrl Pts',(85.6683088630645,133.260471493764,2.24081516289486));
#6850=CARTESIAN_POINT('Ctrl Pts',(85.8539474107484,134.030710434531,2.20125009874206));
#6851=CARTESIAN_POINT('Ctrl Pts',(87.0646545232971,134.810923102793,2.13551653113034));
#6852=CARTESIAN_POINT('Ctrl Pts',(88.641063349046,134.119505458452,2.05701102075356));
#6853=CARTESIAN_POINT('Ctrl Pts',(88.9304152694969,132.421925812792,1.97850551037678));
#6854=CARTESIAN_POINT('Ctrl Pts',(88.0974991718395,131.640199104067,1.92616850345893));
#6855=CARTESIAN_POINT('Ctrl Pts',(87.6073093736394,131.509150571781,1.9));
#6856=CARTESIAN_POINT('',(86.8092395924499,131.50675066752,1.9));
#6857=CARTESIAN_POINT('Origin',(87.2087955317822,132.9998,1.9));
#6858=CARTESIAN_POINT('Ctrl Pts',(85.6637938733435,133.000558628295,2.29578827641127));
#6859=CARTESIAN_POINT('Ctrl Pts',(85.6635184240286,133.04591393931,2.29344102516356));
#6860=CARTESIAN_POINT('Ctrl Pts',(85.6857270860461,133.596641645032,2.26492527045693));
#6861=CARTESIAN_POINT('Ctrl Pts',(86.3443624075173,134.59807076462,2.21024101229137));
#6862=CARTESIAN_POINT('Ctrl Pts',(88.0651980756285,134.602532109331,2.13173550191459));
#6863=CARTESIAN_POINT('Ctrl Pts',(89.0178969793515,133.169283350055,2.05322999153781));
#6864=CARTESIAN_POINT('Ctrl Pts',(88.3591007816556,131.610192887335,1.97598482423295));
#6865=CARTESIAN_POINT('Ctrl Pts',(87.2743283995123,131.384083531081,1.92490816038701));
#6866=CARTESIAN_POINT('Ctrl Pts',(86.8092338417874,131.506737424,1.9));
#6867=CARTESIAN_POINT('Origin',(87.2087955317822,132.9998,7.00421172358873));
#6868=CARTESIAN_POINT('',(85.6680517426637,133.000126312984,2.79578827641127));
#6869=CARTESIAN_POINT('',(85.6641158017745,132.998851134573,2.75421172358873));
#6870=CARTESIAN_POINT('',(85.6657955317822,132.9998,7.00421172358873));
#6871=CARTESIAN_POINT('Ctrl Pts',(85.6641158017745,132.998851134573,2.75421172358873));
#6872=CARTESIAN_POINT('Ctrl Pts',(85.6673626400138,133.444532037973,2.73115951698175));
#6873=CARTESIAN_POINT('Ctrl Pts',(86.1025924656035,134.401681391806,2.68193880691584));
#6874=CARTESIAN_POINT('Ctrl Pts',(87.7192992199566,134.743705303845,2.60654959339101));
#6875=CARTESIAN_POINT('Ctrl Pts',(88.9450163503064,133.535903113437,2.52804408301423));
#6876=CARTESIAN_POINT('Ctrl Pts',(88.6136202489222,131.847286315359,2.44953857263746));
#6877=CARTESIAN_POINT('Ctrl Pts',(87.0224051850911,131.192322900844,2.37103306226068));
#6878=CARTESIAN_POINT('Ctrl Pts',(85.8412503859383,131.993410583384,2.30592411257777));
#6879=CARTESIAN_POINT('Ctrl Pts',(85.6679895360527,132.751149261186,2.26698366635378));
#6880=CARTESIAN_POINT('Ctrl Pts',(85.6681453885386,132.999731852608,2.25421172358873));
#6881=CARTESIAN_POINT('Ctrl Pts',(85.6680517426637,133.000126312984,2.79578827641127));
#6882=CARTESIAN_POINT('Ctrl Pts',(85.6676003999364,133.233704250348,2.78378537925045));
#6883=CARTESIAN_POINT('Ctrl Pts',(85.8263782981309,133.975942404891,2.74561397863071));
#6884=CARTESIAN_POINT('Ctrl Pts',(86.970051934113,134.801142198219,2.68127407455204));
#6885=CARTESIAN_POINT('Ctrl Pts',(88.5796376885745,134.192540187323,2.60276856417526));
#6886=CARTESIAN_POINT('Ctrl Pts',(88.9598185094711,132.514256466132,2.52426305379848));
#6887=CARTESIAN_POINT('Ctrl Pts',(87.7696426032226,131.271428043814,2.4457575434217));
#6888=CARTESIAN_POINT('Ctrl Pts',(86.1271050248621,131.569442193487,2.36959928429263));
#6889=CARTESIAN_POINT('Ctrl Pts',(85.6665892910088,132.540266913091,2.31960952862249));
#6890=CARTESIAN_POINT('Ctrl Pts',(85.6637938733435,133.000558628295,2.29578827641127));
#6891=CARTESIAN_POINT('Origin',(87.2087955317822,132.9998,7.00421172358873));
#6892=CARTESIAN_POINT('',(85.664822990016,132.998592353174,3.29578827641127));
#6893=CARTESIAN_POINT('',(85.6659622281831,133.001129072696,3.25421172358873));
#6894=CARTESIAN_POINT('',(85.6657955317822,132.9998,7.00421172358873));
#6895=CARTESIAN_POINT('Ctrl Pts',(85.6659622281831,133.001129072696,3.25421172358873));
#6896=CARTESIAN_POINT('Ctrl Pts',(85.6648570075046,133.127949989297,3.24767237452757));
#6897=CARTESIAN_POINT('Ctrl Pts',(85.7366933593282,133.761035353584,3.21496452200748));
#6898=CARTESIAN_POINT('Ctrl Pts',(86.6066920185474,134.714240445105,3.15608816602847));
#6899=CARTESIAN_POINT('Ctrl Pts',(88.3067256088401,134.447689494865,3.07758265565169));
#6900=CARTESIAN_POINT('Ctrl Pts',(89.0221095644833,132.882636959329,2.99907714527491));
#6901=CARTESIAN_POINT('Ctrl Pts',(88.1112700495664,131.422658739558,2.92057163489813));
#6902=CARTESIAN_POINT('Ctrl Pts',(86.3910706405314,131.377098894763,2.84206612452135));
#6903=CARTESIAN_POINT('Ctrl Pts',(85.6940003542005,132.372868485364,2.78661282075155));
#6904=CARTESIAN_POINT('Ctrl Pts',(85.6636768801582,132.938602065149,2.75732802044068));
#6905=CARTESIAN_POINT('Ctrl Pts',(85.6641158017745,132.998851134573,2.75421172358873));
#6906=CARTESIAN_POINT('Ctrl Pts',(85.664822990016,132.998592353174,3.29578827641127));
#6907=CARTESIAN_POINT('Ctrl Pts',(85.6684278353506,133.417829301729,3.27412973333735));
#6908=CARTESIAN_POINT('Ctrl Pts',(86.0600103881122,134.349535989142,3.2263026868045));
#6909=CARTESIAN_POINT('Ctrl Pts',(87.6270158997398,134.768111537879,3.15230713681272));
#6910=CARTESIAN_POINT('Ctrl Pts',(88.9144589865053,133.626335074864,3.07380162643594));
#6911=CARTESIAN_POINT('Ctrl Pts',(88.6722225245445,131.922667015917,2.99529611605916));
#6912=CARTESIAN_POINT('Ctrl Pts',(87.1175499711983,131.18499752071,2.91679060568238));
#6913=CARTESIAN_POINT('Ctrl Pts',(85.8698948331764,131.938828657185,2.85028799246642));
#6914=CARTESIAN_POINT('Ctrl Pts',(85.6685844093437,132.724461774974,2.80995388270938));
#6915=CARTESIAN_POINT('Ctrl Pts',(85.6680517426637,133.000126312984,2.79578827641127));
#6916=CARTESIAN_POINT('Origin',(87.2087955317822,132.9998,7.00421172358873));
#6917=CARTESIAN_POINT('',(85.6651756282809,133.001079302178,3.79578827641127));
#6918=CARTESIAN_POINT('',(85.6675729857665,132.998928265892,3.75421172358873));
#6919=CARTESIAN_POINT('',(85.6657955317822,132.9998,7.00421172358873));
#6920=CARTESIAN_POINT('Ctrl Pts',(85.6675729857665,132.998928265892,3.75421172358873));
#6921=CARTESIAN_POINT('Ctrl Pts',(85.6692316321412,133.313839304439,3.73801672861446));
#6922=CARTESIAN_POINT('Ctrl Pts',(85.9151827079145,134.139975521276,3.69565323018127));
#6923=CARTESIAN_POINT('Ctrl Pts',(87.2565250190199,134.816268150633,3.62712122828915));
#6924=CARTESIAN_POINT('Ctrl Pts',(88.7502688421351,133.961930280449,3.54861571791237));
#6925=CARTESIAN_POINT('Ctrl Pts',(88.8615827559493,132.244731102986,3.47011020753559));
#6926=CARTESIAN_POINT('Ctrl Pts',(87.4906377904653,131.204695659809,3.39160469715881));
#6927=CARTESIAN_POINT('Ctrl Pts',(86.0021815462544,131.727084560614,3.31963853584319));
#6928=CARTESIAN_POINT('Ctrl Pts',(85.6692797674579,132.620450915046,3.27384087798649));
#6929=CARTESIAN_POINT('Ctrl Pts',(85.6659622281831,133.001129072696,3.25421172358873));
#6930=CARTESIAN_POINT('Ctrl Pts',(85.6651756282809,133.001079302178,3.79578827641127));
#6931=CARTESIAN_POINT('Ctrl Pts',(85.6642937667942,133.100741498016,3.79064259088317));
#6932=CARTESIAN_POINT('Ctrl Pts',(85.7181284612257,133.706290066084,3.75932840189614));
#6933=CARTESIAN_POINT('Ctrl Pts',(86.5174878560778,134.680254608456,3.70184570945018));
#6934=CARTESIAN_POINT('Ctrl Pts',(88.2291735710989,134.503350015827,3.62334019907339));
#6935=CARTESIAN_POINT('Ctrl Pts',(89.0257600024264,132.978026024406,3.54483468869662));
#6936=CARTESIAN_POINT('Ctrl Pts',(88.1928495004779,131.472229451411,3.46632917831984));
#6937=CARTESIAN_POINT('Ctrl Pts',(86.4774160051672,131.336394463418,3.38782366794306));
#6938=CARTESIAN_POINT('Ctrl Pts',(85.7102060173568,132.318254895159,3.3309767006402));
#6939=CARTESIAN_POINT('Ctrl Pts',(85.6640723527456,132.911294605423,3.30029823679628));
#6940=CARTESIAN_POINT('Ctrl Pts',(85.664822990016,132.998592353174,3.29578827641127));
#6941=CARTESIAN_POINT('Origin',(87.2087955317822,132.9998,7.00421172358873));
#6942=CARTESIAN_POINT('',(85.6679494060085,132.999289749852,4.29578827641127));
#6943=CARTESIAN_POINT('',(85.6633131185587,132.999690775464,4.25421172358873));
#6944=CARTESIAN_POINT('',(85.6657955317822,132.9998,7.00421172358873));
#6945=CARTESIAN_POINT('Ctrl Pts',(85.6633131185587,132.999690775464,4.25421172358873));
#6946=CARTESIAN_POINT('Ctrl Pts',(85.6638328522041,133.498786076859,4.22836108270135));
#6947=CARTESIAN_POINT('Ctrl Pts',(86.1953478718129,134.504066436982,4.17634193835505));
#6948=CARTESIAN_POINT('Ctrl Pts',(87.9001032757413,134.680254774372,4.09815429054982));
#6949=CARTESIAN_POINT('Ctrl Pts',(88.9918079401013,133.350087592156,4.01964878017305));
#6950=CARTESIAN_POINT('Ctrl Pts',(88.4844646879929,131.705774169759,3.94114326979627));
#6951=CARTESIAN_POINT('Ctrl Pts',(86.833071009259,131.22197387556,3.86263775941948));
#6952=CARTESIAN_POINT('Ctrl Pts',(85.7897923708857,132.103464056683,3.80032724401697));
#6953=CARTESIAN_POINT('Ctrl Pts',(85.6665515267467,132.804993786762,3.76418523207339));
#6954=CARTESIAN_POINT('Ctrl Pts',(85.6675729857665,132.998928265892,3.75421172358873));
#6955=CARTESIAN_POINT('Ctrl Pts',(85.6679494060085,132.999289749852,4.29578827641127));
#6956=CARTESIAN_POINT('Ctrl Pts',(85.6688233363697,133.287277612982,4.28098694497006));
#6957=CARTESIAN_POINT('Ctrl Pts',(85.8836083544399,134.085633662143,4.24001711006992));
#6958=CARTESIAN_POINT('Ctrl Pts',(87.1610660492566,134.816267971289,4.17287877171085));
#6959=CARTESIAN_POINT('Ctrl Pts',(88.6976146604045,134.04155409567,4.09437326133407));
#6960=CARTESIAN_POINT('Ctrl Pts',(88.8989548819359,132.332570381126,4.01586775095729));
#6961=CARTESIAN_POINT('Ctrl Pts',(87.5845200172092,131.221974051089,3.93736224058052));
#6962=CARTESIAN_POINT('Ctrl Pts',(86.0413679698479,131.67406335246,3.86400241573184));
#6963=CARTESIAN_POINT('Ctrl Pts',(85.6687784938999,132.593907082609,3.81681109434209));
#6964=CARTESIAN_POINT('Ctrl Pts',(85.6651756282809,133.001079302178,3.79578827641127));
#6965=CARTESIAN_POINT('Origin',(87.2087955317822,132.9998,7.00421172358873));
#6966=CARTESIAN_POINT('',(85.6635754274668,132.999233265866,4.79578827641127));
#6967=CARTESIAN_POINT('',(85.6673382023741,133.00080965321,4.75421172358873));
#6968=CARTESIAN_POINT('',(85.6657955317822,132.9998,7.00421172358873));
#6969=CARTESIAN_POINT('Ctrl Pts',(85.6673382023741,133.00080965321,4.75421172358873));
#6970=CARTESIAN_POINT('Ctrl Pts',(85.6662194212832,133.182312822808,4.74487394024717));
#6971=CARTESIAN_POINT('Ctrl Pts',(85.7791456087863,133.871119507778,4.70936765344669));
#6972=CARTESIAN_POINT('Ctrl Pts',(86.7905751225321,134.76811171248,4.64769286318728));
#6973=CARTESIAN_POINT('Ctrl Pts',(88.4530883360055,134.324024327035,4.5691873528105));
#6974=CARTESIAN_POINT('Ctrl Pts',(88.9996901841558,132.692341073137,4.49068184243372));
#6975=CARTESIAN_POINT('Ctrl Pts',(87.9401751306082,131.336394299184,4.41217633205694));
#6976=CARTESIAN_POINT('Ctrl Pts',(86.2247414659282,131.472229300591,4.33367082168016));
#6977=CARTESIAN_POINT('Ctrl Pts',(85.6660953543869,132.482190632939,4.28101595219076));
#6978=CARTESIAN_POINT('Ctrl Pts',(85.6633067278517,132.993553839957,4.25452958616028));
#6979=CARTESIAN_POINT('Ctrl Pts',(85.6633131185587,132.999690775464,4.25421172358873));
#6980=CARTESIAN_POINT('Ctrl Pts',(85.6635754274668,132.999233265866,4.79578827641127));
#6981=CARTESIAN_POINT('Ctrl Pts',(85.6658376461331,133.471635842858,4.77133129905695));
#6982=CARTESIAN_POINT('Ctrl Pts',(86.1479285867368,134.45350052182,4.72070581824371));
#6983=CARTESIAN_POINT('Ctrl Pts',(87.8108989855463,134.714240275866,4.64391183397153));
#6984=CARTESIAN_POINT('Ctrl Pts',(88.9709517926891,133.443240337542,4.56540632359475));
#6985=CARTESIAN_POINT('Ctrl Pts',(88.5506609358971,131.774552592979,4.48690081321797));
#6986=CARTESIAN_POINT('Ctrl Pts',(86.9269533009293,131.20469583704,4.40839530284119));
#6987=CARTESIAN_POINT('Ctrl Pts',(85.8144847066823,132.048644205918,4.34469112390562));
#6988=CARTESIAN_POINT('Ctrl Pts',(85.6672782422834,132.778119945486,4.30715544842899));
#6989=CARTESIAN_POINT('Ctrl Pts',(85.6679494060085,132.999289749852,4.29578827641127));
#6990=CARTESIAN_POINT('Origin',(87.2087955317822,132.9998,7.00421172358873));
#6991=CARTESIAN_POINT('',(85.6667108179655,133.001032451012,5.29578827641127));
#6992=CARTESIAN_POINT('',(85.6663106690816,132.99849601281,5.25421172358873));
#6993=CARTESIAN_POINT('',(85.6657955317822,132.9998,7.00421172358873));
#6994=CARTESIAN_POINT('Ctrl Pts',(85.6663106690816,132.99849601281,5.25421172358873));
#6995=CARTESIAN_POINT('Ctrl Pts',(85.6693973905749,133.367057702087,5.23521829433407));
#6996=CARTESIAN_POINT('Ctrl Pts',(85.9850626375129,134.248163979388,5.19005636162048));
#6997=CARTESIAN_POINT('Ctrl Pts',(87.4475391530501,134.801142376677,5.11872592544796));
#6998=CARTESIAN_POINT('Ctrl Pts',(88.8430135891008,133.794259660254,5.04022041507118));
#6999=CARTESIAN_POINT('Ctrl Pts',(88.7728826683257,132.074885739871,4.9617149046944));
#7000=CARTESIAN_POINT('Ctrl Pts',(87.3000411013759,131.18499734145,4.88320939431762));
#7001=CARTESIAN_POINT('Ctrl Pts',(85.9302878585769,131.834925315776,4.8140416672824));
#7002=CARTESIAN_POINT('Ctrl Pts',(85.6693547292868,132.6736625203,4.7710424437061));
#7003=CARTESIAN_POINT('Ctrl Pts',(85.6673382023741,133.00080965321,4.75421172358873));
#7004=CARTESIAN_POINT('Ctrl Pts',(85.6667108179655,133.001032451012,5.29578827641127));
#7005=CARTESIAN_POINT('Ctrl Pts',(85.6655124970949,133.155288096701,5.28784415660277));
#7006=CARTESIAN_POINT('Ctrl Pts',(85.7571146162282,133.816283999512,5.25373153333534));
#7007=CARTESIAN_POINT('Ctrl Pts',(86.6982918960189,134.743705127679,5.19345040660899));
#7008=CARTESIAN_POINT('Ctrl Pts',(88.3818268498918,134.387543318633,5.11494489623221));
#7009=CARTESIAN_POINT('Ctrl Pts',(89.013366021578,132.786814740759,5.03643938585543));
#7010=CARTESIAN_POINT('Ctrl Pts',(88.0265203419774,131.377099055493,4.95793387547865));
#7011=CARTESIAN_POINT('Ctrl Pts',(86.3063211032701,131.422658895015,4.87942836510187));
#7012=CARTESIAN_POINT('Ctrl Pts',(85.6792372907178,132.427807105308,4.82537983207941));
#7013=CARTESIAN_POINT('Ctrl Pts',(85.6634171149229,132.966174015302,4.79749980251588));
#7014=CARTESIAN_POINT('Ctrl Pts',(85.6635754274668,132.999233265866,4.79578827641127));
#7015=CARTESIAN_POINT('Origin',(87.2087955317822,132.9998,7.00421172358873));
#7016=CARTESIAN_POINT('',(85.6674715025411,132.998519541806,5.79578827641127));
#7017=CARTESIAN_POINT('',(85.6638508007481,133.000560784557,5.75421172358873));
#7018=CARTESIAN_POINT('',(85.6657955317822,132.9998,7.00421172358873));
#7019=CARTESIAN_POINT('',(86.810281689925,131.509150571781,5.9));
#7020=CARTESIAN_POINT('Ctrl Pts',(86.810281689925,131.509150571781,5.9));
#7021=CARTESIAN_POINT('Ctrl Pts',(86.3200918917249,131.640199104067,5.87383149654108));
#7022=CARTESIAN_POINT('Ctrl Pts',(85.7672667419066,132.159047662938,5.83909425534483));
#7023=CARTESIAN_POINT('Ctrl Pts',(85.6663423896661,132.832078805952,5.80435701414859));
#7024=CARTESIAN_POINT('Ctrl Pts',(85.6674715025411,132.998519541806,5.79578827641127));
#7025=CARTESIAN_POINT('',(87.6083514320559,131.506750464621,5.89999999999999));
#7026=CARTESIAN_POINT('Origin',(87.2087955317822,132.9998,5.9));
#7027=CARTESIAN_POINT('Ctrl Pts',(87.6083571790358,131.506737227966,5.9));
#7028=CARTESIAN_POINT('Ctrl Pts',(87.1432627089925,131.384083429053,5.87509183961299));
#7029=CARTESIAN_POINT('Ctrl Pts',(86.1111727424207,131.599211427694,5.8264957474759));
#7030=CARTESIAN_POINT('Ctrl Pts',(85.6667185699033,132.542871203612,5.77789965533881));
#7031=CARTESIAN_POINT('Ctrl Pts',(85.6638508007482,133.000560784557,5.75421172358873));
#7032=CARTESIAN_POINT('Origin',(76.5418402743451,157.6,23.8043071271345));
#7033=CARTESIAN_POINT('',(76.2184840818769,157.9,22.688313949381));
#7034=CARTESIAN_POINT('',(76.8651964668133,157.9,24.9203003048881));
#7035=CARTESIAN_POINT('',(75.3484039497089,157.9,19.6854226665927));
#7036=CARTESIAN_POINT('Origin',(76.5418402743451,157.6,23.8043071271345));
#7037=CARTESIAN_POINT('Origin',(84.6099898592635,157.6,21.4665812502659));
#7038=CARTESIAN_POINT('',(84.6708312660771,157.9,20.2392677926615));
#7039=CARTESIAN_POINT('',(84.2866336667953,157.9,20.3505880725124));
#7040=CARTESIAN_POINT('',(85.3175436510136,157.9,22.4712541481686));
#7041=CARTESIAN_POINT('Origin',(84.9941874585453,157.6,21.355260970415));
#7042=CARTESIAN_POINT('',(84.9333460517317,157.9,22.5825744280195));
#7043=CARTESIAN_POINT('Origin',(26.5961523677074,157.6,38.2759435077494));
#7044=CARTESIAN_POINT('',(26.2727961752391,157.9,37.1599503299959));
#7045=CARTESIAN_POINT('',(26.9195085601756,157.9,39.391936685503));
#7046=CARTESIAN_POINT('',(25.4027160430711,157.9,34.1570590472076));
#7047=CARTESIAN_POINT('Origin',(26.5961523677074,157.6,38.2759435077494));
#7048=CARTESIAN_POINT('Origin',(26.9803499669892,157.6,38.1646232278985));
#7049=CARTESIAN_POINT('',(34.7251433594394,157.9,34.7109041732764));
#7050=CARTESIAN_POINT('',(26.656993774521,157.9,37.048630050145));
#7051=CARTESIAN_POINT('',(35.3718557443758,157.9,36.9428905287835));
#7052=CARTESIAN_POINT('Origin',(35.0484995519076,157.6,35.82689735103));
#7053=CARTESIAN_POINT('',(27.3037061594574,157.9,39.2806164056521));
#7054=CARTESIAN_POINT('Origin',(84.6099898592635,4.29999999999999,21.4665812502659));
#7055=CARTESIAN_POINT('',(84.2866336667953,4.,20.3505880725124));
#7056=CARTESIAN_POINT('',(84.9333460517317,4.,22.5825744280195));
#7057=CARTESIAN_POINT('',(83.4165535346273,4.,17.3476967897241));
#7058=CARTESIAN_POINT('Origin',(84.6099898592635,4.29999999999998,21.4665812502659));
#7059=CARTESIAN_POINT('Origin',(84.6099898592635,4.29999999999998,21.4665812502659));
#7060=CARTESIAN_POINT('',(76.6026816811587,4.,22.5769936695301));
#7061=CARTESIAN_POINT('',(84.2866336667953,4.,20.3505880725124));
#7062=CARTESIAN_POINT('',(77.2493940660951,4.,24.8089800250372));
#7063=CARTESIAN_POINT('Origin',(76.9260378736269,4.30000000000003,23.6929868472836));
#7064=CARTESIAN_POINT('',(84.9333460517317,4.,22.5825744280195));
#7065=CARTESIAN_POINT('Origin',(34.6643019526257,4.30000000000005,35.9382176308809));
#7066=CARTESIAN_POINT('',(34.3409457601575,4.,34.8222244531273));
#7067=CARTESIAN_POINT('',(34.987658145094,4.,37.0542108086344));
#7068=CARTESIAN_POINT('',(33.4708656279895,4.,31.819333170339));
#7069=CARTESIAN_POINT('Origin',(34.6643019526257,4.30000000000004,35.9382176308809));
#7070=CARTESIAN_POINT('Origin',(26.9803499669892,4.3,38.1646232278985));
#7071=CARTESIAN_POINT('',(26.656993774521,4.,37.048630050145));
#7072=CARTESIAN_POINT('',(26.656993774521,4.,37.048630050145));
#7073=CARTESIAN_POINT('',(27.3037061594574,4.,39.2806164056521));
#7074=CARTESIAN_POINT('Origin',(26.9803499669892,4.3,38.1646232278985));
#7075=CARTESIAN_POINT('',(27.3037061594574,4.,39.2806164056521));
#7076=CARTESIAN_POINT('Origin',(84.9941874585453,157.6,21.355260970415));
#7077=CARTESIAN_POINT('',(83.8007511339091,157.9,17.2363765098732));
#7078=CARTESIAN_POINT('Origin',(35.0484995519076,157.6,35.82689735103));
#7079=CARTESIAN_POINT('',(33.8550632272713,157.9,31.7080128904882));
#7080=CARTESIAN_POINT('Origin',(76.9260378736269,4.30000000000003,23.6929868472836));
#7081=CARTESIAN_POINT('',(75.7326015489907,4.,19.5741023867418));
#7082=CARTESIAN_POINT('Origin',(26.9803499669892,4.3,38.1646232278985));
#7083=CARTESIAN_POINT('',(25.7869136423529,4.,34.0457387673567));
#7084=CARTESIAN_POINT('Origin',(2.5613955317821,4.,5.9));
#7085=CARTESIAN_POINT('',(3.8113955317821,161.9,5.9));
#7086=CARTESIAN_POINT('',(3.8113955317821,4.,5.9));
#7087=CARTESIAN_POINT('',(3.8113955317821,80.95,5.9));
#7088=CARTESIAN_POINT('',(35.8,4.,5.9));
#7089=CARTESIAN_POINT('',(25.5306977658911,4.,5.9));
#7090=CARTESIAN_POINT('',(35.8,0.,5.9));
#7091=CARTESIAN_POINT('',(35.8,4.,5.9));
#7092=CARTESIAN_POINT('',(44.8,0.,5.9));
#7093=CARTESIAN_POINT('',(42.15,0.,5.9));
#7094=CARTESIAN_POINT('',(44.8,4.,5.9));
#7095=CARTESIAN_POINT('',(44.8,4.,5.9));
#7096=CARTESIAN_POINT('',(94.5,4.,5.9));
#7097=CARTESIAN_POINT('',(25.5306977658911,4.,5.9));
#7098=CARTESIAN_POINT('',(94.5,157.9,5.9));
#7099=CARTESIAN_POINT('',(94.5,4.,5.9));
#7100=CARTESIAN_POINT('',(88.3113955317821,157.9,5.9));
#7101=CARTESIAN_POINT('',(94.5,157.9,5.9));
#7102=CARTESIAN_POINT('',(88.3113955317821,135.993,5.9));
#7103=CARTESIAN_POINT('',(88.3113955317821,80.95,5.9));
#7104=CARTESIAN_POINT('',(11.8113955317821,135.993,5.9));
#7105=CARTESIAN_POINT('',(45.4363955317821,135.993,5.9));
#7106=CARTESIAN_POINT('',(11.8113955317821,157.9,5.9));
#7107=CARTESIAN_POINT('',(11.8113955317821,69.9965,5.9));
#7108=CARTESIAN_POINT('',(11.8113955317821,161.9,5.9));
#7109=CARTESIAN_POINT('',(11.8113955317821,157.9,5.9));
#7110=CARTESIAN_POINT('',(26.1556977658911,161.9,5.9));
#7111=CARTESIAN_POINT('',(11.8113955317821,6.03382017033699,5.9));
#7112=CARTESIAN_POINT('',(11.8113955317821,7.67173625371557,5.9));
#7113=CARTESIAN_POINT('Ctrl Pts',(11.8120177392694,6.03668851315691,5.9));
#7114=CARTESIAN_POINT('Ctrl Pts',(11.7837115395973,6.07523744447785,5.9));
#7115=CARTESIAN_POINT('Ctrl Pts',(11.7572617341256,6.1150978730218,5.9));
#7116=CARTESIAN_POINT('Ctrl Pts',(11.732818454138,6.1561582730122,5.9));
#7117=CARTESIAN_POINT('Ctrl Pts',(11.7127137918745,6.18993056030865,5.9));
#7118=CARTESIAN_POINT('Ctrl Pts',(11.6939669213003,6.22451485503555,5.9));
#7119=CARTESIAN_POINT('Ctrl Pts',(11.676674463643,6.25985056680745,5.9));
#7120=CARTESIAN_POINT('Ctrl Pts',(11.672350132368,6.26868698130486,5.9));
#7121=CARTESIAN_POINT('Ctrl Pts',(11.6681172031772,6.27756979393629,5.9));
#7122=CARTESIAN_POINT('Ctrl Pts',(11.6639823400657,6.28648647954935,5.9));
#7123=CARTESIAN_POINT('Ctrl Pts',(11.6405131765571,6.33709689807249,5.9));
#7124=CARTESIAN_POINT('Ctrl Pts',(11.6201506686271,6.38889580145345,5.9));
#7125=CARTESIAN_POINT('Ctrl Pts',(11.6031070028156,6.44169306712998,5.9));
#7126=CARTESIAN_POINT('Ctrl Pts',(11.5913639006284,6.47807043411771,5.9));
#7127=CARTESIAN_POINT('Ctrl Pts',(11.5811972628241,6.5149221358006,5.9));
#7128=CARTESIAN_POINT('Ctrl Pts',(11.5726908108452,6.55218822723889,5.9));
#7129=CARTESIAN_POINT('Ctrl Pts',(11.5618174505471,6.59982355629448,5.9));
#7130=CARTESIAN_POINT('Ctrl Pts',(11.5536560737614,6.64813653360323,5.9));
#7131=CARTESIAN_POINT('Ctrl Pts',(11.5481665204605,6.6969086846919,5.9));
#7132=CARTESIAN_POINT('Ctrl Pts',(11.5454744079544,6.72082686358614,5.9));
#7133=CARTESIAN_POINT('Ctrl Pts',(11.5434252903691,6.74485538039044,5.9));
#7134=CARTESIAN_POINT('Ctrl Pts',(11.5420167758574,6.76896760849581,5.9));
#7135=CARTESIAN_POINT('Ctrl Pts',(11.5412076755042,6.78281852172042,5.9));
#7136=CARTESIAN_POINT('Ctrl Pts',(11.5406099988138,6.79670219744159,5.9));
#7137=CARTESIAN_POINT('Ctrl Pts',(11.5402238975321,6.81058264258551,5.9));
#7138=CARTESIAN_POINT('Ctrl Pts',(11.5386778616667,6.86616304866138,5.9));
#7139=CARTESIAN_POINT('Ctrl Pts',(11.5405126500325,6.92177482155896,5.9));
#7140=CARTESIAN_POINT('Ctrl Pts',(11.5456246086544,6.97710117645589,5.9));
#7141=CARTESIAN_POINT('Ctrl Pts',(11.5507463750373,7.03253368003456,5.9));
#7142=CARTESIAN_POINT('Ctrl Pts',(11.5591583300168,7.08768082324289,5.9));
#7143=CARTESIAN_POINT('Ctrl Pts',(11.5708056535654,7.14220866693633,5.9));
#7144=CARTESIAN_POINT('Ctrl Pts',(11.581033273872,7.19009006038323,5.9));
#7145=CARTESIAN_POINT('Ctrl Pts',(11.5937565159538,7.23749417614328,5.9));
#7146=CARTESIAN_POINT('Ctrl Pts',(11.6089657045141,7.28417472419651,5.9));
#7147=CARTESIAN_POINT('Ctrl Pts',(11.6139934650327,7.29960609422386,5.9));
#7148=CARTESIAN_POINT('Ctrl Pts',(11.6192953648295,7.31496394097609,5.9));
#7149=CARTESIAN_POINT('Ctrl Pts',(11.6248595615376,7.33020729959698,5.9));
#7150=CARTESIAN_POINT('Ctrl Pts',(11.64335700589,7.38088185203041,5.9));
#7151=CARTESIAN_POINT('Ctrl Pts',(11.6647652005649,7.43034761294556,5.9));
#7152=CARTESIAN_POINT('Ctrl Pts',(11.6890425259924,7.47828437969602,5.9));
#7153=CARTESIAN_POINT('Ctrl Pts',(11.6998565888362,7.49963727582608,5.9));
#7154=CARTESIAN_POINT('Ctrl Pts',(11.7112404625015,7.52068636746986,5.9));
#7155=CARTESIAN_POINT('Ctrl Pts',(11.7231928727246,7.54140093395187,5.9));
#7156=CARTESIAN_POINT('Ctrl Pts',(11.7327616310651,7.55798442440223,5.9));
#7157=CARTESIAN_POINT('Ctrl Pts',(11.7426948018504,7.57435348565237,5.9));
#7158=CARTESIAN_POINT('Ctrl Pts',(11.7529923495991,7.59049150871814,5.9));
#7159=CARTESIAN_POINT('Ctrl Pts',(11.7597485770597,7.60107967565417,5.9));
#7160=CARTESIAN_POINT('Ctrl Pts',(11.7666571213236,7.61156117915333,5.9));
#7161=CARTESIAN_POINT('Ctrl Pts',(11.773715426831,7.62192876108635,5.9));
#7162=CARTESIAN_POINT('Ctrl Pts',(11.7855730405083,7.63934579994926,5.9));
#7163=CARTESIAN_POINT('Ctrl Pts',(11.7978550878124,7.65644424305312,5.9));
#7164=CARTESIAN_POINT('Ctrl Pts',(11.8105596511603,7.67320368820939,5.9));
#7165=CARTESIAN_POINT('Ctrl Pts',(11.8105596511603,7.67320368820939,5.9));
#7166=CARTESIAN_POINT('Ctrl Pts',(11.8400097601912,7.71205331047802,5.9));
#7167=CARTESIAN_POINT('Ctrl Pts',(11.8717286571522,7.74908392811723,5.9));
#7168=CARTESIAN_POINT('Ctrl Pts',(11.9057105308555,7.78401682415157,5.9));
#7169=CARTESIAN_POINT('Ctrl Pts',(11.919728382272,7.79842698147344,5.9));
#7170=CARTESIAN_POINT('Ctrl Pts',(11.9341316172431,7.81247972183706,5.9));
#7171=CARTESIAN_POINT('Ctrl Pts',(11.9489030917845,7.8261675874358,5.9));
#7172=CARTESIAN_POINT('Ctrl Pts',(13.8669116845045,7.82501129893627,5.9));
#7173=CARTESIAN_POINT('Ctrl Pts',(13.9037985529823,7.79056386604048,5.9));
#7174=CARTESIAN_POINT('Ctrl Pts',(13.9383078681265,7.75387844779518,5.9));
#7175=CARTESIAN_POINT('Ctrl Pts',(13.970437152279,7.71527476558878,5.9));
#7176=CARTESIAN_POINT('Ctrl Pts',(14.0040041978575,7.67494359748768,5.9));
#7177=CARTESIAN_POINT('Ctrl Pts',(14.034974058624,7.63251818512505,5.9));
#7178=CARTESIAN_POINT('Ctrl Pts',(14.0633159070901,7.58831341905016,5.9));
#7179=CARTESIAN_POINT('Ctrl Pts',(14.0860413452655,7.55286856513765,5.9));
#7180=CARTESIAN_POINT('Ctrl Pts',(14.1070766865525,7.51627854344668,5.9));
#7181=CARTESIAN_POINT('Ctrl Pts',(14.1263898082774,7.47868776599723,5.9));
#7182=CARTESIAN_POINT('Ctrl Pts',(14.1345694324092,7.46276706530802,5.9));
#7183=CARTESIAN_POINT('Ctrl Pts',(14.1424399408222,7.4466666883041,5.9));
#7184=CARTESIAN_POINT('Ctrl Pts',(14.1499979983929,7.43039696142725,5.9));
#7185=CARTESIAN_POINT('Ctrl Pts',(14.1542615797947,7.42121903386097,5.9));
#7186=CARTESIAN_POINT('Ctrl Pts',(14.158425885853,7.41198657664525,5.9));
#7187=CARTESIAN_POINT('Ctrl Pts',(14.1624840935658,7.4027162161534,5.9));
#7188=CARTESIAN_POINT('Ctrl Pts',(14.1843167128911,7.3528429060729,5.9));
#7189=CARTESIAN_POINT('Ctrl Pts',(14.2031283360034,7.30177687717466,5.9));
#7190=CARTESIAN_POINT('Ctrl Pts',(14.2188909639935,7.24984934552442,5.9));
#7191=CARTESIAN_POINT('Ctrl Pts',(14.2349407365285,7.19697586073397,5.9));
#7192=CARTESIAN_POINT('Ctrl Pts',(14.2478300130364,7.14320827540527,5.9));
#7193=CARTESIAN_POINT('Ctrl Pts',(14.2574885483942,7.08886165623383,5.9));
#7194=CARTESIAN_POINT('Ctrl Pts',(14.2643952159085,7.04999923918615,5.9));
#7195=CARTESIAN_POINT('Ctrl Pts',(14.2696490258225,7.01083996324669,5.9));
#7196=CARTESIAN_POINT('Ctrl Pts',(14.2732092934956,6.97149265687605,5.9));
#7197=CARTESIAN_POINT('Ctrl Pts',(14.2747251982804,6.9547392058796,5.9));
#7198=CARTESIAN_POINT('Ctrl Pts',(14.2759339122751,6.93795162302713,5.9));
#7199=CARTESIAN_POINT('Ctrl Pts',(14.2768315309969,6.92113817647294,5.9));
#7200=CARTESIAN_POINT('Ctrl Pts',(14.2774262476568,6.90999843915282,5.9));
#7201=CARTESIAN_POINT('Ctrl Pts',(14.2778839092993,6.89885509073323,5.9));
#7202=CARTESIAN_POINT('Ctrl Pts',(14.2782038038543,6.88771898847083,5.9));
#7203=CARTESIAN_POINT('Ctrl Pts',(14.2798348941814,6.83093781356107,5.9));
#7204=CARTESIAN_POINT('Ctrl Pts',(14.2778916917785,6.77428022345027,5.9));
#7205=CARTESIAN_POINT('Ctrl Pts',(14.2723128539277,6.71807743245911,5.9));
#7206=CARTESIAN_POINT('Ctrl Pts',(14.2690017040001,6.68471997122829,5.9));
#7207=CARTESIAN_POINT('Ctrl Pts',(14.2644089853415,6.65152221177408,5.9));
#7208=CARTESIAN_POINT('Ctrl Pts',(14.2585135944343,6.61855072331984,5.9));
#7209=CARTESIAN_POINT('Ctrl Pts',(14.2488425267019,6.56446279207025,5.9));
#7210=CARTESIAN_POINT('Ctrl Pts',(14.2356688187727,6.51098330578463,5.9));
#7211=CARTESIAN_POINT('Ctrl Pts',(14.2192189171347,6.45831706232421,5.9));
#7212=CARTESIAN_POINT('Ctrl Pts',(14.2142954920356,6.44255415318166,5.9));
#7213=CARTESIAN_POINT('Ctrl Pts',(14.209078234784,6.42686412596569,5.9));
#7214=CARTESIAN_POINT('Ctrl Pts',(14.2035723416277,6.41125260547674,5.9));
#7215=CARTESIAN_POINT('Ctrl Pts',(14.1984826922791,6.39682131107441,5.9));
#7216=CARTESIAN_POINT('Ctrl Pts',(14.1931437656465,6.382450865996,5.9));
#7217=CARTESIAN_POINT('Ctrl Pts',(14.187573283681,6.36817991890678,5.9));
#7218=CARTESIAN_POINT('Ctrl Pts',(14.1669404311563,6.31532087573851,5.9));
#7219=CARTESIAN_POINT('Ctrl Pts',(14.1431135310297,6.26375667176442,5.9));
#7220=CARTESIAN_POINT('Ctrl Pts',(14.1163759528224,6.21369816439333,5.9));
#7221=CARTESIAN_POINT('Ctrl Pts',(14.0890046126325,6.16245311803827,5.9));
#7222=CARTESIAN_POINT('Ctrl Pts',(14.0585826311751,6.1127850857218,5.9));
#7223=CARTESIAN_POINT('Ctrl Pts',(14.0253586621085,6.06492588128973,5.9));
#7224=CARTESIAN_POINT('Ctrl Pts',(14.0051860757479,6.0358672238903,5.9));
#7225=CARTESIAN_POINT('Ctrl Pts',(13.9839794726352,6.00747556614031,5.9));
#7226=CARTESIAN_POINT('Ctrl Pts',(13.9617858073483,5.97980600732625,5.9));
#7227=CARTESIAN_POINT('Ctrl Pts',(13.9495671543876,5.96457261832301,5.9));
#7228=CARTESIAN_POINT('Ctrl Pts',(13.9370492119401,5.94955815225445,5.9));
#7229=CARTESIAN_POINT('Ctrl Pts',(13.9242390641501,5.93477227921357,5.9));
#7230=CARTESIAN_POINT('Ctrl Pts',(13.9165247573616,5.92586818515907,5.9));
#7231=CARTESIAN_POINT('Ctrl Pts',(13.9087031247759,5.91704551500422,5.9));
#7232=CARTESIAN_POINT('Ctrl Pts',(13.9007799163154,5.90831116728189,5.9));
#7233=CARTESIAN_POINT('Ctrl Pts',(13.8601775460825,5.86355212531881,5.9));
#7234=CARTESIAN_POINT('Ctrl Pts',(13.8170395005256,5.8212499075391,5.9));
#7235=CARTESIAN_POINT('Ctrl Pts',(13.7716263425757,5.78165560792371,5.9));
#7236=CARTESIAN_POINT('Ctrl Pts',(13.7420971186622,5.75591000925103,5.9));
#7237=CARTESIAN_POINT('Ctrl Pts',(13.7116048944025,5.73130963378084,5.9));
#7238=CARTESIAN_POINT('Ctrl Pts',(13.6802111290734,5.70792953669714,5.9));
#7239=CARTESIAN_POINT('Ctrl Pts',(13.6672509639443,5.69827762282946,5.9));
#7240=CARTESIAN_POINT('Ctrl Pts',(13.6541370676921,5.68883374469885,5.9));
#7241=CARTESIAN_POINT('Ctrl Pts',(13.6408734228386,5.67960350585737,5.9));
#7242=CARTESIAN_POINT('Ctrl Pts',(13.631153323031,5.67283923828397,5.9));
#7243=CARTESIAN_POINT('Ctrl Pts',(13.6213536538944,5.66619040448895,5.9));
#7244=CARTESIAN_POINT('Ctrl Pts',(13.6114845295143,5.65966459347419,5.9));
#7245=CARTESIAN_POINT('Ctrl Pts',(13.5607426197318,5.62611226390434,5.9));
#7246=CARTESIAN_POINT('Ctrl Pts',(13.508109289498,5.59576818342674,5.9));
#7247=CARTESIAN_POINT('Ctrl Pts',(13.4538210551265,5.56889946781707,5.9));
#7248=CARTESIAN_POINT('Ctrl Pts',(13.4283722289847,5.55630415540514,5.9));
#7249=CARTESIAN_POINT('Ctrl Pts',(13.4025591737987,5.54447301055394,5.9));
#7250=CARTESIAN_POINT('Ctrl Pts',(13.3764035640664,5.53343647501037,5.9));
#7251=CARTESIAN_POINT('Ctrl Pts',(13.3539496647269,5.52396190107809,5.9));
#7252=CARTESIAN_POINT('Ctrl Pts',(13.3312432787985,5.51507295835758,5.9));
#7253=CARTESIAN_POINT('Ctrl Pts',(13.308305536328,5.50676388195659,5.9));
#7254=CARTESIAN_POINT('Ctrl Pts',(12.5102816899249,5.50915057178127,5.9));
#7255=CARTESIAN_POINT('Ctrl Pts',(12.4545456923732,5.52951627588358,5.9));
#7256=CARTESIAN_POINT('Ctrl Pts',(12.4002808619364,5.55328137578378,5.9));
#7257=CARTESIAN_POINT('Ctrl Pts',(12.3476678319183,5.58017172782396,5.9));
#7258=CARTESIAN_POINT('Ctrl Pts',(12.2937632427986,5.60772219160663,5.9));
#7259=CARTESIAN_POINT('Ctrl Pts',(12.2415917336203,5.63855399354941,5.9));
#7260=CARTESIAN_POINT('Ctrl Pts',(12.1913788025468,5.67241664201781,5.9));
#7261=CARTESIAN_POINT('Ctrl Pts',(12.1549170112495,5.69700578260036,5.9));
#7262=CARTESIAN_POINT('Ctrl Pts',(12.1194885666466,5.72319402005149,5.9));
#7263=CARTESIAN_POINT('Ctrl Pts',(12.0851934513166,5.75089595966176,5.9));
#7264=CARTESIAN_POINT('Ctrl Pts',(12.0637785940214,5.76819384823417,5.9));
#7265=CARTESIAN_POINT('Ctrl Pts',(12.0428058747519,5.78608210479567,5.9));
#7266=CARTESIAN_POINT('Ctrl Pts',(12.0223023268735,5.80454113022077,5.9));
#7267=CARTESIAN_POINT('Ctrl Pts',(12.0128619647246,5.81304014151192,5.9));
#7268=CARTESIAN_POINT('Ctrl Pts',(12.0035191505958,5.82166217198609,5.9));
#7269=CARTESIAN_POINT('Ctrl Pts',(11.9942935835283,5.83038885304175,5.9));
#7270=CARTESIAN_POINT('Ctrl Pts',(11.9512957792584,5.8710614882533,5.9));
#7271=CARTESIAN_POINT('Ctrl Pts',(11.910760374102,5.91407577240024,5.9));
#7272=CARTESIAN_POINT('Ctrl Pts',(11.8728954025569,5.95919285888402,5.9));
#7273=CARTESIAN_POINT('Ctrl Pts',(11.8517556845843,5.98438137600412,5.9));
#7274=CARTESIAN_POINT('Ctrl Pts',(11.8314490261129,6.01022592366455,5.9));
#7275=CARTESIAN_POINT('Ctrl Pts',(11.8120177392694,6.03668851315691,5.9));
#7276=CARTESIAN_POINT('',(11.8113955317821,133.671736253716,5.9));
#7277=CARTESIAN_POINT('Ctrl Pts',(11.8105309814078,133.673215108147,5.9));
#7278=CARTESIAN_POINT('Ctrl Pts',(11.8399787141461,133.712052921582,5.9));
#7279=CARTESIAN_POINT('Ctrl Pts',(11.8716956580769,133.749073710405,5.9));
#7280=CARTESIAN_POINT('Ctrl Pts',(11.905676138743,133.783999470051,5.9));
#7281=CARTESIAN_POINT('Ctrl Pts',(11.9196934155181,133.798406683544,5.9));
#7282=CARTESIAN_POINT('Ctrl Pts',(11.9340961712777,133.812456938932,5.9));
#7283=CARTESIAN_POINT('Ctrl Pts',(11.9488672569219,133.826142745313,5.9));
#7284=CARTESIAN_POINT('Ctrl Pts',(13.8669116845045,133.825011298936,5.9));
#7285=CARTESIAN_POINT('Ctrl Pts',(13.9037836695777,133.790577765163,5.9));
#7286=CARTESIAN_POINT('Ctrl Pts',(13.9382772271266,133.753905062955,5.9));
#7287=CARTESIAN_POINT('Ctrl Pts',(13.9703905682539,133.71531324787,5.9));
#7288=CARTESIAN_POINT('Ctrl Pts',(14.0039452950321,133.6749892652,5.9));
#7289=CARTESIAN_POINT('Ctrl Pts',(14.0349019612792,133.632569570714,5.9));
#7290=CARTESIAN_POINT('Ctrl Pts',(14.0632304988275,133.5883695669,5.9));
#7291=CARTESIAN_POINT('Ctrl Pts',(14.0859538345112,133.552915159055,5.9));
#7292=CARTESIAN_POINT('Ctrl Pts',(14.1069857227499,133.516314104635,5.9));
#7293=CARTESIAN_POINT('Ctrl Pts',(14.1262943958805,133.478711237929,5.9));
#7294=CARTESIAN_POINT('Ctrl Pts',(14.1344440265166,133.462840159039,5.9));
#7295=CARTESIAN_POINT('Ctrl Pts',(14.1422864849743,133.446790448267,5.9));
#7296=CARTESIAN_POINT('Ctrl Pts',(14.1498184973893,133.430572357345,5.9));
#7297=CARTESIAN_POINT('Ctrl Pts',(14.1541146683611,133.421321749725,5.9));
#7298=CARTESIAN_POINT('Ctrl Pts',(14.1583100461272,133.412015594378,5.9));
#7299=CARTESIAN_POINT('Ctrl Pts',(14.162397655313,133.40267090368,5.9));
#7300=CARTESIAN_POINT('Ctrl Pts',(14.1842134804412,133.352797706685,5.9));
#7301=CARTESIAN_POINT('Ctrl Pts',(14.2030092470999,133.301731579861,5.9));
#7302=CARTESIAN_POINT('Ctrl Pts',(14.2187577313134,133.249804265345,5.9));
#7303=CARTESIAN_POINT('Ctrl Pts',(14.2347961092602,133.196921087212,5.9));
#7304=CARTESIAN_POINT('Ctrl Pts',(14.2476745808348,133.143143800028,5.9));
#7305=CARTESIAN_POINT('Ctrl Pts',(14.2573236946563,133.088788200233,5.9));
#7306=CARTESIAN_POINT('Ctrl Pts',(14.264225455655,133.049909048669,5.9));
#7307=CARTESIAN_POINT('Ctrl Pts',(14.2694741898931,133.01073324916,5.9));
#7308=CARTESIAN_POINT('Ctrl Pts',(14.2730294751657,132.971369982549,5.9));
#7309=CARTESIAN_POINT('Ctrl Pts',(14.2745392666242,132.954653933301,5.9));
#7310=CARTESIAN_POINT('Ctrl Pts',(14.2757435018494,132.937904033534,5.9));
#7311=CARTESIAN_POINT('Ctrl Pts',(14.2766383276917,132.921128513317,5.9));
#7312=CARTESIAN_POINT('Ctrl Pts',(14.2771710360009,132.911141699582,5.9));
#7313=CARTESIAN_POINT('Ctrl Pts',(14.2775937264864,132.90115133387,5.9));
#7314=CARTESIAN_POINT('Ctrl Pts',(14.2779058022399,132.891166885899,5.9));
#7315=CARTESIAN_POINT('Ctrl Pts',(14.2796812206325,132.834364739717,5.9));
#7316=CARTESIAN_POINT('Ctrl Pts',(14.2778844410151,132.777680752075,5.9));
#7317=CARTESIAN_POINT('Ctrl Pts',(14.2724558828801,132.7214475175,5.9));
#7318=CARTESIAN_POINT('Ctrl Pts',(14.2691182374875,132.686873586149,5.9));
#7319=CARTESIAN_POINT('Ctrl Pts',(14.2644068410639,132.652469500448,5.9));
#7320=CARTESIAN_POINT('Ctrl Pts',(14.2582985392709,132.618309494455,5.9));
#7321=CARTESIAN_POINT('Ctrl Pts',(14.2486246020514,132.564209064485,5.9));
#7322=CARTESIAN_POINT('Ctrl Pts',(14.235449743476,132.51072035183,5.9));
#7323=CARTESIAN_POINT('Ctrl Pts',(14.2189999315082,132.458047670592,5.9));
#7324=CARTESIAN_POINT('Ctrl Pts',(14.2140798823768,132.442293558625,5.9));
#7325=CARTESIAN_POINT('Ctrl Pts',(14.2088665116597,132.426612479258,5.9));
#7326=CARTESIAN_POINT('Ctrl Pts',(14.2033649923593,132.411010033632,5.9));
#7327=CARTESIAN_POINT('Ctrl Pts',(14.1982776994783,132.396582344439,5.9));
#7328=CARTESIAN_POINT('Ctrl Pts',(14.1929413845458,132.382215661338,5.9));
#7329=CARTESIAN_POINT('Ctrl Pts',(14.1873737461888,132.367948603808,5.9));
#7330=CARTESIAN_POINT('Ctrl Pts',(14.166743987144,132.315084904649,5.9));
#7331=CARTESIAN_POINT('Ctrl Pts',(14.1429210619546,132.263518738388,5.9));
#7332=CARTESIAN_POINT('Ctrl Pts',(14.1161878460429,132.213460431697,5.9));
#7333=CARTESIAN_POINT('Ctrl Pts',(14.088823915594,132.162221103543,5.9));
#7334=CARTESIAN_POINT('Ctrl Pts',(14.0584104061345,132.112560717092,5.9));
#7335=CARTESIAN_POINT('Ctrl Pts',(14.0251953668529,132.064710493588,5.9));
#7336=CARTESIAN_POINT('Ctrl Pts',(14.0050311019674,132.035661466328,5.9));
#7337=CARTESIAN_POINT('Ctrl Pts',(13.9838332866596,132.00727973995,5.9));
#7338=CARTESIAN_POINT('Ctrl Pts',(13.9616487220816,131.979620263373,5.9));
#7339=CARTESIAN_POINT('Ctrl Pts',(13.9494333379328,131.964390253762,5.9));
#7340=CARTESIAN_POINT('Ctrl Pts',(13.9369186738881,131.949379275291,5.9));
#7341=CARTESIAN_POINT('Ctrl Pts',(13.9241117918158,131.934596977225,5.9));
#7342=CARTESIAN_POINT('Ctrl Pts',(13.9164005952807,131.92569635606,5.9));
#7343=CARTESIAN_POINT('Ctrl Pts',(13.9085820868045,131.916877151697,5.9));
#7344=CARTESIAN_POINT('Ctrl Pts',(13.9006620556266,131.908146306319,5.9));
#7345=CARTESIAN_POINT('Ctrl Pts',(13.8600728404078,131.863401765029,5.9));
#7346=CARTESIAN_POINT('Ctrl Pts',(13.8169480379267,131.821114355059,5.9));
#7347=CARTESIAN_POINT('Ctrl Pts',(13.7715475164607,131.78153449494,5.9));
#7348=CARTESIAN_POINT('Ctrl Pts',(13.7420299360292,131.755801272792,5.9));
#7349=CARTESIAN_POINT('Ctrl Pts',(13.7115493228843,131.731212853166,5.9));
#7350=CARTESIAN_POINT('Ctrl Pts',(13.6801669267256,131.707844082969,5.9));
#7351=CARTESIAN_POINT('Ctrl Pts',(13.6671856332416,131.698177617006,5.9));
#7352=CARTESIAN_POINT('Ctrl Pts',(13.6540499539149,131.68871990918,5.9));
#7353=CARTESIAN_POINT('Ctrl Pts',(13.6407638802022,131.679476581928,5.9));
#7354=CARTESIAN_POINT('Ctrl Pts',(13.6310443417554,131.672714548499,5.9));
#7355=CARTESIAN_POINT('Ctrl Pts',(13.6212452287143,131.666067986024,5.9));
#7356=CARTESIAN_POINT('Ctrl Pts',(13.611376583651,131.659544429764,5.9));
#7357=CARTESIAN_POINT('Ctrl Pts',(13.560644881614,131.626008811628,5.9));
#7358=CARTESIAN_POINT('Ctrl Pts',(13.50802054165,131.595680210474,5.9));
#7359=CARTESIAN_POINT('Ctrl Pts',(13.4537393577522,131.568825073735,5.9));
#7360=CARTESIAN_POINT('Ctrl Pts',(13.428332391581,131.556255201421,5.9));
#7361=CARTESIAN_POINT('Ctrl Pts',(13.4025618740413,131.544446767025,5.9));
#7362=CARTESIAN_POINT('Ctrl Pts',(13.3764493080315,131.533430003794,5.9));
#7363=CARTESIAN_POINT('Ctrl Pts',(13.3539981379875,131.523957965522,5.9));
#7364=CARTESIAN_POINT('Ctrl Pts',(13.3312940843513,131.515071175501,5.9));
#7365=CARTESIAN_POINT('Ctrl Pts',(13.3083583047668,131.506763898304,5.9));
#7366=CARTESIAN_POINT('',(11.8113955317821,132.033820170337,5.9));
#7367=CARTESIAN_POINT('Ctrl Pts',(12.5102816899249,131.509150571781,5.9));
#7368=CARTESIAN_POINT('Ctrl Pts',(12.4545606817865,131.529510798814,5.9));
#7369=CARTESIAN_POINT('Ctrl Pts',(12.4003107628712,131.553273205856,5.9));
#7370=CARTESIAN_POINT('Ctrl Pts',(12.3477122335625,131.580162760671,5.9));
#7371=CARTESIAN_POINT('Ctrl Pts',(12.2938083181482,131.607719658314,5.9));
#7372=CARTESIAN_POINT('Ctrl Pts',(12.2416379634592,131.638561612604,5.9));
#7373=CARTESIAN_POINT('Ctrl Pts',(12.1914264629515,131.672436985339,5.9));
#7374=CARTESIAN_POINT('Ctrl Pts',(12.1549621300553,131.697037781091,5.9));
#7375=CARTESIAN_POINT('Ctrl Pts',(12.1195314922956,131.723239345267,5.9));
#7376=CARTESIAN_POINT('Ctrl Pts',(12.0852344827028,131.750955821927,5.9));
#7377=CARTESIAN_POINT('Ctrl Pts',(12.0638250114098,131.768257479373,5.9));
#7378=CARTESIAN_POINT('Ctrl Pts',(12.042857523604,131.786149614421,5.9));
#7379=CARTESIAN_POINT('Ctrl Pts',(12.0223590159638,131.804612532752,5.9));
#7380=CARTESIAN_POINT('Ctrl Pts',(12.0129082470008,131.813124800016,5.9));
#7381=CARTESIAN_POINT('Ctrl Pts',(12.0035552343477,131.821760435588,5.9));
#7382=CARTESIAN_POINT('Ctrl Pts',(11.9943197310072,131.830501001506,5.9));
#7383=CARTESIAN_POINT('Ctrl Pts',(11.9513231285831,131.871193384355,5.9));
#7384=CARTESIAN_POINT('Ctrl Pts',(11.9107891302428,131.914228357584,5.9));
#7385=CARTESIAN_POINT('Ctrl Pts',(11.8729256035584,131.959365959593,5.9));
#7386=CARTESIAN_POINT('Ctrl Pts',(11.8517859903109,131.984566767149,5.9));
#7387=CARTESIAN_POINT('Ctrl Pts',(11.8314795038162,132.010423595006,5.9));
#7388=CARTESIAN_POINT('Ctrl Pts',(11.8120484317224,132.036898255545,5.9));
#7389=CARTESIAN_POINT('Ctrl Pts',(11.8120484317224,132.036898255545,5.9));
#7390=CARTESIAN_POINT('Ctrl Pts',(11.7837443002645,132.07546237947,5.9));
#7391=CARTESIAN_POINT('Ctrl Pts',(11.7572964237402,132.115337395725,5.9));
#7392=CARTESIAN_POINT('Ctrl Pts',(11.7328548308552,132.156411169317,5.9));
#7393=CARTESIAN_POINT('Ctrl Pts',(11.7127516500289,132.190194298823,5.9));
#7394=CARTESIAN_POINT('Ctrl Pts',(11.6940060846031,132.22478860675,5.9));
#7395=CARTESIAN_POINT('Ctrl Pts',(11.6767146944452,132.260133148191,5.9));
#7396=CARTESIAN_POINT('Ctrl Pts',(11.672390985382,132.268971044552,5.9));
#7397=CARTESIAN_POINT('Ctrl Pts',(11.6681586480329,132.277855258016,5.9));
#7398=CARTESIAN_POINT('Ctrl Pts',(11.6640243444465,132.286773256495,5.9));
#7399=CARTESIAN_POINT('Ctrl Pts',(11.6405540720952,132.337400369082,5.9));
#7400=CARTESIAN_POINT('Ctrl Pts',(11.6201905584406,132.38921358085,5.9));
#7401=CARTESIAN_POINT('Ctrl Pts',(11.6031458878327,132.44202173495,5.9));
#7402=CARTESIAN_POINT('Ctrl Pts',(11.5914045328523,132.478399045923,5.9));
#7403=CARTESIAN_POINT('Ctrl Pts',(11.5812389884904,132.515248871285,5.9));
#7404=CARTESIAN_POINT('Ctrl Pts',(11.5727328919954,132.552510949412,5.9));
#7405=CARTESIAN_POINT('Ctrl Pts',(11.5618587682202,132.600146483516,5.9));
#7406=CARTESIAN_POINT('Ctrl Pts',(11.5536960290331,132.648456323919,5.9));
#7407=CARTESIAN_POINT('Ctrl Pts',(11.5482046282681,132.697222592814,5.9));
#7408=CARTESIAN_POINT('Ctrl Pts',(11.5455114119502,132.72113964363,5.9));
#7409=CARTESIAN_POINT('Ctrl Pts',(11.543461168287,132.745166388023,5.9));
#7410=CARTESIAN_POINT('Ctrl Pts',(11.5420515183337,132.769276263349,5.9));
#7411=CARTESIAN_POINT('Ctrl Pts',(11.5412419131057,132.78312330464,5.9));
#7412=CARTESIAN_POINT('Ctrl Pts',(11.5406436513092,132.79700290316,5.9));
#7413=CARTESIAN_POINT('Ctrl Pts',(11.5402568887828,132.810879093966,5.9));
#7414=CARTESIAN_POINT('Ctrl Pts',(11.5387080440754,132.86644824356,5.9));
#7415=CARTESIAN_POINT('Ctrl Pts',(11.5405395052886,132.922045923216,5.9));
#7416=CARTESIAN_POINT('Ctrl Pts',(11.5456477957249,132.977356277603,5.9));
#7417=CARTESIAN_POINT('Ctrl Pts',(11.5507659322803,133.0327732415,5.9));
#7418=CARTESIAN_POINT('Ctrl Pts',(11.5591739728696,133.087902922714,5.9));
#7419=CARTESIAN_POINT('Ctrl Pts',(11.5708172713202,133.142412291504,5.9));
#7420=CARTESIAN_POINT('Ctrl Pts',(11.5810412996954,133.190277192983,5.9));
#7421=CARTESIAN_POINT('Ctrl Pts',(11.5937608362324,133.237664039776,5.9));
#7422=CARTESIAN_POINT('Ctrl Pts',(11.6089663269926,133.284327174643,5.9));
#7423=CARTESIAN_POINT('Ctrl Pts',(11.6139932391056,133.299753936041,5.9));
#7424=CARTESIAN_POINT('Ctrl Pts',(11.6192943314451,133.315107144534,5.9));
#7425=CARTESIAN_POINT('Ctrl Pts',(11.6248577666243,133.330345863766,5.9));
#7426=CARTESIAN_POINT('Ctrl Pts',(11.6433526283757,133.38100485347,5.9));
#7427=CARTESIAN_POINT('Ctrl Pts',(11.6647587335235,133.430455046845,5.9));
#7428=CARTESIAN_POINT('Ctrl Pts',(11.689034621958,133.478377039431,5.9));
#7429=CARTESIAN_POINT('Ctrl Pts',(11.6998503274113,133.499727860759,5.9));
#7430=CARTESIAN_POINT('Ctrl Pts',(11.7112362139813,133.520774907061,5.9));
#7431=CARTESIAN_POINT('Ctrl Pts',(11.7231910219992,133.541487510242,5.9));
#7432=CARTESIAN_POINT('Ctrl Pts',(11.7327792466062,133.558099829837,5.9));
#7433=CARTESIAN_POINT('Ctrl Pts',(11.7427334685571,133.574496986268,5.9));
#7434=CARTESIAN_POINT('Ctrl Pts',(11.7530536610819,133.590662305447,5.9));
#7435=CARTESIAN_POINT('Ctrl Pts',(11.7597873091021,133.601209741382,5.9));
#7436=CARTESIAN_POINT('Ctrl Pts',(11.7666721664649,133.611651190683,5.9));
#7437=CARTESIAN_POINT('Ctrl Pts',(11.7737058232313,133.621979666178,5.9));
#7438=CARTESIAN_POINT('Ctrl Pts',(11.7855573858783,133.639382928584,5.9));
#7439=CARTESIAN_POINT('Ctrl Pts',(11.7978330733906,133.656468182773,5.9));
#7440=CARTESIAN_POINT('Ctrl Pts',(11.8105309814078,133.673215108147,5.9));
#7441=CARTESIAN_POINT('',(11.8113955317821,9.093,5.9));
#7442=CARTESIAN_POINT('',(11.8113955317821,130.393,5.9));
#7443=CARTESIAN_POINT('',(11.8113955317821,6.5465,5.9));
#7444=CARTESIAN_POINT('',(88.3113955317821,130.393,5.9));
#7445=CARTESIAN_POINT('',(7.1863955317821,130.393,5.9));
#7446=CARTESIAN_POINT('',(88.3113955317821,9.093,5.9));
#7447=CARTESIAN_POINT('',(88.3113955317821,67.1965,5.9));
#7448=CARTESIAN_POINT('',(45.4363955317821,9.093,5.9));
#7449=CARTESIAN_POINT('Ctrl Pts',(86.810281689925,131.509150571781,5.9));
#7450=CARTESIAN_POINT('Ctrl Pts',(86.7528442275657,131.530137984121,5.9));
#7451=CARTESIAN_POINT('Ctrl Pts',(86.6969699885207,131.554741948099,5.9));
#7452=CARTESIAN_POINT('Ctrl Pts',(86.6428568088764,131.58266157202,5.9));
#7453=CARTESIAN_POINT('Ctrl Pts',(86.5890596177961,131.610418162057,5.9));
#7454=CARTESIAN_POINT('Ctrl Pts',(86.5370022910022,131.641452832998,5.9));
#7455=CARTESIAN_POINT('Ctrl Pts',(86.486911151245,131.675514696734,5.9));
#7456=CARTESIAN_POINT('Ctrl Pts',(86.4490853536381,131.70123615506,5.9));
#7457=CARTESIAN_POINT('Ctrl Pts',(86.4123813266424,131.728684828143,5.9));
#7458=CARTESIAN_POINT('Ctrl Pts',(86.3769122784023,131.757764501529,5.9));
#7459=CARTESIAN_POINT('Ctrl Pts',(86.3585006358628,131.772859480901,5.9));
#7460=CARTESIAN_POINT('Ctrl Pts',(86.3404220067387,131.788394081146,5.9));
#7461=CARTESIAN_POINT('Ctrl Pts',(86.3226939270321,131.804355577081,5.9));
#7462=CARTESIAN_POINT('Ctrl Pts',(86.3133561974775,131.812762812088,5.9));
#7463=CARTESIAN_POINT('Ctrl Pts',(86.3041143660057,131.821289974927,5.9));
#7464=CARTESIAN_POINT('Ctrl Pts',(86.2949872257359,131.82991948201,5.9));
#7465=CARTESIAN_POINT('Ctrl Pts',(86.2519607795286,131.870600025022,5.9));
#7466=CARTESIAN_POINT('Ctrl Pts',(86.2113965974688,131.913625428512,5.9));
#7467=CARTESIAN_POINT('Ctrl Pts',(86.1735023446365,131.958755135026,5.9));
#7468=CARTESIAN_POINT('Ctrl Pts',(86.1363791544303,132.002966553741,5.9));
#7469=CARTESIAN_POINT('Ctrl Pts',(86.1018179003417,132.049198451652,5.9));
#7470=CARTESIAN_POINT('Ctrl Pts',(86.0700568914995,132.097247639156,5.9));
#7471=CARTESIAN_POINT('Ctrl Pts',(86.0470672133861,132.132027244546,5.9));
#7472=CARTESIAN_POINT('Ctrl Pts',(86.0255455408134,132.167759498942,5.9));
#7473=CARTESIAN_POINT('Ctrl Pts',(86.0055987706271,132.204371059222,5.9));
#7474=CARTESIAN_POINT('Ctrl Pts',(85.9951745165314,132.223504392771,5.9));
#7475=CARTESIAN_POINT('Ctrl Pts',(85.9851806342915,132.242877909765,5.9));
#7476=CARTESIAN_POINT('Ctrl Pts',(85.9756340674804,132.262481227703,5.9));
#7477=CARTESIAN_POINT('Ctrl Pts',(85.9711942424027,132.271598149451,5.9));
#7478=CARTESIAN_POINT('Ctrl Pts',(85.9668534436373,132.28076026711,5.9));
#7479=CARTESIAN_POINT('Ctrl Pts',(85.9626163270789,132.289959130149,5.9));
#7480=CARTESIAN_POINT('Ctrl Pts',(85.9392777950277,132.340627540352,5.9));
#7481=CARTESIAN_POINT('Ctrl Pts',(85.9190482505548,132.392476633682,5.9));
#7482=CARTESIAN_POINT('Ctrl Pts',(85.9021405625421,132.445315295384,5.9));
#7483=CARTESIAN_POINT('Ctrl Pts',(85.8908292874135,132.480664459592,5.9));
#7484=CARTESIAN_POINT('Ctrl Pts',(85.8810056951663,132.516456882363,5.9));
#7485=CARTESIAN_POINT('Ctrl Pts',(85.8727464912387,132.55263730498,5.9));
#7486=CARTESIAN_POINT('Ctrl Pts',(85.8605213050213,132.606191183512,5.9));
#7487=CARTESIAN_POINT('Ctrl Pts',(85.8517219601135,132.660596086117,5.9));
#7488=CARTESIAN_POINT('Ctrl Pts',(85.8462940156964,132.715541996644,5.9));
#7489=CARTESIAN_POINT('Ctrl Pts',(85.8446170391585,132.732517668413,5.9));
#7490=CARTESIAN_POINT('Ctrl Pts',(85.8432621825877,132.749544890524,5.9));
#7491=CARTESIAN_POINT('Ctrl Pts',(85.8422286590384,132.766614207469,5.9));
#7492=CARTESIAN_POINT('Ctrl Pts',(85.8413224476022,132.781580881652,5.9));
#7493=CARTESIAN_POINT('Ctrl Pts',(85.8406632839222,132.796586475474,5.9));
#7494=CARTESIAN_POINT('Ctrl Pts',(85.8402513183392,132.811588563703,5.9));
#7495=CARTESIAN_POINT('Ctrl Pts',(85.8387229821893,132.867244265806,5.9));
#7496=CARTESIAN_POINT('Ctrl Pts',(85.8405851835467,132.922926480584,5.9));
#7497=CARTESIAN_POINT('Ctrl Pts',(85.8457342305825,132.978318093403,5.9));
#7498=CARTESIAN_POINT('Ctrl Pts',(85.8508771555504,133.033643847197,5.9));
#7499=CARTESIAN_POINT('Ctrl Pts',(85.859299569563,133.088680828653,5.9));
#7500=CARTESIAN_POINT('Ctrl Pts',(85.8709473301866,133.143097698386,5.9));
#7501=CARTESIAN_POINT('Ctrl Pts',(85.8783915981372,133.177876380092,5.9));
#7502=CARTESIAN_POINT('Ctrl Pts',(85.8871542884986,133.212401403097,5.9));
#7503=CARTESIAN_POINT('Ctrl Pts',(85.8972305393349,133.246579764249,5.9));
#7504=CARTESIAN_POINT('Ctrl Pts',(85.9024243336966,133.26419696953,5.9));
#7505=CARTESIAN_POINT('Ctrl Pts',(85.9079672364955,133.281721972651,5.9));
#7506=CARTESIAN_POINT('Ctrl Pts',(85.9138592605557,133.299141322763,5.9));
#7507=CARTESIAN_POINT('Ctrl Pts',(85.9174126562147,133.309646684322,5.9));
#7508=CARTESIAN_POINT('Ctrl Pts',(85.9210929328695,133.320112957384,5.9));
#7509=CARTESIAN_POINT('Ctrl Pts',(85.9248952514527,133.330524697573,5.9));
#7510=CARTESIAN_POINT('Ctrl Pts',(85.9432812506602,133.38087035975,5.9));
#7511=CARTESIAN_POINT('Ctrl Pts',(85.9645434934302,133.430021479679,5.9));
#7512=CARTESIAN_POINT('Ctrl Pts',(85.9886412286794,133.477664746958,5.9));
#7513=CARTESIAN_POINT('Ctrl Pts',(86.0037741944648,133.507583904346,5.9));
#7514=CARTESIAN_POINT('Ctrl Pts',(86.0200261837699,133.536907875017,5.9));
#7515=CARTESIAN_POINT('Ctrl Pts',(86.0373944531575,133.565551472119,5.9));
#7516=CARTESIAN_POINT('Ctrl Pts',(86.0437476320779,133.576029078912,5.9));
#7517=CARTESIAN_POINT('Ctrl Pts',(86.0502516069722,133.586417707567,5.9));
#7518=CARTESIAN_POINT('Ctrl Pts',(86.0569018337978,133.596705904063,5.9));
#7519=CARTESIAN_POINT('Ctrl Pts',(86.0848060258026,133.639874929413,5.9));
#7520=CARTESIAN_POINT('Ctrl Pts',(86.1152376810739,133.6812118625,5.9));
#7521=CARTESIAN_POINT('Ctrl Pts',(86.1481723219395,133.720418297782,5.9));
#7522=CARTESIAN_POINT('Ctrl Pts',(86.1665561426285,133.742302977776,5.9));
#7523=CARTESIAN_POINT('Ctrl Pts',(86.1857204337653,133.763523192966,5.9));
#7524=CARTESIAN_POINT('Ctrl Pts',(86.2056650451234,133.784021198699,5.9));
#7525=CARTESIAN_POINT('Ctrl Pts',(86.2196821310432,133.798427210547,5.9));
#7526=CARTESIAN_POINT('Ctrl Pts',(86.2340847249225,133.812476392855,5.9));
#7527=CARTESIAN_POINT('Ctrl Pts',(86.248855675774,133.826161245771,5.9));
#7528=CARTESIAN_POINT('Ctrl Pts',(88.1669116845046,133.825011298936,5.9));
#7529=CARTESIAN_POINT('Ctrl Pts',(88.203778290071,133.790582788907,5.9));
#7530=CARTESIAN_POINT('Ctrl Pts',(88.2382661617502,133.753914653558,5.9));
#7531=CARTESIAN_POINT('Ctrl Pts',(88.2703737495585,133.715327066034,5.9));
#7532=CARTESIAN_POINT('Ctrl Pts',(88.3039239702915,133.675005691327,5.9));
#7533=CARTESIAN_POINT('Ctrl Pts',(88.3348758230798,133.63258804654,5.9));
#7534=CARTESIAN_POINT('Ctrl Pts',(88.3631995035135,133.588389713575,5.9));
#7535=CARTESIAN_POINT('Ctrl Pts',(88.3859220907914,133.55293173414,5.9));
#7536=CARTESIAN_POINT('Ctrl Pts',(88.406952733828,133.516326546716,5.9));
#7537=CARTESIAN_POINT('Ctrl Pts',(88.4262597878702,133.478719136305,5.9));
#7538=CARTESIAN_POINT('Ctrl Pts',(88.4343985626478,133.462865954218,5.9));
#7539=CARTESIAN_POINT('Ctrl Pts',(88.4422308650427,133.446834512809,5.9));
#7540=CARTESIAN_POINT('Ctrl Pts',(88.449753442741,133.430635036614,5.9));
#7541=CARTESIAN_POINT('Ctrl Pts',(88.4540620325827,133.421356714558,5.9));
#7542=CARTESIAN_POINT('Ctrl Pts',(88.4582692456275,133.412022457213,5.9));
#7543=CARTESIAN_POINT('Ctrl Pts',(88.4623680497658,133.40264942123,5.9));
#7544=CARTESIAN_POINT('Ctrl Pts',(88.4841775637392,133.352776006361,5.9));
#7545=CARTESIAN_POINT('Ctrl Pts',(88.5029673387625,133.301709551199,5.9));
#7546=CARTESIAN_POINT('Ctrl Pts',(88.5187104190314,133.249781981834,5.9));
#7547=CARTESIAN_POINT('Ctrl Pts',(88.5347443450826,133.196895075777,5.9));
#7548=CARTESIAN_POINT('Ctrl Pts',(88.5476185594194,133.143114019646,5.9));
#7549=CARTESIAN_POINT('Ctrl Pts',(88.5572638855218,133.088754865121,5.9));
#7550=CARTESIAN_POINT('Ctrl Pts',(88.5641635726128,133.049869590245,5.9));
#7551=CARTESIAN_POINT('Ctrl Pts',(88.5694101688132,133.010687722225,5.9));
#7552=CARTESIAN_POINT('Ctrl Pts',(88.5729633429157,132.97131856495,5.9));
#7553=CARTESIAN_POINT('Ctrl Pts',(88.5744709408358,132.954614384994,5.9));
#7554=CARTESIAN_POINT('Ctrl Pts',(88.5756735123403,132.937876444695,5.9));
#7555=CARTESIAN_POINT('Ctrl Pts',(88.5765672212956,132.921112962367,5.9));
#7556=CARTESIAN_POINT('Ctrl Pts',(88.5770989757477,132.911138734955,5.9));
#7557=CARTESIAN_POINT('Ctrl Pts',(88.5775210295974,132.901160901358,5.9));
#7558=CARTESIAN_POINT('Ctrl Pts',(88.5778327834767,132.891189011429,5.9));
#7559=CARTESIAN_POINT('Ctrl Pts',(88.5796087691303,132.834381591749,5.9));
#7560=CARTESIAN_POINT('Ctrl Pts',(88.5778131351305,132.77769275521,5.9));
#7561=CARTESIAN_POINT('Ctrl Pts',(88.5723865950445,132.721455406887,5.9));
#7562=CARTESIAN_POINT('Ctrl Pts',(88.5690470215766,132.686846106414,5.9));
#7563=CARTESIAN_POINT('Ctrl Pts',(88.5643314178959,132.652407252637,5.9));
#7564=CARTESIAN_POINT('Ctrl Pts',(88.5582166294431,132.618213361501,5.9));
#7565=CARTESIAN_POINT('Ctrl Pts',(88.5485411106675,132.56410786983,5.9));
#7566=CARTESIAN_POINT('Ctrl Pts',(88.5353652468273,132.510615205916,5.9));
#7567=CARTESIAN_POINT('Ctrl Pts',(88.5189148559438,132.457939532891,5.9));
#7568=CARTESIAN_POINT('Ctrl Pts',(88.5139958183269,132.442188319505,5.9));
#7569=CARTESIAN_POINT('Ctrl Pts',(88.5087836384742,132.426510189458,5.9));
#7570=CARTESIAN_POINT('Ctrl Pts',(88.5032834816995,132.410910736068,5.9));
#7571=CARTESIAN_POINT('Ctrl Pts',(88.4981967207916,132.396483749176,5.9));
#7572=CARTESIAN_POINT('Ctrl Pts',(88.4928610146348,132.382117825114,5.9));
#7573=CARTESIAN_POINT('Ctrl Pts',(88.4872940553988,132.36785157587,5.9));
#7574=CARTESIAN_POINT('Ctrl Pts',(88.4666647191084,132.314985506481,5.9));
#7575=CARTESIAN_POINT('Ctrl Pts',(88.4428425346437,132.263417910542,5.9));
#7576=CARTESIAN_POINT('Ctrl Pts',(88.416110222427,132.213358948135,5.9));
#7577=CARTESIAN_POINT('Ctrl Pts',(88.3887481729085,132.162120738842,5.9));
#7578=CARTESIAN_POINT('Ctrl Pts',(88.3583369281918,132.112462171995,5.9));
#7579=CARTESIAN_POINT('Ctrl Pts',(88.3251243472053,132.064614283393,5.9));
#7580=CARTESIAN_POINT('Ctrl Pts',(88.3049625614205,132.035568095123,5.9));
#7581=CARTESIAN_POINT('Ctrl Pts',(88.283767397794,132.007189332657,5.9));
#7582=CARTESIAN_POINT('Ctrl Pts',(88.2615856087942,131.979532897499,5.9));
#7583=CARTESIAN_POINT('Ctrl Pts',(88.2493713354992,131.96430404209,5.9));
#7584=CARTESIAN_POINT('Ctrl Pts',(88.2368577994438,131.949294256307,5.9));
#7585=CARTESIAN_POINT('Ctrl Pts',(88.2240520552125,131.934513182551,5.9));
#7586=CARTESIAN_POINT('Ctrl Pts',(88.216341784005,131.925613575832,5.9));
#7587=CARTESIAN_POINT('Ctrl Pts',(88.2085242068337,131.91679538762,5.9));
#7588=CARTESIAN_POINT('Ctrl Pts',(88.2006051257381,131.908065574329,5.9));
#7589=CARTESIAN_POINT('Ctrl Pts',(88.1600199110157,131.863325364875,5.9));
#7590=CARTESIAN_POINT('Ctrl Pts',(88.1168991991125,131.821042479482,5.9));
#7591=CARTESIAN_POINT('Ctrl Pts',(88.0715026386481,131.781467124185,5.9));
#7592=CARTESIAN_POINT('Ctrl Pts',(88.0419887639434,131.755737816377,5.9));
#7593=CARTESIAN_POINT('Ctrl Pts',(88.0115118756922,131.731153215351,5.9));
#7594=CARTESIAN_POINT('Ctrl Pts',(87.9801331572533,131.707788102433,5.9));
#7595=CARTESIAN_POINT('Ctrl Pts',(87.9671449543838,131.698116871684,5.9));
#7596=CARTESIAN_POINT('Ctrl Pts',(87.9540021570043,131.68865464268,5.9));
#7597=CARTESIAN_POINT('Ctrl Pts',(87.9407087596282,131.679407044204,5.9));
#7598=CARTESIAN_POINT('Ctrl Pts',(87.9309891185233,131.672645541803,5.9));
#7599=CARTESIAN_POINT('Ctrl Pts',(87.9211898996796,131.665999533518,5.9));
#7600=CARTESIAN_POINT('Ctrl Pts',(87.91132112264,131.659476537364,5.9));
#7601=CARTESIAN_POINT('Ctrl Pts',(87.8605928285023,131.625946499526,5.9));
#7602=CARTESIAN_POINT('Ctrl Pts',(87.8079715865085,131.595623178478,5.9));
#7603=CARTESIAN_POINT('Ctrl Pts',(87.753692960826,131.568772810806,5.9));
#7604=CARTESIAN_POINT('Ctrl Pts',(87.7282999660632,131.556211489713,5.9));
#7605=CARTESIAN_POINT('Ctrl Pts',(87.702543667223,131.544410729425,5.9));
#7606=CARTESIAN_POINT('Ctrl Pts',(87.6764455116338,131.533400695523,5.9));
#7607=CARTESIAN_POINT('Ctrl Pts',(87.6539953440325,131.523929639013,5.9));
#7608=CARTESIAN_POINT('Ctrl Pts',(87.6312921781031,131.51504372565,5.9));
#7609=CARTESIAN_POINT('Ctrl Pts',(87.6083571790358,131.506737227966,5.9));
#7610=CARTESIAN_POINT('Ctrl Pts',(86.810281689925,5.50915057178127,5.9));
#7611=CARTESIAN_POINT('Ctrl Pts',(86.7528442275657,5.53013798412123,5.9));
#7612=CARTESIAN_POINT('Ctrl Pts',(86.696969507517,5.55473853790465,5.9));
#7613=CARTESIAN_POINT('Ctrl Pts',(86.6428554936795,5.58265216010521,5.9));
#7614=CARTESIAN_POINT('Ctrl Pts',(86.5890566604223,5.61040320276275,5.9));
#7615=CARTESIAN_POINT('Ctrl Pts',(86.5369973945071,5.64142986168771,5.9));
#7616=CARTESIAN_POINT('Ctrl Pts',(86.4869041504483,5.67548200927495,5.9));
#7617=CARTESIAN_POINT('Ctrl Pts',(86.4490774299486,5.70119567772271,5.9));
#7618=CARTESIAN_POINT('Ctrl Pts',(86.4123723463219,5.72863552758888,5.9));
#7619=CARTESIAN_POINT('Ctrl Pts',(86.3769021594005,5.75770567617695,5.9));
#7620=CARTESIAN_POINT('Ctrl Pts',(86.3584887621946,5.77279666495504,5.9));
#7621=CARTESIAN_POINT('Ctrl Pts',(86.3404083983796,5.78832714113676,5.9));
#7622=CARTESIAN_POINT('Ctrl Pts',(86.3226786146646,5.80428442417537,5.9));
#7623=CARTESIAN_POINT('Ctrl Pts',(86.3133412097386,5.81268834018719,5.9));
#7624=CARTESIAN_POINT('Ctrl Pts',(86.3040996888025,5.82121212523423,5.9));
#7625=CARTESIAN_POINT('Ctrl Pts',(86.2949728418316,5.82983821209876,5.9));
#7626=CARTESIAN_POINT('Ctrl Pts',(86.25194469027,5.8705055503561,5.9));
#7627=CARTESIAN_POINT('Ctrl Pts',(86.2113787661986,5.9135171257748,5.9));
#7628=CARTESIAN_POINT('Ctrl Pts',(86.1734828528619,5.95863312044901,5.9));
#7629=CARTESIAN_POINT('Ctrl Pts',(86.1363604607501,6.0028282195335,5.9));
#7630=CARTESIAN_POINT('Ctrl Pts',(86.1017997485567,6.0490436438006,5.9));
#7631=CARTESIAN_POINT('Ctrl Pts',(86.0700390908776,6.09707694756144,5.9));
#7632=CARTESIAN_POINT('Ctrl Pts',(86.0470478959792,6.13184773409672,5.9));
#7633=CARTESIAN_POINT('Ctrl Pts',(86.0255248324826,6.16757162550076,5.9));
#7634=CARTESIAN_POINT('Ctrl Pts',(86.0055768449707,6.20417555413187,5.9));
#7635=CARTESIAN_POINT('Ctrl Pts',(85.9951511339349,6.22330640542495,5.9));
#7636=CARTESIAN_POINT('Ctrl Pts',(85.9851559099731,6.24267767795454,5.9));
#7637=CARTESIAN_POINT('Ctrl Pts',(85.9756081278645,6.26227902765286,5.9));
#7638=CARTESIAN_POINT('Ctrl Pts',(85.9711677338427,6.27139504172094,5.9));
#7639=CARTESIAN_POINT('Ctrl Pts',(85.9668263948317,6.28055631019418,5.9));
#7640=CARTESIAN_POINT('Ctrl Pts',(85.962588767491,6.28975438806608,5.9));
#7641=CARTESIAN_POINT('Ctrl Pts',(85.9392510334287,6.340410634592,5.9));
#7642=CARTESIAN_POINT('Ctrl Pts',(85.9190222182617,6.39224912244375,5.9));
#7643=CARTESIAN_POINT('Ctrl Pts',(85.9021152555023,6.44507943467906,5.9));
#7644=CARTESIAN_POINT('Ctrl Pts',(85.8908031084795,6.48042725366776,5.9));
#7645=CARTESIAN_POINT('Ctrl Pts',(85.8809789991591,6.51621944784635,5.9));
#7646=CARTESIAN_POINT('Ctrl Pts',(85.872719679054,6.5524009572124,5.9));
#7647=CARTESIAN_POINT('Ctrl Pts',(85.8604950312375,6.60595333244889,5.9));
#7648=CARTESIAN_POINT('Ctrl Pts',(85.8516967050384,6.66035951509065,5.9));
#7649=CARTESIAN_POINT('Ctrl Pts',(85.8462701577077,6.71530896099491,5.9));
#7650=CARTESIAN_POINT('Ctrl Pts',(85.8445940819907,6.73228097401327,5.9));
#7651=CARTESIAN_POINT('Ctrl Pts',(85.8432399820978,6.74930472375978,5.9));
#7652=CARTESIAN_POINT('Ctrl Pts',(85.8422070686993,6.76637074727571,5.9));
#7653=CARTESIAN_POINT('Ctrl Pts',(85.8413007637134,6.78134491860853,5.9));
#7654=CARTESIAN_POINT('Ctrl Pts',(85.8406417368586,6.79635820059408,5.9));
#7655=CARTESIAN_POINT('Ctrl Pts',(85.8402301350793,6.81136811634753,5.9));
#7656=CARTESIAN_POINT('Ctrl Pts',(85.8387037674435,6.86703028977913,5.9));
#7657=CARTESIAN_POINT('Ctrl Pts',(85.8405683022642,6.92272089681286,5.9));
#7658=CARTESIAN_POINT('Ctrl Pts',(85.8457199352746,6.97812223271963,5.9));
#7659=CARTESIAN_POINT('Ctrl Pts',(85.8508653857575,7.03345708091595,5.9));
#7660=CARTESIAN_POINT('Ctrl Pts',(85.8592905044617,7.08850449250851,5.9));
#7661=CARTESIAN_POINT('Ctrl Pts',(85.8709410413877,7.14293256300728,5.9));
#7662=CARTESIAN_POINT('Ctrl Pts',(85.8783876394693,7.17772099962074,5.9));
#7663=CARTESIAN_POINT('Ctrl Pts',(85.8871528859475,7.21225605474168,5.9));
#7664=CARTESIAN_POINT('Ctrl Pts',(85.8972318892418,7.24644455463634,5.9));
#7665=CARTESIAN_POINT('Ctrl Pts',(85.9024257252701,7.2640623147779,5.9));
#7666=CARTESIAN_POINT('Ctrl Pts',(85.9079685368618,7.28158794984581,5.9));
#7667=CARTESIAN_POINT('Ctrl Pts',(85.9138603328055,7.29900799576315,5.9));
#7668=CARTESIAN_POINT('Ctrl Pts',(85.9174138536273,7.30951455377628,5.9));
#7669=CARTESIAN_POINT('Ctrl Pts',(85.9210942241429,7.31998204013646,5.9));
#7670=CARTESIAN_POINT('Ctrl Pts',(85.9248966051899,7.33039500763812,5.9));
#7671=CARTESIAN_POINT('Ctrl Pts',(85.9432841093179,7.38074989857472,5.9));
#7672=CARTESIAN_POINT('Ctrl Pts',(85.9645474980774,7.42991041677645,5.9));
#7673=CARTESIAN_POINT('Ctrl Pts',(85.988645922879,7.47756277305951,5.9));
#7674=CARTESIAN_POINT('Ctrl Pts',(86.0037789355171,7.50748687456407,5.9));
#7675=CARTESIAN_POINT('Ctrl Pts',(86.0200307343781,7.53681569772467,5.9));
#7676=CARTESIAN_POINT('Ctrl Pts',(86.037398549489,7.56546394115395,5.9));
#7677=CARTESIAN_POINT('Ctrl Pts',(86.0437491683867,7.57593929887423,5.9));
#7678=CARTESIAN_POINT('Ctrl Pts',(86.0502504288901,7.5863257100941,5.9));
#7679=CARTESIAN_POINT('Ctrl Pts',(86.0568978101301,7.59661175613467,5.9));
#7680=CARTESIAN_POINT('Ctrl Pts',(86.0848001417893,7.63978735532515,5.9));
#7681=CARTESIAN_POINT('Ctrl Pts',(86.1152292322474,7.68113034126428,5.9));
#7682=CARTESIAN_POINT('Ctrl Pts',(86.1481605056792,7.72034190781285,5.9));
#7683=CARTESIAN_POINT('Ctrl Pts',(86.1665547794978,7.74224413681245,5.9));
#7684=CARTESIAN_POINT('Ctrl Pts',(86.185730320375,7.76348072201515,5.9));
#7685=CARTESIAN_POINT('Ctrl Pts',(86.2056869593098,7.78399372946013,5.9));
#7686=CARTESIAN_POINT('Ctrl Pts',(86.2197044237946,7.79840198499231,5.9));
#7687=CARTESIAN_POINT('Ctrl Pts',(86.2341073364512,7.81245314616595,5.9));
#7688=CARTESIAN_POINT('Ctrl Pts',(86.2488785492262,7.82613973158138,5.9));
#7689=CARTESIAN_POINT('Ctrl Pts',(88.1669116845046,7.82501129893628,5.9));
#7690=CARTESIAN_POINT('Ctrl Pts',(88.2037885533469,7.79057320437111,5.9));
#7691=CARTESIAN_POINT('Ctrl Pts',(88.2382872784999,7.75389634144277,5.9));
#7692=CARTESIAN_POINT('Ctrl Pts',(88.2704058490331,7.71530065751321,5.9));
#7693=CARTESIAN_POINT('Ctrl Pts',(88.3039646432296,7.67497431071867,5.9));
#7694=CARTESIAN_POINT('Ctrl Pts',(88.3349256611489,7.63255274490794,5.9));
#7695=CARTESIAN_POINT('Ctrl Pts',(88.3632585896923,7.58835119709096,5.9));
#7696=CARTESIAN_POINT('Ctrl Pts',(88.3859826129361,7.55289997296244,5.9));
#7697=CARTESIAN_POINT('Ctrl Pts',(88.4070156359338,7.51630259868769,5.9));
#7698=CARTESIAN_POINT('Ctrl Pts',(88.4263257766669,7.47870377084734,5.9));
#7699=CARTESIAN_POINT('Ctrl Pts',(88.434485255148,7.46281642797819,5.9));
#7700=CARTESIAN_POINT('Ctrl Pts',(88.4423369250394,7.44675011266742,5.9));
#7701=CARTESIAN_POINT('Ctrl Pts',(88.4498774926225,7.43051510123843,5.9));
#7702=CARTESIAN_POINT('Ctrl Pts',(88.4541626876965,7.42128897996357,5.9));
#7703=CARTESIAN_POINT('Ctrl Pts',(88.4583476030323,7.41200765358874,5.9));
#7704=CARTESIAN_POINT('Ctrl Pts',(88.462425313968,7.40268800576365,5.9));
#7705=CARTESIAN_POINT('Ctrl Pts',(88.484246759945,7.35281487970238,5.9));
#7706=CARTESIAN_POINT('Ctrl Pts',(88.503047848104,7.30174890709806,5.9));
#7707=CARTESIAN_POINT('Ctrl Pts',(88.518801104948,7.24982166022799,5.9));
#7708=CARTESIAN_POINT('Ctrl Pts',(88.5348433710947,7.19694175591341,5.9));
#7709=CARTESIAN_POINT('Ctrl Pts',(88.5477255450829,7.14316776111186,5.9));
#7710=CARTESIAN_POINT('Ctrl Pts',(88.5573779198744,7.08881523653543,5.9));
#7711=CARTESIAN_POINT('Ctrl Pts',(88.5642814248827,7.04994159831342,5.9));
#7712=CARTESIAN_POINT('Ctrl Pts',(88.569531959021,7.01077125179308,5.9));
#7713=CARTESIAN_POINT('Ctrl Pts',(88.5730890154653,6.97141326411502,5.9));
#7714=CARTESIAN_POINT('Ctrl Pts',(88.5746008034667,6.95468568768732,5.9));
#7715=CARTESIAN_POINT('Ctrl Pts',(88.5758065264856,6.93792417351407,5.9));
#7716=CARTESIAN_POINT('Ctrl Pts',(88.5767023152118,6.92113696324084,5.9));
#7717=CARTESIAN_POINT('Ctrl Pts',(88.5772359038168,6.91113743561917,5.9));
#7718=CARTESIAN_POINT('Ctrl Pts',(88.5776591576215,6.90113440824949,5.9));
#7719=CARTESIAN_POINT('Ctrl Pts',(88.5779714821448,6.89113727405049,5.9));
#7720=CARTESIAN_POINT('Ctrl Pts',(88.5797459165279,6.83433975311407,5.9));
#7721=CARTESIAN_POINT('Ctrl Pts',(88.5779476102229,6.7776599880656,5.9));
#7722=CARTESIAN_POINT('Ctrl Pts',(88.5725167083418,6.7214302861637,5.9));
#7723=CARTESIAN_POINT('Ctrl Pts',(88.5691806993891,6.68689038964929,5.9));
#7724=CARTESIAN_POINT('Ctrl Pts',(88.5644731610514,6.65251976568107,5.9));
#7725=CARTESIAN_POINT('Ctrl Pts',(88.5583709420114,6.61839237877471,5.9));
#7726=CARTESIAN_POINT('Ctrl Pts',(88.5486981761826,6.56429628361182,5.9));
#7727=CARTESIAN_POINT('Ctrl Pts',(88.5355239433117,6.51081086274736,5.9));
#7728=CARTESIAN_POINT('Ctrl Pts',(88.5190743584225,6.4581405783823,5.9));
#7729=CARTESIAN_POINT('Ctrl Pts',(88.5141532877023,6.44238369479162,5.9));
#7730=CARTESIAN_POINT('Ctrl Pts',(88.5089387298003,6.42669979595079,5.9));
#7731=CARTESIAN_POINT('Ctrl Pts',(88.5034358650422,6.41109449044682,5.9));
#7732=CARTESIAN_POINT('Ctrl Pts',(88.4983479318745,6.3966658691818,5.9));
#7733=CARTESIAN_POINT('Ctrl Pts',(88.4930108992284,6.38229820253685,5.9));
#7734=CARTESIAN_POINT('Ctrl Pts',(88.4874424725567,6.3680301182774,5.9));
#7735=CARTESIAN_POINT('Ctrl Pts',(88.4668119880975,6.31516824041954,5.9));
#7736=CARTESIAN_POINT('Ctrl Pts',(88.4429880474324,6.26360302482373,5.9));
#7737=CARTESIAN_POINT('Ctrl Pts',(88.4162536779156,6.21354496108772,5.9));
#7738=CARTESIAN_POINT('Ctrl Pts',(88.3888876467909,6.16230415926565,5.9));
#7739=CARTESIAN_POINT('Ctrl Pts',(88.3584716868844,6.11264166354188,5.9));
#7740=CARTESIAN_POINT('Ctrl Pts',(88.3252540335362,6.06478887684589,5.9));
#7741=CARTESIAN_POINT('Ctrl Pts',(88.3050872529659,6.03573695560221,5.9));
#7742=CARTESIAN_POINT('Ctrl Pts',(88.2838867663707,6.0073522290859,5.9));
#7743=CARTESIAN_POINT('Ctrl Pts',(88.2616994223425,5.97968969250413,5.9));
#7744=CARTESIAN_POINT('Ctrl Pts',(88.2494829888279,5.96445859776074,5.9));
#7745=CARTESIAN_POINT('Ctrl Pts',(88.2369672661698,5.94944649874897,5.9));
#7746=CARTESIAN_POINT('Ctrl Pts',(88.224159323216,5.93466305126888,5.9));
#7747=CARTESIAN_POINT('Ctrl Pts',(88.2164471908237,5.92576139511744,5.9));
#7748=CARTESIAN_POINT('Ctrl Pts',(88.2086277415647,5.91694115613064,5.9));
#7749=CARTESIAN_POINT('Ctrl Pts',(88.2007067523269,5.90820926276715,5.9));
#7750=CARTESIAN_POINT('Ctrl Pts',(88.1601135240514,5.86346033937636,5.9));
#7751=CARTESIAN_POINT('Ctrl Pts',(88.1169846528906,5.82116840927227,5.9));
#7752=CARTESIAN_POINT('Ctrl Pts',(88.0715802215261,5.78158409861331,5.9));
#7753=CARTESIAN_POINT('Ctrl Pts',(88.0420590142938,5.75584703720783,5.9));
#7754=CARTESIAN_POINT('Ctrl Pts',(88.0115747705386,5.73125489159927,5.9));
#7755=CARTESIAN_POINT('Ctrl Pts',(87.9801888047103,5.70788257279556,5.9));
#7756=CARTESIAN_POINT('Ctrl Pts',(87.9672141653393,5.69822069368054,5.9));
#7757=CARTESIAN_POINT('Ctrl Pts',(87.9540853438213,5.68876734164542,5.9));
#7758=CARTESIAN_POINT('Ctrl Pts',(87.9408063287174,5.67952813307722,5.9));
#7759=CARTESIAN_POINT('Ctrl Pts',(87.9310867539706,5.6727654946152,5.9));
#7760=CARTESIAN_POINT('Ctrl Pts',(87.9212876070517,5.66611831002332,5.9));
#7761=CARTESIAN_POINT('Ctrl Pts',(87.9114189528793,5.65959413132184,5.9));
#7762=CARTESIAN_POINT('Ctrl Pts',(87.8606839934249,5.62605319087432,5.9));
#7763=CARTESIAN_POINT('Ctrl Pts',(87.8080567372229,5.59571960665728,5.9));
#7764=CARTESIAN_POINT('Ctrl Pts',(87.7537732019227,5.56886003181164,5.9));
#7765=CARTESIAN_POINT('Ctrl Pts',(87.7283528974176,5.55628202694003,5.9));
#7766=CARTESIAN_POINT('Ctrl Pts',(87.7025688151946,5.54446631293396,5.9));
#7767=CARTESIAN_POINT('Ctrl Pts',(87.6764425118891,5.5334431883941,5.9));
#7768=CARTESIAN_POINT('Ctrl Pts',(87.6539904233508,5.52397027654571,5.9));
#7769=CARTESIAN_POINT('Ctrl Pts',(87.6312855688138,5.51508272381936,5.9));
#7770=CARTESIAN_POINT('Ctrl Pts',(87.6083490979846,5.50677478636313,5.9));
#7771=CARTESIAN_POINT('Origin',(11.8113955317821,157.9,11.4));
#7772=CARTESIAN_POINT('',(4.03511609015327,4.,11.4));
#7773=CARTESIAN_POINT('',(4.03511609015327,157.9,11.4));
#7774=CARTESIAN_POINT('',(4.03511609015327,80.95,11.4));
#7775=CARTESIAN_POINT('',(3.8113955317821,4.,11.4));
#7776=CARTESIAN_POINT('',(9.8113955317821,4.,11.4));
#7777=CARTESIAN_POINT('',(3.8113955317821,161.9,11.4));
#7778=CARTESIAN_POINT('',(3.8113955317821,157.9,11.4));
#7779=CARTESIAN_POINT('',(11.8113955317821,161.9,11.4));
#7780=CARTESIAN_POINT('',(30.1556977658911,161.9,11.4));
#7781=CARTESIAN_POINT('',(11.8113955317821,157.9,11.4));
#7782=CARTESIAN_POINT('',(11.8113955317821,157.9,11.4));
#7783=CARTESIAN_POINT('',(30.1556977658911,157.9,11.4));
#7784=CARTESIAN_POINT('Origin',(11.8113955317821,157.9,5.9));
#7785=CARTESIAN_POINT('',(11.8113955317821,157.9,14.45));
#7786=CARTESIAN_POINT('',(11.8113955317821,161.9,14.45));
#7787=CARTESIAN_POINT('Origin',(3.8113955317821,157.9,11.4));
#7788=CARTESIAN_POINT('',(3.8113955317821,161.9,17.2));
#7789=CARTESIAN_POINT('',(3.8113955317821,4.,10.025));
#7790=CARTESIAN_POINT('Origin',(13.1196938933409,4.,45.3041059268086));
#7791=CARTESIAN_POINT('',(13.1196938933409,157.9,45.3041059268086));
#7792=CARTESIAN_POINT('',(2.5613955317821,157.9,5.9));
#7793=CARTESIAN_POINT('',(13.1196938933409,4.,45.3041059268086));
#7794=CARTESIAN_POINT('',(13.1196938933409,4.,45.3041059268086));
#7795=CARTESIAN_POINT('',(11.5166962086455,4.,39.32163712311));
#7796=CARTESIAN_POINT('Origin',(48.5,4.,23.));
#7797=CARTESIAN_POINT('',(94.5,4.,21.724368658595));
#7798=CARTESIAN_POINT('',(10.7179676972449,4.,46.));
#7799=CARTESIAN_POINT('',(94.5,4.,14.45));
#7800=CARTESIAN_POINT('',(44.8,4.,13.3));
#7801=CARTESIAN_POINT('Origin',(44.8,4.,9.6));
#7802=CARTESIAN_POINT('',(35.8,4.,13.3));
#7803=CARTESIAN_POINT('',(46.65,4.,13.3));
#7804=CARTESIAN_POINT('Origin',(35.8,4.,9.6));
#7805=CARTESIAN_POINT('Origin',(48.5,157.9,23.));
#7806=CARTESIAN_POINT('',(11.8113955317821,157.9,2.));
#7807=CARTESIAN_POINT('',(11.8113955317821,157.9,5.9));
#7808=CARTESIAN_POINT('',(26.0363955317823,157.899999999999,2.));
#7809=CARTESIAN_POINT('',(88.3113955317821,157.9,2.));
#7810=CARTESIAN_POINT('',(26.0363955317823,157.899999999999,0.5));
#7811=CARTESIAN_POINT('',(26.0363955317823,157.899999999999,2.));
#7812=CARTESIAN_POINT('',(29.7863955317819,157.899999999999,0.5));
#7813=CARTESIAN_POINT('',(29.7863955317819,157.899999999999,0.5));
#7814=CARTESIAN_POINT('',(29.7863955317819,157.899999999999,2.));
#7815=CARTESIAN_POINT('',(29.7863955317819,157.899999999999,2.));
#7816=CARTESIAN_POINT('',(88.3113955317821,157.9,2.));
#7817=CARTESIAN_POINT('',(88.3113955317821,157.9,2.));
#7818=CARTESIAN_POINT('',(88.3113955317821,157.9,5.9));
#7819=CARTESIAN_POINT('',(94.5,157.9,21.724368658595));
#7820=CARTESIAN_POINT('',(94.5,157.9,21.724368658595));
#7821=CARTESIAN_POINT('',(31.2198712226995,157.9,40.0596254578487));
#7822=CARTESIAN_POINT('Origin',(4.47388634883048,161.15,19.798993682257));
#7823=CARTESIAN_POINT('',(0.,160.4,6.));
#7824=CARTESIAN_POINT('',(10.7179676972449,160.4,46.));
#7825=CARTESIAN_POINT('',(3.74944197911368,160.4,19.9931079660839));
#7826=CARTESIAN_POINT('',(12.1590034149025,161.9,45.5824635560851));
#7827=CARTESIAN_POINT('',(-27.3068794043625,120.819252657299,57.017602995309));
#7828=CARTESIAN_POINT('',(1.5,161.9,5.8025212536189));
#7829=CARTESIAN_POINT('',(5.19833071854729,161.9,19.6048793984301));
#7830=CARTESIAN_POINT('',(1.5,161.9,5.8025212536189));
#7831=CARTESIAN_POINT('Origin',(0.,1.5,1.5));
#7832=CARTESIAN_POINT('',(1.5,0.,1.5));
#7833=CARTESIAN_POINT('',(1.5,1.5,0.));
#7834=CARTESIAN_POINT('',(1.5,0.,1.5));
#7835=CARTESIAN_POINT('',(0.,1.5,1.5));
#7836=CARTESIAN_POINT('',(0.,1.5,1.5));
#7837=CARTESIAN_POINT('',(1.5,1.5,0.));
#7838=CARTESIAN_POINT('Origin',(0.750000000000002,0.75,11.5));
#7839=CARTESIAN_POINT('',(0.,1.5,6.));
#7840=CARTESIAN_POINT('',(0.,1.5,11.5));
#7841=CARTESIAN_POINT('',(1.5,0.,5.80252125361892));
#7842=CARTESIAN_POINT('',(1.5,0.,11.5));
#7843=CARTESIAN_POINT('',(1.5,0.,5.80252125361892));
#7844=CARTESIAN_POINT('Origin',(95.5,0.,1.5));
#7845=CARTESIAN_POINT('',(97.,1.5,1.5));
#7846=CARTESIAN_POINT('',(95.5,1.5,0.));
#7847=CARTESIAN_POINT('',(97.,1.5,1.5));
#7848=CARTESIAN_POINT('',(95.5,0.,1.5));
#7849=CARTESIAN_POINT('',(95.5,0.,1.5));
#7850=CARTESIAN_POINT('',(95.5,1.5,0.));
#7851=CARTESIAN_POINT('Origin',(96.25,0.75,22.));
#7852=CARTESIAN_POINT('',(97.,1.5,21.));
#7853=CARTESIAN_POINT('',(95.5,0.,21.434621195157));
#7854=CARTESIAN_POINT('',(73.771203855647,-21.7287961443529,27.730484761545));
#7855=CARTESIAN_POINT('',(95.5,0.,22.));
#7856=CARTESIAN_POINT('',(97.,1.5,22.));
#7857=CARTESIAN_POINT('Origin',(72.75,0.75,0.750000000000001));
#7858=CARTESIAN_POINT('',(72.75,0.,1.5));
#7859=CARTESIAN_POINT('',(72.75,1.5,0.));
#7860=CARTESIAN_POINT('Origin',(0.,160.4,1.5));
#7861=CARTESIAN_POINT('',(1.5,160.4,0.));
#7862=CARTESIAN_POINT('',(1.5,161.9,1.5));
#7863=CARTESIAN_POINT('',(1.5,160.4,0.));
#7864=CARTESIAN_POINT('',(0.,160.4,1.5));
#7865=CARTESIAN_POINT('',(0.,160.4,1.5));
#7866=CARTESIAN_POINT('',(1.5,161.9,1.5));
#7867=CARTESIAN_POINT('Origin',(0.750000000000002,0.,0.75));
#7868=CARTESIAN_POINT('',(1.5,0.,0.));
#7869=CARTESIAN_POINT('',(0.,0.,1.5));
#7870=CARTESIAN_POINT('Origin',(0.75,161.15,11.5));
#7871=CARTESIAN_POINT('',(1.5,161.9,11.5));
#7872=CARTESIAN_POINT('',(0.,160.4,11.5));
#7873=CARTESIAN_POINT('Origin',(95.5,160.4,0.));
#7874=CARTESIAN_POINT('',(97.,160.4,1.5));
#7875=CARTESIAN_POINT('',(95.5,161.9,1.5));
#7876=CARTESIAN_POINT('',(97.,160.4,1.5));
#7877=CARTESIAN_POINT('',(95.5,160.4,0.));
#7878=CARTESIAN_POINT('',(95.5,160.4,0.));
#7879=CARTESIAN_POINT('',(95.5,161.9,1.5));
#7880=CARTESIAN_POINT('Origin',(96.25,0.,0.75));
#7881=CARTESIAN_POINT('',(97.,0.,1.5));
#7882=CARTESIAN_POINT('',(95.5,0.,0.));
#7883=CARTESIAN_POINT('Origin',(72.75,161.15,0.750000000000001));
#7884=CARTESIAN_POINT('',(72.75,161.9,1.5));
#7885=CARTESIAN_POINT('',(72.75,160.4,0.));
#7886=CARTESIAN_POINT('Origin',(96.25,161.15,22.));
#7887=CARTESIAN_POINT('',(95.5,161.9,21.434621195157));
#7888=CARTESIAN_POINT('',(97.,160.4,21.));
#7889=CARTESIAN_POINT('',(112.615638918242,144.784361081758,16.4754082334754));
#7890=CARTESIAN_POINT('',(97.,160.4,22.));
#7891=CARTESIAN_POINT('',(95.5,161.9,22.));
#7892=CARTESIAN_POINT('Origin',(4.47388634883048,0.75,19.798993682257));
#7893=CARTESIAN_POINT('',(12.1590034149025,0.,45.5824635560851));
#7894=CARTESIAN_POINT('',(5.19833071854729,0.,19.6048793984301));
#7895=CARTESIAN_POINT('',(10.7179676972449,1.5,46.));
#7896=CARTESIAN_POINT('',(11.5691143597418,0.614026128498231,45.7533824135278));
#7897=CARTESIAN_POINT('',(3.74944197911368,1.5,19.9931079660839));
#7898=CARTESIAN_POINT('Origin',(48.5,161.9,23.));
#7899=CARTESIAN_POINT('',(31.2198712226995,161.9,40.0596254578487));
#7900=CARTESIAN_POINT('Origin',(0.,0.,0.));
#7901=CARTESIAN_POINT('',(0.,0.,6.));
#7902=CARTESIAN_POINT('Origin',(0.,0.,6.));
#7903=CARTESIAN_POINT('',(10.7179676972449,0.,46.));
#7904=CARTESIAN_POINT('Origin',(97.,0.,0.));
#7905=CARTESIAN_POINT('',(88.3113955317821,130.393,0.));
#7906=CARTESIAN_POINT('',(11.8113955317821,130.393,0.));
#7907=CARTESIAN_POINT('',(54.4056977658911,130.393,0.));
#7908=CARTESIAN_POINT('',(11.8113955317821,9.093,0.));
#7909=CARTESIAN_POINT('',(11.8113955317821,4.5465,0.));
#7910=CARTESIAN_POINT('',(88.3113955317821,9.093,0.));
#7911=CARTESIAN_POINT('',(92.6556977658911,9.093,0.));
#7912=CARTESIAN_POINT('',(88.3113955317821,65.1965,0.));
#7913=CARTESIAN_POINT('',(31.6613955317821,146.9465,0.));
#7914=CARTESIAN_POINT('Origin',(27.9113955317821,146.9465,0.));
#7915=CARTESIAN_POINT('Origin',(87.2087955317822,132.9998,7.00421172358873));
#7916=CARTESIAN_POINT('Ctrl Pts',(85.6638508007482,133.000560784557,5.75421172358873));
#7917=CARTESIAN_POINT('Ctrl Pts',(85.663550491413,133.048489486729,5.75173115187988));
#7918=CARTESIAN_POINT('Ctrl Pts',(85.6871574313651,133.601746081214,5.72308207671211));
#7919=CARTESIAN_POINT('Ctrl Pts',(86.3523928827884,134.602532212416,5.66826449808542));
#7920=CARTESIAN_POINT('Ctrl Pts',(88.0732287499329,134.598070952207,5.58975898770864));
#7921=CARTESIAN_POINT('Ctrl Pts',(89.0187752059074,133.160404665022,5.51125347733186));
#7922=CARTESIAN_POINT('Ctrl Pts',(88.3411103183322,131.578627067851,5.43274796695508));
#7923=CARTESIAN_POINT('Ctrl Pts',(86.6479484043812,131.271427868744,5.3542424565783));
#7924=CARTESIAN_POINT('Ctrl Pts',(85.7457206284301,132.21356955074,5.29473037545618));
#7925=CARTESIAN_POINT('Ctrl Pts',(85.6651446102586,132.859265890963,5.26138679779299));
#7926=CARTESIAN_POINT('Ctrl Pts',(85.6663106690816,132.99849601281,5.25421172358873));
#7927=CARTESIAN_POINT('Ctrl Pts',(85.6674715025411,132.998519541806,5.79578827641127));
#7928=CARTESIAN_POINT('Ctrl Pts',(85.6697906448327,133.340380624194,5.77818851068966));
#7929=CARTESIAN_POINT('Ctrl Pts',(85.9485900897795,134.194972552813,5.73442024150913));
#7930=CARTESIAN_POINT('Ctrl Pts',(87.3529365287799,134.81092269789,5.66448346886966));
#7931=CARTESIAN_POINT('Ctrl Pts',(88.798882223525,133.879116192439,5.58597795849289));
#7932=CARTESIAN_POINT('Ctrl Pts',(88.8193702856167,132.158239251332,5.5074724481161));
#7933=CARTESIAN_POINT('Ctrl Pts',(87.3951858503411,131.19232310872,5.42896693773933));
#7934=CARTESIAN_POINT('Ctrl Pts',(85.9649889780431,131.78100944888,5.35840554717105));
#7935=CARTESIAN_POINT('Ctrl Pts',(85.6694598524474,132.647158877216,5.3140126600617));
#7936=CARTESIAN_POINT('Ctrl Pts',(85.6667108179655,133.001032451012,5.29578827641127));
#7937=CARTESIAN_POINT('Ctrl Pts',(88.1669116845046,133.825011298936,5.9));
#7938=CARTESIAN_POINT('Ctrl Pts',(88.4382767368373,133.509941400767,5.87383149654108));
#7939=CARTESIAN_POINT('Ctrl Pts',(88.64122955003,132.596084293482,5.82149448962322));
#7940=CARTESIAN_POINT('Ctrl Pts',(87.6614700366043,131.580368019242,5.74298897924644));
#7941=CARTESIAN_POINT('Ctrl Pts',(86.2749205069039,131.840159435998,5.66448346886966));
#7942=CARTESIAN_POINT('Ctrl Pts',(85.7262233025667,133.138692961161,5.58597795849288));
#7943=CARTESIAN_POINT('Ctrl Pts',(86.5069671781512,134.31325099326,5.5074724481161));
#7944=CARTESIAN_POINT('Ctrl Pts',(87.9172049966893,134.309594957269,5.42896693773932));
#7945=CARTESIAN_POINT('Ctrl Pts',(88.6920873645309,133.131416719974,5.35046142736255));
#7946=CARTESIAN_POINT('Ctrl Pts',(88.1367359385175,131.835138190082,5.27195591698576));
#7947=CARTESIAN_POINT('Ctrl Pts',(86.7491771308758,131.583386156854,5.19345040660898));
#7948=CARTESIAN_POINT('Ctrl Pts',(85.7738190096737,132.601893417827,5.11494489623221));
#7949=CARTESIAN_POINT('Ctrl Pts',(86.0853800564008,133.977259568558,5.03643938585542));
#7950=CARTESIAN_POINT('Ctrl Pts',(87.4044477087707,134.476013503116,4.95793387547865));
#7951=CARTESIAN_POINT('Ctrl Pts',(88.5480494096042,133.650865612697,4.87942836510187));
#7952=CARTESIAN_POINT('Ctrl Pts',(88.4905765973424,132.241825870426,4.80092285472509));
#7953=CARTESIAN_POINT('Ctrl Pts',(87.2835719561187,131.512555695569,4.72241734434831));
#7954=CARTESIAN_POINT('Ctrl Pts',(86.0095060858623,132.117081404537,4.64391183397153));
#7955=CARTESIAN_POINT('Ctrl Pts',(85.8109914802953,133.513250214103,4.56540632359475));
#7956=CARTESIAN_POINT('Ctrl Pts',(86.8660607893995,134.448944627628,4.48690081321797));
#7957=CARTESIAN_POINT('Ctrl Pts',(88.2285027585744,134.085011705467,4.40839530284119));
#7958=CARTESIAN_POINT('Ctrl Pts',(88.6764470469646,132.74783511794,4.32988979246441));
#7959=CARTESIAN_POINT('Ctrl Pts',(87.8081665640022,131.636626630796,4.25138428208763));
#7960=CARTESIAN_POINT('Ctrl Pts',(86.4023558906465,131.747944426829,4.17287877171085));
#7961=CARTESIAN_POINT('Ctrl Pts',(85.7197794592138,132.981956062957,4.09437326133408));
#7962=CARTESIAN_POINT('Ctrl Pts',(86.3725880411098,134.231970565605,4.01586775095729));
#7963=CARTESIAN_POINT('Ctrl Pts',(87.7753273802826,134.37694521205,3.93736224058052));
#7964=CARTESIAN_POINT('Ctrl Pts',(88.6699874892155,133.28686329247,3.85885673020373));
#7965=CARTESIAN_POINT('Ctrl Pts',(88.2542159128764,131.939336187725,3.78035121982696));
#7966=CARTESIAN_POINT('Ctrl Pts',(86.9008864852944,131.542858240859,3.70184570945018));
#7967=CARTESIAN_POINT('Ctrl Pts',(85.823697210796,132.453000300474,3.6233401990734));
#7968=CARTESIAN_POINT('Ctrl Pts',(85.9886970392236,133.8535253299,3.54483468869662));
#7969=CARTESIAN_POINT('Ctrl Pts',(87.2479102023021,134.488409187606,3.46632917831984));
#7970=CARTESIAN_POINT('Ctrl Pts',(88.4720443982379,133.788272935598,3.38782366794306));
#7971=CARTESIAN_POINT('Ctrl Pts',(88.5632669802329,132.381015411358,3.30931815756628));
#7972=CARTESIAN_POINT('Ctrl Pts',(87.4397673633471,131.528698614276,3.2308126471895));
#7973=CARTESIAN_POINT('Ctrl Pts',(86.1091267235907,131.995700519017,3.15230713681272));
#7974=CARTESIAN_POINT('Ctrl Pts',(85.7646952000243,133.363202697475,3.07380162643594));
#7975=CARTESIAN_POINT('Ctrl Pts',(86.7153672152006,134.404796722511,2.99529611605916));
#7976=CARTESIAN_POINT('Ctrl Pts',(88.1085574128189,134.186356232182,2.91679060568238));
#7977=CARTESIAN_POINT('Ctrl Pts',(88.694819896235,132.903784014953,2.8382850953056));
#7978=CARTESIAN_POINT('Ctrl Pts',(87.9483801252611,131.707320982613,2.75977958492882));
#7979=CARTESIAN_POINT('Ctrl Pts',(86.5386638888874,131.669984350245,2.68127407455204));
#7980=CARTESIAN_POINT('Ctrl Pts',(85.7299364203855,132.825256976276,2.60276856417526));
#7981=CARTESIAN_POINT('Ctrl Pts',(86.2474875281529,134.137066103116,2.52426305379848));
#7982=CARTESIAN_POINT('Ctrl Pts',(87.6271571090321,134.428943393851,2.4457575434217));
#7983=CARTESIAN_POINT('Ctrl Pts',(88.6316414326401,133.439140497045,2.36725203304493));
#7984=CARTESIAN_POINT('Ctrl Pts',(88.3600598576562,132.055306445736,2.28874652266815));
#7985=CARTESIAN_POINT('Ctrl Pts',(87.0560472534991,131.51855904609,2.21024101229137));
#7986=CARTESIAN_POINT('Ctrl Pts',(85.8889173985911,132.310134673063,2.13173550191459));
#7987=CARTESIAN_POINT('Ctrl Pts',(85.9057074941612,133.720406158529,2.05322999153781));
#7988=CARTESIAN_POINT('Ctrl Pts',(87.0906709010438,134.484028881064,1.97472448116103));
#7989=CARTESIAN_POINT('Ctrl Pts',(88.3825496827414,133.917406968381,1.89621897078425));
#7990=CARTESIAN_POINT('Ctrl Pts',(88.6196757380948,132.526227796679,1.81771346040747));
#7991=CARTESIAN_POINT('Ctrl Pts',(87.9370947883295,131.885596932659,1.76537645348962));
#7992=CARTESIAN_POINT('Ctrl Pts',(87.5353805953133,131.778201683744,1.73920795003069));
#7993=CARTESIAN_POINT('Ctrl Pts',(88.2372518317389,133.885594229411,5.95359734998977));
#7994=CARTESIAN_POINT('Ctrl Pts',(88.5285391635165,133.547393458264,5.92742884653085));
#7995=CARTESIAN_POINT('Ctrl Pts',(88.7463917680561,132.566445483869,5.87509183961299));
#7996=CARTESIAN_POINT('Ctrl Pts',(87.6947031589432,131.476160346475,5.79658632923621));
#7997=CARTESIAN_POINT('Ctrl Pts',(86.2063600233325,131.755024363617,5.71808081885944));
#7998=CARTESIAN_POINT('Ctrl Pts',(85.617380185172,133.148889795136,5.63957530848265));
#7999=CARTESIAN_POINT('Ctrl Pts',(86.4554424130303,134.409678066312,5.56106979810588));
#8000=CARTESIAN_POINT('Ctrl Pts',(87.9692129144371,134.405753622248,5.48256428772909));
#8001=CARTESIAN_POINT('Ctrl Pts',(88.8009833116564,133.141079368323,5.40405877735232));
#8002=CARTESIAN_POINT('Ctrl Pts',(88.2048607317891,131.749634482672,5.32555326697553));
#8003=CARTESIAN_POINT('Ctrl Pts',(86.7154342220442,131.479400060818,5.24704775659876));
#8004=CARTESIAN_POINT('Ctrl Pts',(85.6684701335943,132.572681085381,5.16854224622198));
#8005=CARTESIAN_POINT('Ctrl Pts',(86.0029044507876,134.049019813673,5.09003673584519));
#8006=CARTESIAN_POINT('Ctrl Pts',(87.4188115235305,134.584389794303,5.01153122546842));
#8007=CARTESIAN_POINT('Ctrl Pts',(88.6463708027698,133.698663628549,4.93302571509164));
#8008=CARTESIAN_POINT('Ctrl Pts',(88.5846786210035,132.186179160241,4.85452020471486));
#8009=CARTESIAN_POINT('Ctrl Pts',(87.2890616712044,131.40336957753,4.77601469433808));
#8010=CARTESIAN_POINT('Ctrl Pts',(85.9214601887518,132.052276572894,4.6975091839613));
#8011=CARTESIAN_POINT('Ctrl Pts',(85.708371623082,133.550945188303,4.61900367358452));
#8012=CARTESIAN_POINT('Ctrl Pts',(86.8408989004436,134.555333655912,4.54049816320774));
#8013=CARTESIAN_POINT('Ctrl Pts',(88.3033646177182,134.164682579323,4.46199265283096));
#8014=CARTESIAN_POINT('Ctrl Pts',(88.7841947593617,132.729337103006,4.38348714245418));
#8015=CARTESIAN_POINT('Ctrl Pts',(87.8521694195377,131.536549186925,4.3049816320774));
#8016=CARTESIAN_POINT('Ctrl Pts',(86.3431510824069,131.65603938475,4.22647612170062));
#8017=CARTESIAN_POINT('Ctrl Pts',(85.6104632667241,132.98064604939,4.14797061132384));
#8018=CARTESIAN_POINT('Ctrl Pts',(86.3111978246468,134.322430431829,4.06946510094706));
#8019=CARTESIAN_POINT('Ctrl Pts',(87.8169193454356,134.47804839949,3.99095959057029));
#8020=CARTESIAN_POINT('Ctrl Pts',(88.7772609728439,133.307938059032,3.9124540801935));
#8021=CARTESIAN_POINT('Ctrl Pts',(88.330965504582,131.861482181737,3.83394856981672));
#8022=CARTESIAN_POINT('Ctrl Pts',(86.8782813266158,131.435896785759,3.75544305943995));
#8023=CARTESIAN_POINT('Ctrl Pts',(85.7220101454489,132.412856972066,3.67693754906317));
#8024=CARTESIAN_POINT('Ctrl Pts',(85.8991234448707,133.916201619442,3.59843203868639));
#8025=CARTESIAN_POINT('Ctrl Pts',(87.2507818078747,134.597695508615,3.51992652830961));
#8026=CARTESIAN_POINT('Ctrl Pts',(88.564785879537,133.846158717215,3.44142101793283));
#8027=CARTESIAN_POINT('Ctrl Pts',(88.6627055721383,132.335587308568,3.36291550755605));
#8028=CARTESIAN_POINT('Ctrl Pts',(87.4567241723865,131.420697629454,3.28440999717927));
#8029=CARTESIAN_POINT('Ctrl Pts',(86.0283944807855,131.921984503344,3.20590448680249));
#8030=CARTESIAN_POINT('Ctrl Pts',(85.6586764989845,133.38988192543,3.12739897642571));
#8031=CARTESIAN_POINT('Ctrl Pts',(86.6791421496495,134.507944630042,3.04889346604893));
#8032=CARTESIAN_POINT('Ctrl Pts',(88.1746134781593,134.273467319743,2.97038795567215));
#8033=CARTESIAN_POINT('Ctrl Pts',(88.8039164523178,132.896734996412,2.89188244529537));
#8034=CARTESIAN_POINT('Ctrl Pts',(88.0026767666963,131.612433568261,2.81337693491859));
#8035=CARTESIAN_POINT('Ctrl Pts',(86.4894661394353,131.572355865085,2.73487142454181));
#8036=CARTESIAN_POINT('Ctrl Pts',(85.6213659017289,132.812442891102,2.65636591416503));
#8037=CARTESIAN_POINT('Ctrl Pts',(86.1769130510182,134.220558553285,2.57786040378825));
#8038=CARTESIAN_POINT('Ctrl Pts',(87.6578711460069,134.533864030515,2.49935489341148));
#8039=CARTESIAN_POINT('Ctrl Pts',(88.7360997385289,133.471394702509,2.42084938303469));
#8040=CARTESIAN_POINT('Ctrl Pts',(88.4445799880782,131.985966402277,2.34234387265792));
#8041=CARTESIAN_POINT('Ctrl Pts',(87.0448332306964,131.409813664342,2.26383836228114));
#8042=CARTESIAN_POINT('Ctrl Pts',(85.7920184767264,132.25950285718,2.18533285190436));
#8043=CARTESIAN_POINT('Ctrl Pts',(85.810041218037,133.773309497174,2.10682734152758));
#8044=CARTESIAN_POINT('Ctrl Pts',(87.0819987751283,134.59299362164,2.0283218311508));
#8045=CARTESIAN_POINT('Ctrl Pts',(88.468720904843,133.984773131738,1.94981632077402));
#8046=CARTESIAN_POINT('Ctrl Pts',(88.7232555818955,132.491460468717,1.87131081039724));
#8047=CARTESIAN_POINT('Ctrl Pts',(87.9905629161662,131.803797656461,1.81897380347939));
#8048=CARTESIAN_POINT('Ctrl Pts',(87.5593568547553,131.688517979757,1.79280530002046));
#8049=CARTESIAN_POINT('Ctrl Pts',(88.3075919789732,133.946177159885,6.00719469997954));
#8050=CARTESIAN_POINT('Ctrl Pts',(88.6188015901958,133.58484551576,5.98102619652062));
#8051=CARTESIAN_POINT('Ctrl Pts',(88.8515539860822,132.536806674257,5.92868918960276));
#8052=CARTESIAN_POINT('Ctrl Pts',(87.7279362812822,131.371952673708,5.85018367922598));
#8053=CARTESIAN_POINT('Ctrl Pts',(86.1377995397609,131.669889291237,5.7716781688492));
#8054=CARTESIAN_POINT('Ctrl Pts',(85.5085370677774,133.159086629111,5.69317265847242));
#8055=CARTESIAN_POINT('Ctrl Pts',(86.4039176479094,134.506105139364,5.61466714809564));
#8056=CARTESIAN_POINT('Ctrl Pts',(88.021220832185,134.501912287228,5.53616163771886));
#8057=CARTESIAN_POINT('Ctrl Pts',(88.9098792587819,133.150742016673,5.45765612734209));
#8058=CARTESIAN_POINT('Ctrl Pts',(88.2729855250606,131.664130775261,5.37915061696531));
#8059=CARTESIAN_POINT('Ctrl Pts',(86.6816913132127,131.375413964781,5.30064510658853));
#8060=CARTESIAN_POINT('Ctrl Pts',(85.5631212575149,132.543468752935,5.22213959621175));
#8061=CARTESIAN_POINT('Ctrl Pts',(85.9204288451744,134.120780058788,5.14363408583497));
#8062=CARTESIAN_POINT('Ctrl Pts',(87.4331753382904,134.69276608549,5.06512857545819));
#8063=CARTESIAN_POINT('Ctrl Pts',(88.7446921959353,133.746461644401,4.98662306508141));
#8064=CARTESIAN_POINT('Ctrl Pts',(88.6787806446645,132.130532450056,4.90811755470463));
#8065=CARTESIAN_POINT('Ctrl Pts',(87.2945513862902,131.29418345949,4.82961204432785));
#8066=CARTESIAN_POINT('Ctrl Pts',(85.8334142916412,131.987471741251,4.75110653395107));
#8067=CARTESIAN_POINT('Ctrl Pts',(85.6057517658686,133.588640162503,4.67260102357429));
#8068=CARTESIAN_POINT('Ctrl Pts',(86.8157370114879,134.661722684196,4.59409551319751));
#8069=CARTESIAN_POINT('Ctrl Pts',(88.3782264768618,134.244353453179,4.51559000282073));
#8070=CARTESIAN_POINT('Ctrl Pts',(88.8919424717587,132.710839088071,4.43708449244395));
#8071=CARTESIAN_POINT('Ctrl Pts',(87.8961722750729,131.436471743054,4.35857898206717));
#8072=CARTESIAN_POINT('Ctrl Pts',(86.2839462741676,131.56413434267,4.28007347169039));
#8073=CARTESIAN_POINT('Ctrl Pts',(85.5011470742341,132.979336035823,4.20156796131362));
#8074=CARTESIAN_POINT('Ctrl Pts',(86.2498076081839,134.412890298053,4.12306245093683));
#8075=CARTESIAN_POINT('Ctrl Pts',(87.8585113105884,134.579151586931,4.04455694056006));
#8076=CARTESIAN_POINT('Ctrl Pts',(88.8845344564726,133.329012825594,3.96605143018327));
#8077=CARTESIAN_POINT('Ctrl Pts',(88.4077150962875,131.783628175748,3.8875459198065));
#8078=CARTESIAN_POINT('Ctrl Pts',(86.8556761679373,131.32893533066,3.80904040942972));
#8079=CARTESIAN_POINT('Ctrl Pts',(85.6203230801017,132.372713643657,3.73053489905294));
#8080=CARTESIAN_POINT('Ctrl Pts',(85.8095498505178,133.978877908983,3.65202938867616));
#8081=CARTESIAN_POINT('Ctrl Pts',(87.2536534134474,134.706981829624,3.57352387829938));
#8082=CARTESIAN_POINT('Ctrl Pts',(88.657527360836,133.904044498832,3.4950183679226));
#8083=CARTESIAN_POINT('Ctrl Pts',(88.7621441640439,132.290159205777,3.41651285754582));
#8084=CARTESIAN_POINT('Ctrl Pts',(87.4736809814259,131.312696644631,3.33800734716904));
#8085=CARTESIAN_POINT('Ctrl Pts',(85.9476622379804,131.848268487671,3.25950183679226));
#8086=CARTESIAN_POINT('Ctrl Pts',(85.5526577979446,133.416561153385,3.18099632641548));
#8087=CARTESIAN_POINT('Ctrl Pts',(86.6429170840985,134.611092537573,3.1024908160387));
#8088=CARTESIAN_POINT('Ctrl Pts',(88.2406695434996,134.360578407304,3.02398530566192));
#8089=CARTESIAN_POINT('Ctrl Pts',(88.9130130084005,132.88968597787,2.94547979528514));
#8090=CARTESIAN_POINT('Ctrl Pts',(88.0569734081314,131.51754615391,2.86697428490836));
#8091=CARTESIAN_POINT('Ctrl Pts',(86.4402683899833,131.474727379924,2.78846877453158));
#8092=CARTESIAN_POINT('Ctrl Pts',(85.5127953830723,132.799628805928,2.7099632641548));
#8093=CARTESIAN_POINT('Ctrl Pts',(86.1063385738835,134.304051003455,2.63145775377802));
#8094=CARTESIAN_POINT('Ctrl Pts',(87.6885851829817,134.63878466718,2.55295224340124));
#8095=CARTESIAN_POINT('Ctrl Pts',(88.8405580444177,133.503648907973,2.47444673302447));
#8096=CARTESIAN_POINT('Ctrl Pts',(88.5291001185002,131.916626358818,2.39594122264769));
#8097=CARTESIAN_POINT('Ctrl Pts',(87.0336192078938,131.301068282593,2.31743571227091));
#8098=CARTESIAN_POINT('Ctrl Pts',(85.6951195548616,132.208871041297,2.23893020189413));
#8099=CARTESIAN_POINT('Ctrl Pts',(85.7143749419128,133.82621283582,2.16042469151735));
#8100=CARTESIAN_POINT('Ctrl Pts',(87.0733266492126,134.701958362216,2.08191918114057));
#8101=CARTESIAN_POINT('Ctrl Pts',(88.5548921269445,134.052139295095,2.00341367076379));
#8102=CARTESIAN_POINT('Ctrl Pts',(88.8268354256962,132.456693140755,1.92490816038701));
#8103=CARTESIAN_POINT('Ctrl Pts',(88.0440310440028,131.721998380264,1.87257115346916));
#8104=CARTESIAN_POINT('Ctrl Pts',(87.5833331141974,131.598834275769,1.84640265001023));
#8105=CARTESIAN_POINT('Ctrl Pts',(88.3779321262074,134.006760090359,6.06079204996931));
#8106=CARTESIAN_POINT('Ctrl Pts',(88.7090640168751,133.622297573257,6.03462354651039));
#8107=CARTESIAN_POINT('Ctrl Pts',(88.9567162041083,132.507167864644,5.98228653959253));
#8108=CARTESIAN_POINT('Ctrl Pts',(87.7611694036212,131.267745000941,5.90378102921575));
#8109=CARTESIAN_POINT('Ctrl Pts',(86.0692390561894,131.584754218857,5.82527551883897));
#8110=CARTESIAN_POINT('Ctrl Pts',(85.3996939503828,133.169283463086,5.74677000846219));
#8111=CARTESIAN_POINT('Ctrl Pts',(86.3523928827884,134.602532212416,5.66826449808542));
#8112=CARTESIAN_POINT('Ctrl Pts',(88.0732287499329,134.598070952207,5.58975898770864));
#8113=CARTESIAN_POINT('Ctrl Pts',(89.0187752059074,133.160404665022,5.51125347733186));
#8114=CARTESIAN_POINT('Ctrl Pts',(88.3411103183322,131.578627067851,5.43274796695508));
#8115=CARTESIAN_POINT('Ctrl Pts',(86.6479484043812,131.271427868744,5.3542424565783));
#8116=CARTESIAN_POINT('Ctrl Pts',(85.4577723814354,132.514256420489,5.27573694620151));
#8117=CARTESIAN_POINT('Ctrl Pts',(85.8379532395612,134.192540303902,5.19723143582474));
#8118=CARTESIAN_POINT('Ctrl Pts',(87.4475391530501,134.801142376677,5.11872592544796));
#8119=CARTESIAN_POINT('Ctrl Pts',(88.8430135891008,133.794259660254,5.04022041507118));
#8120=CARTESIAN_POINT('Ctrl Pts',(88.7728826683257,132.074885739871,4.9617149046944));
#8121=CARTESIAN_POINT('Ctrl Pts',(87.3000411013759,131.18499734145,4.88320939431762));
#8122=CARTESIAN_POINT('Ctrl Pts',(85.7453683945306,131.922666909609,4.80470388394084));
#8123=CARTESIAN_POINT('Ctrl Pts',(85.5031319086552,133.626335136703,4.72619837356406));
#8124=CARTESIAN_POINT('Ctrl Pts',(86.7905751225321,134.76811171248,4.64769286318728));
#8125=CARTESIAN_POINT('Ctrl Pts',(88.4530883360055,134.324024327035,4.5691873528105));
#8126=CARTESIAN_POINT('Ctrl Pts',(88.9996901841558,132.692341073137,4.49068184243372));
#8127=CARTESIAN_POINT('Ctrl Pts',(87.9401751306082,131.336394299184,4.41217633205694));
#8128=CARTESIAN_POINT('Ctrl Pts',(86.2247414659282,131.472229300591,4.33367082168016));
#8129=CARTESIAN_POINT('Ctrl Pts',(85.3918308817442,132.978026022255,4.25516531130338));
#8130=CARTESIAN_POINT('Ctrl Pts',(86.1884173917209,134.503350164277,4.1766598009266));
#8131=CARTESIAN_POINT('Ctrl Pts',(87.9001032757413,134.680254774372,4.09815429054982));
#8132=CARTESIAN_POINT('Ctrl Pts',(88.9918079401013,133.350087592156,4.01964878017305));
#8133=CARTESIAN_POINT('Ctrl Pts',(88.4844646879929,131.705774169759,3.94114326979627));
#8134=CARTESIAN_POINT('Ctrl Pts',(86.833071009259,131.22197387556,3.86263775941948));
#8135=CARTESIAN_POINT('Ctrl Pts',(85.5186360147543,132.332570315249,3.78413224904271));
#8136=CARTESIAN_POINT('Ctrl Pts',(85.7199762561651,134.041554198525,3.70562673866593));
#8137=CARTESIAN_POINT('Ctrl Pts',(87.2565250190199,134.816268150633,3.62712122828915));
#8138=CARTESIAN_POINT('Ctrl Pts',(88.7502688421351,133.961930280449,3.54861571791237));
#8139=CARTESIAN_POINT('Ctrl Pts',(88.8615827559493,132.244731102986,3.47011020753559));
#8140=CARTESIAN_POINT('Ctrl Pts',(87.4906377904653,131.204695659809,3.39160469715881));
#8141=CARTESIAN_POINT('Ctrl Pts',(85.8669299951752,131.774552471999,3.31309918678203));
#8142=CARTESIAN_POINT('Ctrl Pts',(85.4466390969049,133.44324038134,3.23459367640525));
#8143=CARTESIAN_POINT('Ctrl Pts',(86.6066920185474,134.714240445105,3.15608816602847));
#8144=CARTESIAN_POINT('Ctrl Pts',(88.3067256088401,134.447689494865,3.07758265565169));
#8145=CARTESIAN_POINT('Ctrl Pts',(89.0221095644833,132.882636959329,2.99907714527491));
#8146=CARTESIAN_POINT('Ctrl Pts',(88.1112700495664,131.422658739558,2.92057163489813));
#8147=CARTESIAN_POINT('Ctrl Pts',(86.3910706405314,131.377098894763,2.84206612452135));
#8148=CARTESIAN_POINT('Ctrl Pts',(85.4042248644156,132.786814720754,2.76356061414458));
#8149=CARTESIAN_POINT('Ctrl Pts',(86.0357640967487,134.387543453625,2.68505510376779));
#8150=CARTESIAN_POINT('Ctrl Pts',(87.7192992199566,134.743705303845,2.60654959339101));
#8151=CARTESIAN_POINT('Ctrl Pts',(88.9450163503064,133.535903113437,2.52804408301423));
#8152=CARTESIAN_POINT('Ctrl Pts',(88.6136202489222,131.847286315359,2.44953857263746));
#8153=CARTESIAN_POINT('Ctrl Pts',(87.0224051850911,131.192322900844,2.37103306226068));
#8154=CARTESIAN_POINT('Ctrl Pts',(85.598220632997,132.158239225414,2.2925275518839));
#8155=CARTESIAN_POINT('Ctrl Pts',(85.6187086657884,133.879116174465,2.21402204150712));
#8156=CARTESIAN_POINT('Ctrl Pts',(87.0646545232971,134.810923102793,2.13551653113034));
#8157=CARTESIAN_POINT('Ctrl Pts',(88.641063349046,134.119505458452,2.05701102075356));
#8158=CARTESIAN_POINT('Ctrl Pts',(88.9304152694969,132.421925812792,1.97850551037678));
#8159=CARTESIAN_POINT('Ctrl Pts',(88.0974991718395,131.640199104067,1.92616850345893));
#8160=CARTESIAN_POINT('Ctrl Pts',(87.6073093736394,131.509150571781,1.9));
#8161=CARTESIAN_POINT('Ctrl Pts',(87.6073093736394,131.509150571781,1.9));
#8162=CARTESIAN_POINT('Ctrl Pts',(87.6646580404295,131.530105538586,1.9));
#8163=CARTESIAN_POINT('Ctrl Pts',(87.7205217164512,131.554693216446,1.9));
#8164=CARTESIAN_POINT('Ctrl Pts',(87.7746859283338,131.582636668894,1.9));
#8165=CARTESIAN_POINT('Ctrl Pts',(87.824905725979,131.608545188167,1.9));
#8166=CARTESIAN_POINT('Ctrl Pts',(87.8736647595554,131.637339649552,1.9));
#8167=CARTESIAN_POINT('Ctrl Pts',(87.9207646922297,131.668829264703,1.9));
#8168=CARTESIAN_POINT('Ctrl Pts',(87.9321374290326,131.676432738526,1.9));
#8169=CARTESIAN_POINT('Ctrl Pts',(87.943413597,131.684193819645,1.9));
#8170=CARTESIAN_POINT('Ctrl Pts',(87.9545778273724,131.692100838627,1.9));
#8171=CARTESIAN_POINT('Ctrl Pts',(88.0036989551267,131.726890669777,1.9));
#8172=CARTESIAN_POINT('Ctrl Pts',(88.0507169192838,131.764542688033,1.9));
#8173=CARTESIAN_POINT('Ctrl Pts',(88.0954024011177,131.804810944408,1.9));
#8174=CARTESIAN_POINT('Ctrl Pts',(88.1229838084776,131.829665889172,1.9));
#8175=CARTESIAN_POINT('Ctrl Pts',(88.1496758501497,131.855518285557,1.9));
#8176=CARTESIAN_POINT('Ctrl Pts',(88.1754161087837,131.882315459895,1.9));
#8177=CARTESIAN_POINT('Ctrl Pts',(88.184218374482,131.891479153697,1.9));
#8178=CARTESIAN_POINT('Ctrl Pts',(88.1929092772776,131.900753356035,1.9));
#8179=CARTESIAN_POINT('Ctrl Pts',(88.2014861230872,131.910136033101,1.9));
#8180=CARTESIAN_POINT('Ctrl Pts',(88.2095194423681,131.918924117001,1.9));
#8181=CARTESIAN_POINT('Ctrl Pts',(88.217447562429,131.927801810705,1.9));
#8182=CARTESIAN_POINT('Ctrl Pts',(88.2252647264895,131.93676248636,1.9));
#8183=CARTESIAN_POINT('Ctrl Pts',(88.2639347757185,131.981089273672,1.9));
#8184=CARTESIAN_POINT('Ctrl Pts',(88.2999255611004,132.027479811448,1.9));
#8185=CARTESIAN_POINT('Ctrl Pts',(88.3330220287199,132.075703895895,1.9));
#8186=CARTESIAN_POINT('Ctrl Pts',(88.3652756217925,132.122699847667,1.9));
#8187=CARTESIAN_POINT('Ctrl Pts',(88.3947808096354,132.171438060656,1.9));
#8188=CARTESIAN_POINT('Ctrl Pts',(88.4212928846979,132.221723545944,1.9));
#8189=CARTESIAN_POINT('Ctrl Pts',(88.4356666960685,132.248986371601,1.9));
#8190=CARTESIAN_POINT('Ctrl Pts',(88.4491598869045,132.276704234877,1.9));
#8191=CARTESIAN_POINT('Ctrl Pts',(88.4617270487489,132.304846979493,1.9));
#8192=CARTESIAN_POINT('Ctrl Pts',(88.4721826141009,132.328261041408,1.9));
#8193=CARTESIAN_POINT('Ctrl Pts',(88.4819971236673,132.35196921784,1.9));
#8194=CARTESIAN_POINT('Ctrl Pts',(88.4911418090842,132.375954135172,1.9));
#8195=CARTESIAN_POINT('Ctrl Pts',(88.4950478455416,132.386198988576,1.9));
#8196=CARTESIAN_POINT('Ctrl Pts',(88.4988319674187,132.396495583647,1.9));
#8197=CARTESIAN_POINT('Ctrl Pts',(88.5024861727021,132.406825646965,1.9));
#8198=CARTESIAN_POINT('Ctrl Pts',(88.5194138842634,132.454678550319,1.9));
#8199=CARTESIAN_POINT('Ctrl Pts',(88.5335886699733,132.503330531308,1.9));
#8200=CARTESIAN_POINT('Ctrl Pts',(88.5448444993695,132.552638028199,1.9));
#8201=CARTESIAN_POINT('Ctrl Pts',(88.5574221887937,132.607736089865,1.9));
#8202=CARTESIAN_POINT('Ctrl Pts',(88.5663557697174,132.663653611852,1.9));
#8203=CARTESIAN_POINT('Ctrl Pts',(88.5717350366019,132.72005500046,1.9));
#8204=CARTESIAN_POINT('Ctrl Pts',(88.5762999458549,132.767917883316,1.9));
#8205=CARTESIAN_POINT('Ctrl Pts',(88.5783041576545,132.816129669179,1.9));
#8206=CARTESIAN_POINT('Ctrl Pts',(88.5777741045314,132.864477606436,1.9));
#8207=CARTESIAN_POINT('Ctrl Pts',(88.5776283509475,132.877772283558,1.9));
#8208=CARTESIAN_POINT('Ctrl Pts',(88.5772908303674,132.891077186635,1.9));
#8209=CARTESIAN_POINT('Ctrl Pts',(88.5767617768966,132.904387712091,1.9));
#8210=CARTESIAN_POINT('Ctrl Pts',(88.5763500359403,132.914746756657,1.9));
#8211=CARTESIAN_POINT('Ctrl Pts',(88.57582208697,132.92511098257,1.9));
#8212=CARTESIAN_POINT('Ctrl Pts',(88.5751792897143,132.935461335617,1.9));
#8213=CARTESIAN_POINT('Ctrl Pts',(88.5717391904702,132.990853982953,1.9));
#8214=CARTESIAN_POINT('Ctrl Pts',(88.5650110855707,133.045953137628,1.9));
#8215=CARTESIAN_POINT('Ctrl Pts',(88.5550895669806,133.100444669499,1.9));
#8216=CARTESIAN_POINT('Ctrl Pts',(88.545223281237,133.154632848372,1.9));
#8217=CARTESIAN_POINT('Ctrl Pts',(88.5321985514259,133.208221242398,1.9));
#8218=CARTESIAN_POINT('Ctrl Pts',(88.5160614954408,133.26088098789,1.9));
#8219=CARTESIAN_POINT('Ctrl Pts',(88.5010895861212,133.309738532601,1.9));
#8220=CARTESIAN_POINT('Ctrl Pts',(88.4834378366294,133.357797157855,1.9));
#8221=CARTESIAN_POINT('Ctrl Pts',(88.4631119284185,133.404766624622,1.9));
#8222=CARTESIAN_POINT('Ctrl Pts',(88.4578906574126,133.416832029643,1.9));
#8223=CARTESIAN_POINT('Ctrl Pts',(88.4524907295346,133.428829445534,1.9));
#8224=CARTESIAN_POINT('Ctrl Pts',(88.4469245763647,133.440727655759,1.9));
#8225=CARTESIAN_POINT('Ctrl Pts',(88.4244250361926,133.488822677721,1.9));
#8226=CARTESIAN_POINT('Ctrl Pts',(88.3991814311588,133.535376877137,1.9));
#8227=CARTESIAN_POINT('Ctrl Pts',(88.371245369316,133.580095146061,1.9));
#8228=CARTESIAN_POINT('Ctrl Pts',(88.3442539034817,133.623301365845,1.9));
#8229=CARTESIAN_POINT('Ctrl Pts',(88.3147484070984,133.664794362793,1.9));
#8230=CARTESIAN_POINT('Ctrl Pts',(88.2827421339405,133.704273767105,1.9));
#8231=CARTESIAN_POINT('Ctrl Pts',(88.2603614391929,133.731880120783,1.9));
#8232=CARTESIAN_POINT('Ctrl Pts',(88.2367572702432,133.758501207001,1.9));
#8233=CARTESIAN_POINT('Ctrl Pts',(88.2119260774401,133.784021369732,1.9));
#8234=CARTESIAN_POINT('Ctrl Pts',(88.1979145546034,133.798421658343,1.9));
#8235=CARTESIAN_POINT('Ctrl Pts',(88.1835121996131,133.812471177249,1.9));
#8236=CARTESIAN_POINT('Ctrl Pts',(88.1687354493717,133.82616139823,1.9));
#8237=CARTESIAN_POINT('Ctrl Pts',(85.9447176906384,132.998731372779,5.09341967361942));
#8238=CARTESIAN_POINT('Ctrl Pts',(85.9437620967423,132.884631250242,5.10059474782368));
#8239=CARTESIAN_POINT('Ctrl Pts',(85.9579714041528,132.770764891488,5.10776982202794));
#8240=CARTESIAN_POINT('Ctrl Pts',(85.9883055376619,132.661369899454,5.11494489623221));
#8241=CARTESIAN_POINT('Ctrl Pts',(86.0989383834077,132.262390997503,5.14111339969113));
#8242=CARTESIAN_POINT('Ctrl Pts',(86.4240577571417,131.922888577179,5.16728190315006));
#8243=CARTESIAN_POINT('Ctrl Pts',(86.8178772452824,131.795096039221,5.19345040660899));
#8244=CARTESIAN_POINT('Ctrl Pts',(87.211696733423,131.667303501264,5.21961891006791));
#8245=CARTESIAN_POINT('Ctrl Pts',(87.6742163359702,131.751220845673,5.24578741352684));
#8246=CARTESIAN_POINT('Ctrl Pts',(87.9980347082461,132.009225939526,5.27195591698576));
#8247=CARTESIAN_POINT('Ctrl Pts',(88.321853080522,132.26723103338,5.29812442044469));
#8248=CARTESIAN_POINT('Ctrl Pts',(88.5069702225264,132.699323876677,5.32429292390362));
#8249=CARTESIAN_POINT('Ctrl Pts',(88.4703817322217,133.111733337875,5.35046142736255));
#8250=CARTESIAN_POINT('Ctrl Pts',(88.433793241917,133.524142799072,5.37662993082147));
#8251=CARTESIAN_POINT('Ctrl Pts',(88.1754991193031,133.916868878171,5.4027984342804));
#8252=CARTESIAN_POINT('Ctrl Pts',(87.8113124215732,134.113841257052,5.42896693773932));
#8253=CARTESIAN_POINT('Ctrl Pts',(87.4471257238433,134.310813635933,5.45513544119825));
#8254=CARTESIAN_POINT('Ctrl Pts',(86.9770464509972,134.312032314596,5.48130394465718));
#8255=CARTESIAN_POINT('Ctrl Pts',(86.6118828353102,134.116881981912,5.5074724481161));
#8256=CARTESIAN_POINT('Ctrl Pts',(86.246719219623,133.921731649227,5.53364095157503));
#8257=CARTESIAN_POINT('Ctrl Pts',(85.9864712610949,133.530212305194,5.55980945503396));
#8258=CARTESIAN_POINT('Ctrl Pts',(85.947796815887,133.118030378984,5.58597795849288));
#8259=CARTESIAN_POINT('Ctrl Pts',(85.9441307776365,133.078958720696,5.58845853020173));
#8260=CARTESIAN_POINT('Ctrl Pts',(85.9424557044673,133.039701397258,5.59093910191057));
#8261=CARTESIAN_POINT('Ctrl Pts',(85.9427018102057,133.000423468614,5.59341967361942));
#8262=CARTESIAN_POINT('Ctrl Pts',(86.810281689925,131.509150571781,5.9));
#8263=CARTESIAN_POINT('Ctrl Pts',(86.3200918917249,131.640199104067,5.87383149654108));
#8264=CARTESIAN_POINT('Ctrl Pts',(85.4871756124225,132.421924413269,5.82149448962322));
#8265=CARTESIAN_POINT('Ctrl Pts',(85.776527870235,134.119505598116,5.74298897924645));
#8266=CARTESIAN_POINT('Ctrl Pts',(87.3529365287799,134.81092269789,5.66448346886966));
#8267=CARTESIAN_POINT('Ctrl Pts',(88.798882223525,133.879116192439,5.58597795849289));
#8268=CARTESIAN_POINT('Ctrl Pts',(88.8193702856167,132.158239251332,5.5074724481161));
#8269=CARTESIAN_POINT('Ctrl Pts',(87.3951858503411,131.19232310872,5.42896693773933));
#8270=CARTESIAN_POINT('Ctrl Pts',(85.803970959382,131.84728641392,5.35046142736254));
#8271=CARTESIAN_POINT('Ctrl Pts',(85.4725748811328,133.535903068313,5.27195591698577));
#8272=CARTESIAN_POINT('Ctrl Pts',(86.6982918960189,134.743705127679,5.19345040660899));
#8273=CARTESIAN_POINT('Ctrl Pts',(88.3818268498918,134.387543318633,5.11494489623221));
#8274=CARTESIAN_POINT('Ctrl Pts',(89.013366021578,132.786814740759,5.03643938585543));
#8275=CARTESIAN_POINT('Ctrl Pts',(88.0265203419774,131.377099055493,4.95793387547865));
#8276=CARTESIAN_POINT('Ctrl Pts',(86.3063211032701,131.422658895015,4.87942836510187));
#8277=CARTESIAN_POINT('Ctrl Pts',(85.3954816780265,132.882636971027,4.80092285472509));
#8278=CARTESIAN_POINT('Ctrl Pts',(86.1108655631715,134.447689351846,4.72241734434831));
#8279=CARTESIAN_POINT('Ctrl Pts',(87.8108989855463,134.714240275866,4.64391183397153));
#8280=CARTESIAN_POINT('Ctrl Pts',(88.9709517926891,133.443240337542,4.56540632359475));
#8281=CARTESIAN_POINT('Ctrl Pts',(88.5506609358971,131.774552592979,4.48690081321797));
#8282=CARTESIAN_POINT('Ctrl Pts',(86.9269533009293,131.20469583704,4.40839530284119));
#8283=CARTESIAN_POINT('Ctrl Pts',(85.5560084707976,132.244731177538,4.32988979246441));
#8284=CARTESIAN_POINT('Ctrl Pts',(85.6673223736241,133.961930185454,4.25138428208764));
#8285=CARTESIAN_POINT('Ctrl Pts',(87.1610660492566,134.816267971289,4.17287877171085));
#8286=CARTESIAN_POINT('Ctrl Pts',(88.6976146604045,134.04155409567,4.09437326133407));
#8287=CARTESIAN_POINT('Ctrl Pts',(88.8989548819359,132.332570381126,4.01586775095729));
#8288=CARTESIAN_POINT('Ctrl Pts',(87.5845200172092,131.221974051089,3.93736224058052));
#8289=CARTESIAN_POINT('Ctrl Pts',(85.9331265015217,131.705774297522,3.85885673020374));
#8290=CARTESIAN_POINT('Ctrl Pts',(85.4257832995048,133.350087557571,3.78035121982696));
#8291=CARTESIAN_POINT('Ctrl Pts',(86.5174878560778,134.680254608456,3.70184570945018));
#8292=CARTESIAN_POINT('Ctrl Pts',(88.2291735710989,134.503350015827,3.62334019907339));
#8293=CARTESIAN_POINT('Ctrl Pts',(89.0257600024264,132.978026024406,3.54483468869662));
#8294=CARTESIAN_POINT('Ctrl Pts',(88.1928495004779,131.472229451411,3.46632917831984));
#8295=CARTESIAN_POINT('Ctrl Pts',(86.4774160051672,131.336394463418,3.38782366794306));
#8296=CARTESIAN_POINT('Ctrl Pts',(85.4179010562283,132.692341103491,3.30931815756628));
#8297=CARTESIAN_POINT('Ctrl Pts',(85.9645028504116,134.324024196295,3.2308126471895));
#8298=CARTESIAN_POINT('Ctrl Pts',(87.6270158997398,134.768111537879,3.15230713681272));
#8299=CARTESIAN_POINT('Ctrl Pts',(88.9144589865053,133.626335074864,3.07380162643594));
#8300=CARTESIAN_POINT('Ctrl Pts',(88.6722225245445,131.922667015917,2.99529611605916));
#8301=CARTESIAN_POINT('Ctrl Pts',(87.1175499711983,131.18499752071,2.91679060568238));
#8302=CARTESIAN_POINT('Ctrl Pts',(85.6447085496658,132.074885831034,2.8382850953056));
#8303=CARTESIAN_POINT('Ctrl Pts',(85.5745776358073,133.794259582124,2.75977958492882));
#8304=CARTESIAN_POINT('Ctrl Pts',(86.970051934113,134.801142198219,2.68127407455204));
#8305=CARTESIAN_POINT('Ctrl Pts',(88.5796376885745,134.192540187323,2.60276856417526));
#8306=CARTESIAN_POINT('Ctrl Pts',(88.9598185094711,132.514256466132,2.52426305379848));
#8307=CARTESIAN_POINT('Ctrl Pts',(87.7696426032226,131.271428043814,2.4457575434217));
#8308=CARTESIAN_POINT('Ctrl Pts',(86.0764808584972,131.578627199719,2.36725203304492));
#8309=CARTESIAN_POINT('Ctrl Pts',(85.3988160327685,133.160404665148,2.28874652266814));
#8310=CARTESIAN_POINT('Ctrl Pts',(86.3443624075173,134.59807076462,2.21024101229137));
#8311=CARTESIAN_POINT('Ctrl Pts',(88.0651980756285,134.602532109331,2.13173550191459));
#8312=CARTESIAN_POINT('Ctrl Pts',(89.0178969793515,133.169283350055,2.05322999153781));
#8313=CARTESIAN_POINT('Ctrl Pts',(88.3483517697427,131.584754546896,1.97472448116103));
#8314=CARTESIAN_POINT('Ctrl Pts',(86.6564218672825,131.267744973295,1.89621897078425));
#8315=CARTESIAN_POINT('Ctrl Pts',(85.4608739208307,132.507168918515,1.81771346040747));
#8316=CARTESIAN_POINT('Ctrl Pts',(85.7085270466894,133.622297573257,1.76537645348961));
#8317=CARTESIAN_POINT('Ctrl Pts',(86.039658937357,134.006760090359,1.73920795003069));
#8318=CARTESIAN_POINT('Ctrl Pts',(86.834257949367,131.598834275769,5.95359734998977));
#8319=CARTESIAN_POINT('Ctrl Pts',(86.3735600195616,131.721998380264,5.92742884653085));
#8320=CARTESIAN_POINT('Ctrl Pts',(85.5907554671518,132.456691825432,5.87509183961299));
#8321=CARTESIAN_POINT('Ctrl Pts',(85.862699082968,134.052139426357,5.79658632923621));
#8322=CARTESIAN_POINT('Ctrl Pts',(87.3442644035555,134.701957981674,5.71808081885943));
#8323=CARTESIAN_POINT('Ctrl Pts',(88.7032159578845,133.826212852712,5.63957530848266));
#8324=CARTESIAN_POINT('Ctrl Pts',(88.7224713724729,132.208871065656,5.56106979810587));
#8325=CARTESIAN_POINT('Ctrl Pts',(87.383971829231,131.301068477962,5.48256428772909));
#8326=CARTESIAN_POINT('Ctrl Pts',(85.8884910810958,131.91662645145,5.40405877735231));
#8327=CARTESIAN_POINT('Ctrl Pts',(85.5770331769215,133.503648865564,5.32555326697554));
#8328=CARTESIAN_POINT('Ctrl Pts',(86.7290059298405,134.638784501614,5.24704775659876));
#8329=CARTESIAN_POINT('Ctrl Pts',(88.3112523797916,134.304050876585,5.16854224622198));
#8330=CARTESIAN_POINT('Ctrl Pts',(88.9047955136047,132.79962882473,5.0900367358452));
#8331=CARTESIAN_POINT('Ctrl Pts',(87.977322597402,131.474727530984,5.01153122546842));
#8332=CARTESIAN_POINT('Ctrl Pts',(86.3606177393342,131.517546300013,4.93302571509164));
#8333=CARTESIAN_POINT('Ctrl Pts',(85.5045782233433,132.889685988864,4.85452020471486));
#8334=CARTESIAN_POINT('Ctrl Pts',(86.1769216219873,134.36057827289,4.77601469433808));
#8335=CARTESIAN_POINT('Ctrl Pts',(87.7746739235732,134.611092378517,4.6975091839613));
#8336=CARTESIAN_POINT('Ctrl Pts',(88.8649331021161,133.416561112222,4.61900367358452));
#8337=CARTESIAN_POINT('Ctrl Pts',(88.4699287010632,131.848268601373,4.54049816320774));
#8338=CARTESIAN_POINT('Ctrl Pts',(86.9439101082943,131.3126968112,4.46199265283096));
#8339=CARTESIAN_POINT('Ctrl Pts',(85.6554470528854,132.290159275843,4.38348714245418));
#8340=CARTESIAN_POINT('Ctrl Pts',(85.7600638457664,133.904044409553,4.3049816320774));
#8341=CARTESIAN_POINT('Ctrl Pts',(87.1639376545458,134.70698166107,4.22647612170062));
#8342=CARTESIAN_POINT('Ctrl Pts',(88.6080410748954,133.978877812316,4.14797061132384));
#8343=CARTESIAN_POINT('Ctrl Pts',(88.7972678266286,132.372713705571,4.06946510094706));
#8344=CARTESIAN_POINT('Ctrl Pts',(87.5619148607625,131.328935495629,3.99095959057029));
#8345=CARTESIAN_POINT('Ctrl Pts',(86.0098760856496,131.783628295824,3.9124540801935));
#8346=CARTESIAN_POINT('Ctrl Pts',(85.533056772542,133.32901279309,3.83394856981673));
#8347=CARTESIAN_POINT('Ctrl Pts',(86.5590798171243,134.579151430997,3.75544305943994));
#8348=CARTESIAN_POINT('Ctrl Pts',(88.1677833606971,134.412890158535,3.67693754906317));
#8349=CARTESIAN_POINT('Ctrl Pts',(88.9164438207296,132.979336037843,3.59843203868639));
#8350=CARTESIAN_POINT('Ctrl Pts',(88.133644698084,131.564134484417,3.51992652830961));
#8351=CARTESIAN_POINT('Ctrl Pts',(86.5214188563581,131.436471897407,3.44142101793283));
#8352=CARTESIAN_POINT('Ctrl Pts',(85.5256487579872,132.710839116599,3.36291550755605));
#8353=CARTESIAN_POINT('Ctrl Pts',(86.0393647021639,134.244353330305,3.28440999717927));
#8354=CARTESIAN_POINT('Ctrl Pts',(87.6018540132683,134.6617225201,3.20590448680249));
#8355=CARTESIAN_POINT('Ctrl Pts',(88.8118391394238,133.588640104384,3.12739897642571));
#8356=CARTESIAN_POINT('Ctrl Pts',(88.584176636127,131.987471841164,3.04889346604893));
#8357=CARTESIAN_POINT('Ctrl Pts',(87.123039685742,131.294183627965,2.97038795567215));
#8358=CARTESIAN_POINT('Ctrl Pts',(85.738810564036,132.130532535734,2.89188244529537));
#8359=CARTESIAN_POINT('Ctrl Pts',(85.6728990192657,133.746461570972,2.81337693491859));
#8360=CARTESIAN_POINT('Ctrl Pts',(86.984415747453,134.692765917769,2.73487142454181));
#8361=CARTESIAN_POINT('Ctrl Pts',(88.4971620911093,134.120779949222,2.65636591416503));
#8362=CARTESIAN_POINT('Ctrl Pts',(88.8544696437795,132.543468795832,2.57786040378825));
#8363=CARTESIAN_POINT('Ctrl Pts',(87.735899697758,131.375414129318,2.49935489341147));
#8364=CARTESIAN_POINT('Ctrl Pts',(86.1446056449543,131.664130899195,2.42084938303469));
#8365=CARTESIAN_POINT('Ctrl Pts',(85.5077119693585,133.150742016792,2.34234387265792));
#8366=CARTESIAN_POINT('Ctrl Pts',(86.3963703196167,134.501912110926,2.26383836228114));
#8367=CARTESIAN_POINT('Ctrl Pts',(88.0136733168337,134.506105042481,2.18533285190435));
#8368=CARTESIAN_POINT('Ctrl Pts',(88.9090538700087,133.159086522881,2.10682734152758));
#8369=CARTESIAN_POINT('Ctrl Pts',(88.2797913004682,131.66988959954,2.0283218311508));
#8370=CARTESIAN_POINT('Ctrl Pts',(86.6896549771471,131.371952647725,1.94981632077402));
#8371=CARTESIAN_POINT('Ctrl Pts',(85.5660361953285,132.536807664722,1.87131081039724));
#8372=CARTESIAN_POINT('Ctrl Pts',(85.7987894733687,133.58484551576,1.81897380347938));
#8373=CARTESIAN_POINT('Ctrl Pts',(86.1099990845913,133.946177159885,1.79280530002046));
#8374=CARTESIAN_POINT('Ctrl Pts',(86.8582342088091,131.688517979757,6.00719469997954));
#8375=CARTESIAN_POINT('Ctrl Pts',(86.4270281473982,131.803797656461,5.98102619652062));
#8376=CARTESIAN_POINT('Ctrl Pts',(85.6943353218811,132.491459237596,5.92868918960276));
#8377=CARTESIAN_POINT('Ctrl Pts',(85.948870295701,133.984773254597,5.85018367922598));
#8378=CARTESIAN_POINT('Ctrl Pts',(87.335592278331,134.592993265458,5.77167816884921));
#8379=CARTESIAN_POINT('Ctrl Pts',(88.6075496922439,133.773309512986,5.69317265847242));
#8380=CARTESIAN_POINT('Ctrl Pts',(88.625572459329,132.259502879979,5.61466714809565));
#8381=CARTESIAN_POINT('Ctrl Pts',(87.3727578081209,131.409813847204,5.53616163771886));
#8382=CARTESIAN_POINT('Ctrl Pts',(85.9730112028096,131.985966488979,5.45765612734209));
#8383=CARTESIAN_POINT('Ctrl Pts',(85.6814914727102,133.471394662815,5.3791506169653));
#8384=CARTESIAN_POINT('Ctrl Pts',(86.759719963662,134.533863875548,5.30064510658853));
#8385=CARTESIAN_POINT('Ctrl Pts',(88.2406779096915,134.220558434537,5.22213959621174));
#8386=CARTESIAN_POINT('Ctrl Pts',(88.7962250056315,132.8124429087,5.14363408583497));
#8387=CARTESIAN_POINT('Ctrl Pts',(87.9281248528267,131.572356006474,5.06512857545819));
#8388=CARTESIAN_POINT('Ctrl Pts',(86.4149143753982,131.612433705012,4.98662306508141));
#8389=CARTESIAN_POINT('Ctrl Pts',(85.6136747686599,132.896735006702,4.90811755470463));
#8390=CARTESIAN_POINT('Ctrl Pts',(86.242977680803,134.273467193934,4.82961204432785));
#8391=CARTESIAN_POINT('Ctrl Pts',(87.7384488616001,134.507944481168,4.75110653395107));
#8392=CARTESIAN_POINT('Ctrl Pts',(88.7589144115431,133.389881886902,4.67260102357429));
#8393=CARTESIAN_POINT('Ctrl Pts',(88.3891964662293,131.921984609767,4.59409551319751));
#8394=CARTESIAN_POINT('Ctrl Pts',(86.9608669156594,131.420697785359,4.51559000282073));
#8395=CARTESIAN_POINT('Ctrl Pts',(85.754885634973,132.335587374149,4.43708449244395));
#8396=CARTESIAN_POINT('Ctrl Pts',(85.8528053179088,133.846158633651,4.35857898206718));
#8397=CARTESIAN_POINT('Ctrl Pts',(87.1668092598348,134.597695350851,4.28007347169039));
#8398=CARTESIAN_POINT('Ctrl Pts',(88.5184674893864,133.916201528963,4.20156796131361));
#8399=CARTESIAN_POINT('Ctrl Pts',(88.6955807713212,132.412857030016,4.12306245093684));
#8400=CARTESIAN_POINT('Ctrl Pts',(87.539309704316,131.435896940168,4.04455694056005));
#8401=CARTESIAN_POINT('Ctrl Pts',(86.0866256697773,131.861482294126,3.96605143018327));
#8402=CARTESIAN_POINT('Ctrl Pts',(85.6403302455793,133.307938028609,3.8875459198065));
#8403=CARTESIAN_POINT('Ctrl Pts',(86.6006717781706,134.478048253539,3.80904040942971));
#8404=CARTESIAN_POINT('Ctrl Pts',(88.1063931502954,134.322430301242,3.73053489905294));
#8405=CARTESIAN_POINT('Ctrl Pts',(88.8071276390329,132.980646051281,3.65202938867616));
#8406=CARTESIAN_POINT('Ctrl Pts',(88.0744398956899,131.656039517422,3.57352387829938));
#8407=CARTESIAN_POINT('Ctrl Pts',(86.5654217075489,131.536549331397,3.4950183679226));
#8408=CARTESIAN_POINT('Ctrl Pts',(85.6333964597461,132.729337129707,3.41651285754582));
#8409=CARTESIAN_POINT('Ctrl Pts',(86.1142265539163,134.164682464315,3.33800734716904));
#8410=CARTESIAN_POINT('Ctrl Pts',(87.5766921267969,134.555333502321,3.25950183679226));
#8411=CARTESIAN_POINT('Ctrl Pts',(88.7092192923422,133.550945133905,3.18099632641548));
#8412=CARTESIAN_POINT('Ctrl Pts',(88.4961307477096,132.05227666641,3.1024908160387));
#8413=CARTESIAN_POINT('Ctrl Pts',(87.1285294002857,131.403369735219,3.02398530566192));
#8414=CARTESIAN_POINT('Ctrl Pts',(85.8329125784061,132.186179240434,2.94547979528514));
#8415=CARTESIAN_POINT('Ctrl Pts',(85.7712204027241,133.69866355982,2.86697428490836));
#8416=CARTESIAN_POINT('Ctrl Pts',(86.998779560793,134.584389637318,2.78846877453158));
#8417=CARTESIAN_POINT('Ctrl Pts',(88.414686493644,134.049019711121,2.7099632641548));
#8418=CARTESIAN_POINT('Ctrl Pts',(88.749120778088,132.572681125532,2.63145775377802));
#8419=CARTESIAN_POINT('Ctrl Pts',(87.7021567922932,131.479400214822,2.55295224340124));
#8420=CARTESIAN_POINT('Ctrl Pts',(86.2127304314114,131.749634598672,2.47444673302446));
#8421=CARTESIAN_POINT('Ctrl Pts',(85.6166079059485,133.141079368435,2.39594122264769));
#8422=CARTESIAN_POINT('Ctrl Pts',(86.448378231716,134.405753457233,2.31743571227091));
#8423=CARTESIAN_POINT('Ctrl Pts',(87.9621485580388,134.409677975631,2.23893020189413));
#8424=CARTESIAN_POINT('Ctrl Pts',(88.8002107606658,133.148889695706,2.16042469151735));
#8425=CARTESIAN_POINT('Ctrl Pts',(88.2112308311936,131.755024652184,2.08191918114057));
#8426=CARTESIAN_POINT('Ctrl Pts',(86.7228880870117,131.476160322155,2.00341367076379));
#8427=CARTESIAN_POINT('Ctrl Pts',(85.6711984698262,132.56644641093,1.92490816038701));
#8428=CARTESIAN_POINT('Ctrl Pts',(85.8890519000479,133.547393458264,1.87257115346915));
#8429=CARTESIAN_POINT('Ctrl Pts',(86.1803392318256,133.885594229411,1.84640265001023));
#8430=CARTESIAN_POINT('Ctrl Pts',(86.8822104682511,131.778201683744,6.06079204996931));
#8431=CARTESIAN_POINT('Ctrl Pts',(86.4804962752349,131.885596932659,6.03462354651039));
#8432=CARTESIAN_POINT('Ctrl Pts',(85.7979151766103,132.526226649759,5.98228653959253));
#8433=CARTESIAN_POINT('Ctrl Pts',(86.035041508434,133.917407082837,5.90378102921575));
#8434=CARTESIAN_POINT('Ctrl Pts',(87.3269201531066,134.484028549243,5.82527551883897));
#8435=CARTESIAN_POINT('Ctrl Pts',(88.5118834266033,133.720406173259,5.7467700084622));
#8436=CARTESIAN_POINT('Ctrl Pts',(88.5286735461851,132.310134694303,5.66826449808542));
#8437=CARTESIAN_POINT('Ctrl Pts',(87.3615437870109,131.518559216446,5.58975898770863));
#8438=CARTESIAN_POINT('Ctrl Pts',(86.0575313245235,132.055306526508,5.51125347733186));
#8439=CARTESIAN_POINT('Ctrl Pts',(85.7859497684989,133.439140460066,5.43274796695507));
#8440=CARTESIAN_POINT('Ctrl Pts',(86.7904339974836,134.428943249482,5.3542424565783));
#8441=CARTESIAN_POINT('Ctrl Pts',(88.1701034395914,134.137065992489,5.27573694620151));
#8442=CARTESIAN_POINT('Ctrl Pts',(88.6876544976583,132.82525699267,5.19723143582474));
#8443=CARTESIAN_POINT('Ctrl Pts',(87.8789271082512,131.669984481964,5.11872592544796));
#8444=CARTESIAN_POINT('Ctrl Pts',(86.4692110114624,131.70732111001,5.04022041507118));
#8445=CARTESIAN_POINT('Ctrl Pts',(85.7227713139766,132.903784024539,4.9617149046944));
#8446=CARTESIAN_POINT('Ctrl Pts',(86.3090337396188,134.186356114977,4.88320939431762));
#8447=CARTESIAN_POINT('Ctrl Pts',(87.7022237996271,134.404796583818,4.80470388394084));
#8448=CARTESIAN_POINT('Ctrl Pts',(88.65289572097,133.363202661582,4.72619837356406));
#8449=CARTESIAN_POINT('Ctrl Pts',(88.3084642313955,131.995700618161,4.64769286318728));
#8450=CARTESIAN_POINT('Ctrl Pts',(86.9778237230243,131.528698759519,4.5691873528105));
#8451=CARTESIAN_POINT('Ctrl Pts',(85.8543242170609,132.381015472454,4.49068184243372));
#8452=CARTESIAN_POINT('Ctrl Pts',(85.9455467900511,133.788272857749,4.41217633205694));
#8453=CARTESIAN_POINT('Ctrl Pts',(87.169680865124,134.488409040632,4.33367082168016));
#8454=CARTESIAN_POINT('Ctrl Pts',(88.4288939038774,133.853525245609,4.25516531130338));
#8455=CARTESIAN_POINT('Ctrl Pts',(88.5938937160138,132.453000354461,4.1766598009266));
#8456=CARTESIAN_POINT('Ctrl Pts',(87.5167045478693,131.542858384707,4.09815429054983));
#8457=CARTESIAN_POINT('Ctrl Pts',(86.1633752539051,131.939336292428,4.01964878017304));
#8458=CARTESIAN_POINT('Ctrl Pts',(85.7476037186165,133.286863264127,3.94114326979627));
#8459=CARTESIAN_POINT('Ctrl Pts',(86.642263739217,134.376945076081,3.86263775941948));
#8460=CARTESIAN_POINT('Ctrl Pts',(88.0450029398936,134.231970443949,3.78413224904271));
#8461=CARTESIAN_POINT('Ctrl Pts',(88.697811457336,132.981956064719,3.70562673866593));
#8462=CARTESIAN_POINT('Ctrl Pts',(88.015235093296,131.747944550428,3.62712122828915));
#8463=CARTESIAN_POINT('Ctrl Pts',(86.6094245587397,131.636626765387,3.54861571791237));
#8464=CARTESIAN_POINT('Ctrl Pts',(85.7411441615049,132.747835142815,3.47011020753559));
#8465=CARTESIAN_POINT('Ctrl Pts',(86.1890884056686,134.085011598325,3.39160469715881));
#8466=CARTESIAN_POINT('Ctrl Pts',(87.5515302403255,134.448944484542,3.31309918678203));
#8467=CARTESIAN_POINT('Ctrl Pts',(88.6065994452606,133.513250163425,3.23459367640525));
#8468=CARTESIAN_POINT('Ctrl Pts',(88.4080848592923,132.117081491657,3.15608816602847));
#8469=CARTESIAN_POINT('Ctrl Pts',(87.1340191148293,131.512555842474,3.07758265565169));
#8470=CARTESIAN_POINT('Ctrl Pts',(85.9270145927763,132.241825945134,2.99907714527491));
#8471=CARTESIAN_POINT('Ctrl Pts',(85.8695417861826,133.650865548668,2.92057163489813));
#8472=CARTESIAN_POINT('Ctrl Pts',(87.013143374133,134.476013356868,2.84206612452136));
#8473=CARTESIAN_POINT('Ctrl Pts',(88.3322108961788,133.97725947302,2.76356061414457));
#8474=CARTESIAN_POINT('Ctrl Pts',(88.6437719123963,132.601893455232,2.68505510376779));
#8475=CARTESIAN_POINT('Ctrl Pts',(87.6684138868285,131.583386300326,2.60654959339101));
#8476=CARTESIAN_POINT('Ctrl Pts',(86.2808552178685,131.835138298149,2.52804408301423));
#8477=CARTESIAN_POINT('Ctrl Pts',(85.7255038425386,133.131416720078,2.44953857263746));
#8478=CARTESIAN_POINT('Ctrl Pts',(86.5003861438153,134.309594803539,2.37103306226067));
#8479=CARTESIAN_POINT('Ctrl Pts',(87.910623799244,134.313250908781,2.2925275518839));
#8480=CARTESIAN_POINT('Ctrl Pts',(88.691367651323,133.138692868532,2.21402204150712));
#8481=CARTESIAN_POINT('Ctrl Pts',(88.142670361919,131.840159704828,2.13551653113034));
#8482=CARTESIAN_POINT('Ctrl Pts',(86.7561211968762,131.580367996585,2.05701102075356));
#8483=CARTESIAN_POINT('Ctrl Pts',(85.776360744324,132.596085157137,1.97850551037678));
#8484=CARTESIAN_POINT('Ctrl Pts',(85.9793143267272,133.509941400767,1.92616850345892));
#8485=CARTESIAN_POINT('Ctrl Pts',(86.2506793790598,133.825011298936,1.9));
#8486=CARTESIAN_POINT('Ctrl Pts',(86.2506793790598,133.825011298936,1.9));
#8487=CARTESIAN_POINT('Ctrl Pts',(86.2134989338149,133.790289704357,1.9));
#8488=CARTESIAN_POINT('Ctrl Pts',(86.1787013382625,133.753256079689,1.9));
#8489=CARTESIAN_POINT('Ctrl Pts',(86.1463003465022,133.714223768612,1.9));
#8490=CARTESIAN_POINT('Ctrl Pts',(86.1244814216587,133.68793929349,1.9));
#8491=CARTESIAN_POINT('Ctrl Pts',(86.1037497367044,133.660747407915,1.9));
#8492=CARTESIAN_POINT('Ctrl Pts',(86.0841163136651,133.632733069085,1.9));
#8493=CARTESIAN_POINT('Ctrl Pts',(86.0751298683109,133.619910581405,1.9));
#8494=CARTESIAN_POINT('Ctrl Pts',(86.0663735910856,133.606915683183,1.9));
#8495=CARTESIAN_POINT('Ctrl Pts',(86.0578489786241,133.593756023661,1.9));
#8496=CARTESIAN_POINT('Ctrl Pts',(86.050517325135,133.582437965029,1.9));
#8497=CARTESIAN_POINT('Ctrl Pts',(86.0433609604482,133.571003927718,1.9));
#8498=CARTESIAN_POINT('Ctrl Pts',(86.036384544184,133.559466218702,1.9));
#8499=CARTESIAN_POINT('Ctrl Pts',(86.0085747613447,133.513473954185,1.9));
#8500=CARTESIAN_POINT('Ctrl Pts',(85.9836000430236,133.46580430111,1.9));
#8501=CARTESIAN_POINT('Ctrl Pts',(85.9614984595745,133.416782110449,1.9));
#8502=CARTESIAN_POINT('Ctrl Pts',(85.9530493419434,133.398041631678,1.9));
#8503=CARTESIAN_POINT('Ctrl Pts',(85.9450204768378,133.379103070045,1.9));
#8504=CARTESIAN_POINT('Ctrl Pts',(85.9374154336109,133.359983185422,1.9));
#8505=CARTESIAN_POINT('Ctrl Pts',(85.9319956711432,133.346357328215,1.9));
#8506=CARTESIAN_POINT('Ctrl Pts',(85.9267911744123,133.332639366426,1.9));
#8507=CARTESIAN_POINT('Ctrl Pts',(85.9218035075596,133.318835178842,1.9));
#8508=CARTESIAN_POINT('Ctrl Pts',(85.917856652918,133.307911610077,1.9));
#8509=CARTESIAN_POINT('Ctrl Pts',(85.9140454811349,133.296933371625,1.9));
#8510=CARTESIAN_POINT('Ctrl Pts',(85.9103756724334,133.285918853372,1.9));
#8511=CARTESIAN_POINT('Ctrl Pts',(85.8924568554955,133.23213753879,1.9));
#8512=CARTESIAN_POINT('Ctrl Pts',(85.8778731053904,133.177408992107,1.9));
#8513=CARTESIAN_POINT('Ctrl Pts',(85.8666621368179,133.122093469037,1.9));
#8514=CARTESIAN_POINT('Ctrl Pts',(85.8556160757459,133.06759160846,1.9));
#8515=CARTESIAN_POINT('Ctrl Pts',(85.8478439157422,133.012518732721,1.9));
#8516=CARTESIAN_POINT('Ctrl Pts',(85.8434255879966,132.957189416581,1.9));
#8517=CARTESIAN_POINT('Ctrl Pts',(85.8411173221984,132.928283736552,1.9));
#8518=CARTESIAN_POINT('Ctrl Pts',(85.8397251918512,132.899307672895,1.9));
#8519=CARTESIAN_POINT('Ctrl Pts',(85.8392660104923,132.87030437768,1.9));
#8520=CARTESIAN_POINT('Ctrl Pts',(85.83902008539,132.854770998105,1.9));
#8521=CARTESIAN_POINT('Ctrl Pts',(85.8390418323479,132.839229794453,1.9));
#8522=CARTESIAN_POINT('Ctrl Pts',(85.8393343128241,132.823687345445,1.9));
#8523=CARTESIAN_POINT('Ctrl Pts',(85.8395418461648,132.812658997821,1.9));
#8524=CARTESIAN_POINT('Ctrl Pts',(85.8398856953413,132.80163002255,1.9));
#8525=CARTESIAN_POINT('Ctrl Pts',(85.8403670608842,132.790602769683,1.9));
#8526=CARTESIAN_POINT('Ctrl Pts',(85.8407948643126,132.780802532312,1.9));
#8527=CARTESIAN_POINT('Ctrl Pts',(85.8413308752947,132.771013254963,1.9));
#8528=CARTESIAN_POINT('Ctrl Pts',(85.8419752497167,132.761237756727,1.9));
#8529=CARTESIAN_POINT('Ctrl Pts',(85.8451436543367,132.713171395445,1.9));
#8530=CARTESIAN_POINT('Ctrl Pts',(85.8509304045148,132.665430339272,1.9));
#8531=CARTESIAN_POINT('Ctrl Pts',(85.8593739685291,132.618213915292,1.9));
#8532=CARTESIAN_POINT('Ctrl Pts',(85.8689826743544,132.564482016373,1.9));
#8533=CARTESIAN_POINT('Ctrl Pts',(85.8820302833003,132.511428781825,1.9));
#8534=CARTESIAN_POINT('Ctrl Pts',(85.8982667832348,132.459251953598,1.9));
#8535=CARTESIAN_POINT('Ctrl Pts',(85.9141344887635,132.408260265176,1.9));
#8536=CARTESIAN_POINT('Ctrl Pts',(85.9330484479803,132.358104937668,1.9));
#8537=CARTESIAN_POINT('Ctrl Pts',(85.9548207122686,132.308974307894,1.9));
#8538=CARTESIAN_POINT('Ctrl Pts',(85.9601697875027,132.296903747318,1.9));
#8539=CARTESIAN_POINT('Ctrl Pts',(85.9656915865488,132.284895082944,1.9));
#8540=CARTESIAN_POINT('Ctrl Pts',(85.971383694142,132.272951216093,1.9));
#8541=CARTESIAN_POINT('Ctrl Pts',(85.975670991288,132.263955091999,1.9));
#8542=CARTESIAN_POINT('Ctrl Pts',(85.9800540703131,132.254997670298,1.9));
#8543=CARTESIAN_POINT('Ctrl Pts',(85.9845265130136,132.24609023148,1.9));
#8544=CARTESIAN_POINT('Ctrl Pts',(86.0103797485328,132.194600222767,1.9));
#8545=CARTESIAN_POINT('Ctrl Pts',(86.039259555928,132.144685048358,1.9));
#8546=CARTESIAN_POINT('Ctrl Pts',(86.0708869776627,132.096559663234,1.9));
#8547=CARTESIAN_POINT('Ctrl Pts',(86.1031897995376,132.047406565762,1.9));
#8548=CARTESIAN_POINT('Ctrl Pts',(86.1383592371968,132.000119565323,1.9));
#8549=CARTESIAN_POINT('Ctrl Pts',(86.1761517089803,131.954937694153,1.9));
#8550=CARTESIAN_POINT('Ctrl Pts',(86.2142636911717,131.909373840079,1.9));
#8551=CARTESIAN_POINT('Ctrl Pts',(86.2550438118978,131.865949820557,1.9));
#8552=CARTESIAN_POINT('Ctrl Pts',(86.2982887326185,131.824935955216,1.9));
#8553=CARTESIAN_POINT('Ctrl Pts',(86.3080572385908,131.815671417743,1.9));
#8554=CARTESIAN_POINT('Ctrl Pts',(86.3179545302332,131.806527615659,1.9));
#8555=CARTESIAN_POINT('Ctrl Pts',(86.3279582658386,131.797525615917,1.9));
#8556=CARTESIAN_POINT('Ctrl Pts',(86.3731710143944,131.756840299264,1.9));
#8557=CARTESIAN_POINT('Ctrl Pts',(86.4206282943333,131.718976858463,1.9));
#8558=CARTESIAN_POINT('Ctrl Pts',(86.4700642762266,131.684178327565,1.9));
#8559=CARTESIAN_POINT('Ctrl Pts',(86.5190645429618,131.649686501355,1.9));
#8560=CARTESIAN_POINT('Ctrl Pts',(86.5700095069801,131.618204869168,1.9));
#8561=CARTESIAN_POINT('Ctrl Pts',(86.6226820823431,131.589997864477,1.9));
#8562=CARTESIAN_POINT('Ctrl Pts',(86.6612666785695,131.569335197439,1.9));
#8563=CARTESIAN_POINT('Ctrl Pts',(86.7007792323705,131.550430234909,1.9));
#8564=CARTESIAN_POINT('Ctrl Pts',(86.7411454943592,131.533400906511,1.9));
#8565=CARTESIAN_POINT('Ctrl Pts',(86.7635843658425,131.523934612321,1.9));
#8566=CARTESIAN_POINT('Ctrl Pts',(86.7862871919154,131.515048144213,1.9));
#8567=CARTESIAN_POINT('Ctrl Pts',(86.8092338417873,131.506737424,1.9));
#8568=CARTESIAN_POINT('Ctrl Pts',(85.945045615631,133.000810002789,5.45658032638058));
#8569=CARTESIAN_POINT('Ctrl Pts',(85.9440635827465,133.127223654102,5.44863620657208));
#8570=CARTESIAN_POINT('Ctrl Pts',(85.9615455014261,133.253372227189,5.44069208676358));
#8571=CARTESIAN_POINT('Ctrl Pts',(85.9986273993337,133.373468602709,5.43274796695508));
#8572=CARTESIAN_POINT('Ctrl Pts',(86.1207778448271,133.769074723205,5.40657946349615));
#8573=CARTESIAN_POINT('Ctrl Pts',(86.4556059211554,134.099008986343,5.38041096003722));
#8574=CARTESIAN_POINT('Ctrl Pts',(86.8529648663374,134.215329908414,5.3542424565783));
#8575=CARTESIAN_POINT('Ctrl Pts',(87.2503238115195,134.331650830484,5.32807395311937));
#8576=CARTESIAN_POINT('Ctrl Pts',(87.7102136255555,134.234358411487,5.30190544966044));
#8577=CARTESIAN_POINT('Ctrl Pts',(88.0264170422512,133.967077368685,5.27573694620152));
#8578=CARTESIAN_POINT('Ctrl Pts',(88.342620458947,133.699796325883,5.24956844274259));
#8579=CARTESIAN_POINT('Ctrl Pts',(88.5151374783026,133.262526659277,5.22339993928367));
#8580=CARTESIAN_POINT('Ctrl Pts',(88.4666080897459,132.851346407522,5.19723143582474));
#8581=CARTESIAN_POINT('Ctrl Pts',(88.4180787011892,132.440166155768,5.17106293236581));
#8582=CARTESIAN_POINT('Ctrl Pts',(88.1485029047202,132.055075318866,5.14489442890689));
#8583=CARTESIAN_POINT('Ctrl Pts',(87.7787623236876,131.868752671756,5.11872592544796));
#8584=CARTESIAN_POINT('Ctrl Pts',(87.4090217426549,131.682430024646,5.09255742198903));
#8585=CARTESIAN_POINT('Ctrl Pts',(86.9391163770587,131.694875567328,5.06638891853011));
#8586=CARTESIAN_POINT('Ctrl Pts',(86.5797570780129,131.900508824424,5.04022041507118));
#8587=CARTESIAN_POINT('Ctrl Pts',(86.2203977789672,132.10614208152,5.01405191161225));
#8588=CARTESIAN_POINT('Ctrl Pts',(85.9715845464719,132.504963053029,4.98788340815333));
#8589=CARTESIAN_POINT('Ctrl Pts',(85.9448883344979,132.918135553857,4.9617149046944));
#8590=CARTESIAN_POINT('Ctrl Pts',(85.9431422941193,132.945158708696,4.96000337858979));
#8591=CARTESIAN_POINT('Ctrl Pts',(85.9423464014396,132.972243254925,4.95829185248519));
#8592=CARTESIAN_POINT('Ctrl Pts',(85.9424761397493,132.999335557153,4.95658032638059));
#8593=CARTESIAN_POINT('Origin',(12.9087955317821,132.9998,7.00421172358873));
#8594=CARTESIAN_POINT('Ctrl Pts',(11.3638753186324,133.000557090769,5.75421172358873));
#8595=CARTESIAN_POINT('Ctrl Pts',(11.3635745871117,133.048484401608,5.75173115187988));
#8596=CARTESIAN_POINT('Ctrl Pts',(11.3871767925304,133.601726050289,5.72308207671211));
#8597=CARTESIAN_POINT('Ctrl Pts',(12.0524110968503,134.602517273125,5.66826449808541));
#8598=CARTESIAN_POINT('Ctrl Pts',(13.7732128481771,134.59803889835,5.58975898770864));
#8599=CARTESIAN_POINT('Ctrl Pts',(14.7187466061826,133.16040535459,5.51125347733185));
#8600=CARTESIAN_POINT('Ctrl Pts',(14.041091582453,131.578648392451,5.43274796695508));
#8601=CARTESIAN_POINT('Ctrl Pts',(12.3479576583506,131.27145687752,5.35424245657829));
#8602=CARTESIAN_POINT('Ctrl Pts',(11.4457443859736,132.213582178129,5.29473037545618));
#8603=CARTESIAN_POINT('Ctrl Pts',(11.3651696678464,132.859268011159,5.26138679779299));
#8604=CARTESIAN_POINT('Ctrl Pts',(11.3663357080004,132.99849588316,5.25421172358873));
#8605=CARTESIAN_POINT('Ctrl Pts',(11.367463472126,132.998396602715,5.79578827641127));
#8606=CARTESIAN_POINT('Ctrl Pts',(11.3697898405482,133.340284200576,5.77818851068966));
#8607=CARTESIAN_POINT('Ctrl Pts',(11.6486158420609,134.195001021837,5.73442024150912));
#8608=CARTESIAN_POINT('Ctrl Pts',(13.0529346908044,134.810850355457,5.66448346886966));
#8609=CARTESIAN_POINT('Ctrl Pts',(14.4988532670549,133.879123436469,5.58597795849288));
#8610=CARTESIAN_POINT('Ctrl Pts',(14.5193468080383,132.158241300121,5.5074724481161));
#8611=CARTESIAN_POINT('Ctrl Pts',(13.0951809189721,131.192358595033,5.42896693773933));
#8612=CARTESIAN_POINT('Ctrl Pts',(11.6650100840197,131.781027013242,5.35840554717105));
#8613=CARTESIAN_POINT('Ctrl Pts',(11.3694851119489,132.647163886723,5.3140126600617));
#8614=CARTESIAN_POINT('Ctrl Pts',(11.3667359026846,133.001032267041,5.29578827641127));
#8615=CARTESIAN_POINT('Ctrl Pts',(13.8669116845045,133.825011298936,5.9));
#8616=CARTESIAN_POINT('Ctrl Pts',(14.1382767368371,133.509941400767,5.87383149654108));
#8617=CARTESIAN_POINT('Ctrl Pts',(14.3413673042057,132.596237100578,5.82149448962323));
#8618=CARTESIAN_POINT('Ctrl Pts',(13.3614316390249,131.580353989457,5.74298897924644));
#8619=CARTESIAN_POINT('Ctrl Pts',(11.9749550896691,131.84020747237,5.66448346886967));
#8620=CARTESIAN_POINT('Ctrl Pts',(11.4262395754073,133.13867474258,5.58597795849288));
#8621=CARTESIAN_POINT('Ctrl Pts',(12.2069821047106,134.313238750399,5.5074724481161));
#8622=CARTESIAN_POINT('Ctrl Pts',(13.6171919650818,134.309568688894,5.42896693773932));
#8623=CARTESIAN_POINT('Ctrl Pts',(14.3920639268433,133.13141728508,5.35046142736254));
#8624=CARTESIAN_POINT('Ctrl Pts',(13.8367205843248,131.835155665751,5.27195591698577));
#8625=CARTESIAN_POINT('Ctrl Pts',(12.4491847145727,131.583409929763,5.19345040660899));
#8626=CARTESIAN_POINT('Ctrl Pts',(11.4738422725362,132.60189948155,5.11494489623221));
#8627=CARTESIAN_POINT('Ctrl Pts',(11.785398325249,133.977243898159,5.03643938585543));
#8628=CARTESIAN_POINT('Ctrl Pts',(13.1044445231212,134.475989414557,4.95793387547865));
#8629=CARTESIAN_POINT('Ctrl Pts',(14.2480276562615,133.65085509167,4.87942836510187));
#8630=CARTESIAN_POINT('Ctrl Pts',(14.1905557742055,132.241838155201,4.80092285472509));
#8631=CARTESIAN_POINT('Ctrl Pts',(12.9835707415757,131.512579870082,4.72241734434831));
#8632=CARTESIAN_POINT('Ctrl Pts',(11.7095255681248,132.117095736789,4.64391183397153));
#8633=CARTESIAN_POINT('Ctrl Pts',(11.5110141873331,133.513241876922,4.56540632359475));
#8634=CARTESIAN_POINT('Ctrl Pts',(12.5660663571146,134.448921084635,4.48690081321797));
#8635=CARTESIAN_POINT('Ctrl Pts',(13.9284861935698,134.084994077337,4.4083953028412));
#8636=CARTESIAN_POINT('Ctrl Pts',(14.3764232052361,132.747839210589,4.32988979246441));
#8637=CARTESIAN_POINT('Ctrl Pts',(13.5081568273089,131.636648775555,4.25138428208764));
#8638=CARTESIAN_POINT('Ctrl Pts',(12.1023689911287,131.74796476289,4.17287877171085));
#8639=CARTESIAN_POINT('Ctrl Pts',(11.4198036480233,132.981956352889,4.09437326133408));
#8640=CARTESIAN_POINT('Ctrl Pts',(12.0726016251601,134.231950549173,4.01586775095729));
#8641=CARTESIAN_POINT('Ctrl Pts',(13.4753181770688,134.376922840576,3.93736224058051));
#8642=CARTESIAN_POINT('Ctrl Pts',(14.3699637523983,133.286858629165,3.85885673020374));
#8643=CARTESIAN_POINT('Ctrl Pts',(13.9541989302041,131.939353414789,3.78035121982695));
#8644=CARTESIAN_POINT('Ctrl Pts',(12.6008914872154,131.542881908617,3.70184570945018));
#8645=CARTESIAN_POINT('Ctrl Pts',(11.5237197115017,132.453009183167,3.62334019907339));
#8646=CARTESIAN_POINT('Ctrl Pts',(11.6887168594793,133.853511461229,3.54483468869662));
#8647=CARTESIAN_POINT('Ctrl Pts',(12.9479095669644,134.488385005497,3.46632917831984));
#8648=CARTESIAN_POINT('Ctrl Pts',(14.1720238768288,133.788260126798,3.38782366794306));
#8649=CARTESIAN_POINT('Ctrl Pts',(14.2632449773608,132.381025463792,3.30931815756628));
#8650=CARTESIAN_POINT('Ctrl Pts',(13.1397636106857,131.528722511303,3.2308126471895));
#8651=CARTESIAN_POINT('Ctrl Pts',(11.8091445886251,131.995716831973,3.15230713681272));
#8652=CARTESIAN_POINT('Ctrl Pts',(11.4647186570445,133.363196791008,3.07380162643594));
#8653=CARTESIAN_POINT('Ctrl Pts',(12.4153752350148,134.404773904654,2.99529611605916));
#8654=CARTESIAN_POINT('Ctrl Pts',(13.8085427883353,134.186336944709,2.91679060568238));
#8655=CARTESIAN_POINT('Ctrl Pts',(14.3947957713375,132.90378559863,2.8382850953056));
#8656=CARTESIAN_POINT('Ctrl Pts',(13.6483680817621,131.707341931456,2.75977958492882));
#8657=CARTESIAN_POINT('Ctrl Pts',(12.2386748297155,131.670006045989,2.68127407455204));
#8658=CARTESIAN_POINT('Ctrl Pts',(11.4299603426782,132.825259628846,2.60276856417526));
#8659=CARTESIAN_POINT('Ctrl Pts',(11.9475033302038,134.137047986143,2.52426305379848));
#8660=CARTESIAN_POINT('Ctrl Pts',(13.327149979509,134.428919480809,2.44575754342171));
#8661=CARTESIAN_POINT('Ctrl Pts',(14.3316189011179,133.439134710791,2.36725203304492));
#8662=CARTESIAN_POINT('Ctrl Pts',(14.060040176171,132.055319184798,2.28874652266815));
#8663=CARTESIAN_POINT('Ctrl Pts',(12.7560512882896,131.51858809038,2.21024101229137));
#8664=CARTESIAN_POINT('Ctrl Pts',(11.5889366284068,132.310136377174,2.13173550191459));
#8665=CARTESIAN_POINT('Ctrl Pts',(11.6057312032187,133.720412040931,2.05322999153781));
#8666=CARTESIAN_POINT('Ctrl Pts',(12.7906724056303,134.483969710151,1.97472448116103));
#8667=CARTESIAN_POINT('Ctrl Pts',(14.0825258655873,133.917440194156,1.89621897078425));
#8668=CARTESIAN_POINT('Ctrl Pts',(14.3197034449976,132.526023937539,1.81771346040747));
#8669=CARTESIAN_POINT('Ctrl Pts',(13.6370947883294,131.885596932659,1.76537645348962));
#8670=CARTESIAN_POINT('Ctrl Pts',(13.2353805953132,131.778201683744,1.73920795003069));
#8671=CARTESIAN_POINT('Ctrl Pts',(13.9372518317388,133.885594229411,5.95359734998977));
#8672=CARTESIAN_POINT('Ctrl Pts',(14.2285391635164,133.547393458264,5.92742884653085));
#8673=CARTESIAN_POINT('Ctrl Pts',(14.4465396354618,132.566609509306,5.87509183961299));
#8674=CARTESIAN_POINT('Ctrl Pts',(13.3946619424036,131.476145286693,5.79658632923621));
#8675=CARTESIAN_POINT('Ctrl Pts',(11.9063971449931,131.755075926583,5.71808081885943));
#8676=CARTESIAN_POINT('Ctrl Pts',(11.3173976526841,133.148870239037,5.63957530848266));
#8677=CARTESIAN_POINT('Ctrl Pts',(12.1554584354239,134.409664924641,5.56106979810588));
#8678=CARTESIAN_POINT('Ctrl Pts',(13.6691989261136,134.40572542538,5.48256428772909));
#8679=CARTESIAN_POINT('Ctrl Pts',(14.5009581532897,133.141079974917,5.40405877735232));
#8680=CARTESIAN_POINT('Ctrl Pts',(13.9048442503676,131.749653241318,5.32555326697553));
#8681=CARTESIAN_POINT('Ctrl Pts',(12.4154423624987,131.479425579016,5.24704775659876));
#8682=CARTESIAN_POINT('Ctrl Pts',(11.3684951043011,132.572687594273,5.16854224622198));
#8683=CARTESIAN_POINT('Ctrl Pts',(11.7029240608442,134.049002992831,5.0900367358452));
#8684=CARTESIAN_POINT('Ctrl Pts',(13.1188081040063,134.584363937281,5.01153122546842));
#8685=CARTESIAN_POINT('Ctrl Pts',(14.3463474524042,133.698652335121,4.93302571509164));
#8686=CARTESIAN_POINT('Ctrl Pts',(14.284656269135,132.186192346903,4.85452020471486));
#8687=CARTESIAN_POINT('Ctrl Pts',(12.9890603674957,131.403395526815,4.77601469433808));
#8688=CARTESIAN_POINT('Ctrl Pts',(11.6214811013056,132.05229195735,4.6975091839613));
#8689=CARTESIAN_POINT('Ctrl Pts',(11.4083959971581,133.550936239047,4.61900367358453));
#8690=CARTESIAN_POINT('Ctrl Pts',(12.540904876913,134.555308384508,4.54049816320774));
#8691=CARTESIAN_POINT('Ctrl Pts',(14.0033468365928,134.164663657023,4.46199265283097));
#8692=CARTESIAN_POINT('Ctrl Pts',(14.4841691672914,132.729341496117,4.38348714245418));
#8693=CARTESIAN_POINT('Ctrl Pts',(13.5521589680244,131.536572957444,4.30498163207741));
#8694=CARTESIAN_POINT('Ctrl Pts',(12.0431651446618,131.656061213784,4.22647612170062));
#8695=CARTESIAN_POINT('Ctrl Pts',(11.3104892313562,132.980646360607,4.14797061132384));
#8696=CARTESIAN_POINT('Ctrl Pts',(12.0112124059709,134.322408945889,4.06946510094706));
#8697=CARTESIAN_POINT('Ctrl Pts',(13.5169094665672,134.478024385614,3.99095959057029));
#8698=CARTESIAN_POINT('Ctrl Pts',(14.4772354933872,133.307933053371,3.91245408019351));
#8699=CARTESIAN_POINT('Ctrl Pts',(14.0309472751258,131.861500673526,3.83394856981672));
#8700=CARTESIAN_POINT('Ctrl Pts',(12.5782866957532,131.435922191087,3.75544305943995));
#8701=CARTESIAN_POINT('Ctrl Pts',(11.422034298045,132.412866506881,3.67693754906317));
#8702=CARTESIAN_POINT('Ctrl Pts',(11.5991447202316,133.916186732602,3.59843203868639));
#8703=CARTESIAN_POINT('Ctrl Pts',(12.9507811258937,134.597669551176,3.51992652830961));
#8704=CARTESIAN_POINT('Ctrl Pts',(14.2647638515475,133.846144968056,3.44142101793283));
#8705=CARTESIAN_POINT('Ctrl Pts',(14.3626819539243,132.335598099001,3.36291550755605));
#8706=CARTESIAN_POINT('Ctrl Pts',(13.1567201442232,131.420723280882,3.28440999717927));
#8707=CARTESIAN_POINT('Ctrl Pts',(11.7284136573824,131.922002013917,3.20590448680249));
#8708=CARTESIAN_POINT('Ctrl Pts',(11.3587016781031,133.389875585339,3.12739897642571));
#8709=CARTESIAN_POINT('Ctrl Pts',(12.3791507582388,134.507920137011,3.04889346604893));
#8710=CARTESIAN_POINT('Ctrl Pts',(13.8745977800185,134.273446616279,2.97038795567215));
#8711=CARTESIAN_POINT('Ctrl Pts',(14.5038905562897,132.896736696355,2.89188244529537));
#8712=CARTESIAN_POINT('Ctrl Pts',(13.702663839023,131.612456055065,2.81337693491859));
#8713=CARTESIAN_POINT('Ctrl Pts',(12.189477883485,131.572379153622,2.73487142454181));
#8714=CARTESIAN_POINT('Ctrl Pts',(11.3213915802779,132.812445738411,2.65636591416504));
#8715=CARTESIAN_POINT('Ctrl Pts',(11.8769300131774,134.220539106254,2.57786040378825));
#8716=CARTESIAN_POINT('Ctrl Pts',(13.3578634930695,134.533838361897,2.49935489341148));
#8717=CARTESIAN_POINT('Ctrl Pts',(14.4360755528538,133.471388491457,2.42084938303469));
#8718=CARTESIAN_POINT('Ctrl Pts',(14.1445588616758,131.985980076577,2.34234387265792));
#8719=CARTESIAN_POINT('Ctrl Pts',(12.7448375617013,131.409844840919,2.26383836228114));
#8720=CARTESIAN_POINT('Ctrl Pts',(11.4920391183,132.259504686398,2.18533285190436));
#8721=CARTESIAN_POINT('Ctrl Pts',(11.5100666676961,133.773315811433,2.10682734152758));
#8722=CARTESIAN_POINT('Ctrl Pts',(12.7820003901741,134.592930106691,2.0283218311508));
#8723=CARTESIAN_POINT('Ctrl Pts',(14.1686953391512,133.984808796785,1.94981632077402));
#8724=CARTESIAN_POINT('Ctrl Pts',(14.4232853229021,132.491241643247,1.87131081039724));
#8725=CARTESIAN_POINT('Ctrl Pts',(13.6905629161661,131.803797656461,1.81897380347939));
#8726=CARTESIAN_POINT('Ctrl Pts',(13.2593568547553,131.688517979757,1.79280530002046));
#8727=CARTESIAN_POINT('Ctrl Pts',(14.007591978973,133.946177159885,6.00719469997954));
#8728=CARTESIAN_POINT('Ctrl Pts',(14.3188015901957,133.58484551576,5.98102619652062));
#8729=CARTESIAN_POINT('Ctrl Pts',(14.5517119667179,132.536981918034,5.92868918960277));
#8730=CARTESIAN_POINT('Ctrl Pts',(13.4278922457823,131.371936583929,5.85018367922598));
#8731=CARTESIAN_POINT('Ctrl Pts',(11.837839200317,131.669944380795,5.7716781688492));
#8732=CARTESIAN_POINT('Ctrl Pts',(11.2085557299609,133.159065735493,5.69317265847243));
#8733=CARTESIAN_POINT('Ctrl Pts',(12.1039347661371,134.506091098883,5.61466714809564));
#8734=CARTESIAN_POINT('Ctrl Pts',(13.7212058871454,134.501882161865,5.53616163771887));
#8735=CARTESIAN_POINT('Ctrl Pts',(14.6098523797362,133.150742664753,5.45765612734208));
#8736=CARTESIAN_POINT('Ctrl Pts',(13.9729679164103,131.664150816884,5.37915061696531));
#8737=CARTESIAN_POINT('Ctrl Pts',(12.3817000104246,131.375441228268,5.30064510658853));
#8738=CARTESIAN_POINT('Ctrl Pts',(11.263147936066,132.543475706995,5.22213959621175));
#8739=CARTESIAN_POINT('Ctrl Pts',(11.6204497964395,134.120762087502,5.14363408583497));
#8740=CARTESIAN_POINT('Ctrl Pts',(13.1331716848915,134.692738460005,5.06512857545819));
#8741=CARTESIAN_POINT('Ctrl Pts',(14.444667248547,133.746449578571,4.98662306508141));
#8742=CARTESIAN_POINT('Ctrl Pts',(14.3787567640644,132.130546538605,4.90811755470463));
#8743=CARTESIAN_POINT('Ctrl Pts',(12.9945499934157,131.294211183548,4.82961204432785));
#8744=CARTESIAN_POINT('Ctrl Pts',(11.5334366344864,131.98748817791,4.75110653395107));
#8745=CARTESIAN_POINT('Ctrl Pts',(11.305777806983,133.588630601172,4.67260102357429));
#8746=CARTESIAN_POINT('Ctrl Pts',(12.5157433967113,134.661695684382,4.59409551319751));
#8747=CARTESIAN_POINT('Ctrl Pts',(14.0782074796158,134.244333236709,4.51559000282074));
#8748=CARTESIAN_POINT('Ctrl Pts',(14.5919151293468,132.710843781644,4.43708449244395));
#8749=CARTESIAN_POINT('Ctrl Pts',(13.5961611087398,131.436497139332,4.35857898206717));
#8750=CARTESIAN_POINT('Ctrl Pts',(11.983961298195,131.564157664677,4.28007347169039));
#8751=CARTESIAN_POINT('Ctrl Pts',(11.201174814689,132.979336368325,4.20156796131362));
#8752=CARTESIAN_POINT('Ctrl Pts',(11.9498231867817,134.412867342606,4.12306245093683));
#8753=CARTESIAN_POINT('Ctrl Pts',(13.5585007560657,134.579125930651,4.04455694056006));
#8754=CARTESIAN_POINT('Ctrl Pts',(14.5845072343762,133.329007477576,3.96605143018328));
#8755=CARTESIAN_POINT('Ctrl Pts',(14.1076956200475,131.783647932264,3.88754591980649));
#8756=CARTESIAN_POINT('Ctrl Pts',(12.555681904291,131.328962473557,3.80904040942972));
#8757=CARTESIAN_POINT('Ctrl Pts',(11.3203488845883,132.372723830596,3.73053489905294));
#8758=CARTESIAN_POINT('Ctrl Pts',(11.5095725809838,133.978862003974,3.65202938867616));
#8759=CARTESIAN_POINT('Ctrl Pts',(12.953652684823,134.706954096854,3.57352387829938));
#8760=CARTESIAN_POINT('Ctrl Pts',(14.3575038262662,133.904029809314,3.4950183679226));
#8761=CARTESIAN_POINT('Ctrl Pts',(14.4621189304879,132.29017073421,3.41651285754582));
#8762=CARTESIAN_POINT('Ctrl Pts',(13.1736766777608,131.31272405046,3.33800734716904));
#8763=CARTESIAN_POINT('Ctrl Pts',(11.6476827261397,131.848287195861,3.25950183679226));
#8764=CARTESIAN_POINT('Ctrl Pts',(11.2526846991616,133.41655437967,3.18099632641548));
#8765=CARTESIAN_POINT('Ctrl Pts',(12.3429262814629,134.611066369368,3.1024908160387));
#8766=CARTESIAN_POINT('Ctrl Pts',(13.9406527717016,134.360556287849,3.02398530566192));
#8767=CARTESIAN_POINT('Ctrl Pts',(14.6129853412419,132.88968779408,2.94547979528514));
#8768=CARTESIAN_POINT('Ctrl Pts',(13.756959596284,131.517570178674,2.86697428490836));
#8769=CARTESIAN_POINT('Ctrl Pts',(12.1402809372545,131.474752261256,2.78846877453158));
#8770=CARTESIAN_POINT('Ctrl Pts',(11.2128228178777,132.799631847975,2.70996326415481));
#8771=CARTESIAN_POINT('Ctrl Pts',(11.8063566961511,134.304030226365,2.63145775377802));
#8772=CARTESIAN_POINT('Ctrl Pts',(13.3885770066301,134.638757242984,2.55295224340125));
#8773=CARTESIAN_POINT('Ctrl Pts',(14.5405322045896,133.503642272123,2.47444673302446));
#8774=CARTESIAN_POINT('Ctrl Pts',(14.2290775471805,131.916640968357,2.39594122264769));
#8775=CARTESIAN_POINT('Ctrl Pts',(12.733623835113,131.301101591459,2.31743571227091));
#8776=CARTESIAN_POINT('Ctrl Pts',(11.3951416081932,132.208872995623,2.23893020189413));
#8777=CARTESIAN_POINT('Ctrl Pts',(11.4144021321735,133.826219581935,2.16042469151735));
#8778=CARTESIAN_POINT('Ctrl Pts',(12.7733283747178,134.701890503232,2.08191918114057));
#8779=CARTESIAN_POINT('Ctrl Pts',(14.2548648127152,134.052177399414,2.00341367076379));
#8780=CARTESIAN_POINT('Ctrl Pts',(14.5268672008065,132.456459348956,1.92490816038701));
#8781=CARTESIAN_POINT('Ctrl Pts',(13.7440310440028,131.721998380264,1.87257115346916));
#8782=CARTESIAN_POINT('Ctrl Pts',(13.2833331141973,131.598834275769,1.84640265001023));
#8783=CARTESIAN_POINT('Ctrl Pts',(14.0779321262073,134.006760090359,6.06079204996931));
#8784=CARTESIAN_POINT('Ctrl Pts',(14.409064016875,133.622297573257,6.03462354651039));
#8785=CARTESIAN_POINT('Ctrl Pts',(14.656884297974,132.507354326763,5.98228653959254));
#8786=CARTESIAN_POINT('Ctrl Pts',(13.461122549161,131.267727881164,5.90378102921575));
#8787=CARTESIAN_POINT('Ctrl Pts',(11.769281255641,131.584812835008,5.82527551883898));
#8788=CARTESIAN_POINT('Ctrl Pts',(11.0997138072377,133.16926123195,5.74677000846219));
#8789=CARTESIAN_POINT('Ctrl Pts',(12.0524110968503,134.602517273125,5.66826449808541));
#8790=CARTESIAN_POINT('Ctrl Pts',(13.7732128481771,134.59803889835,5.58975898770864));
#8791=CARTESIAN_POINT('Ctrl Pts',(14.7187466061826,133.16040535459,5.51125347733185));
#8792=CARTESIAN_POINT('Ctrl Pts',(14.041091582453,131.578648392451,5.43274796695508));
#8793=CARTESIAN_POINT('Ctrl Pts',(12.3479576583506,131.27145687752,5.35424245657829));
#8794=CARTESIAN_POINT('Ctrl Pts',(11.1578007678308,132.514263819717,5.27573694620152));
#8795=CARTESIAN_POINT('Ctrl Pts',(11.5379755320347,134.192521182174,5.19723143582473));
#8796=CARTESIAN_POINT('Ctrl Pts',(13.1475352657767,134.80111298273,5.11872592544796));
#8797=CARTESIAN_POINT('Ctrl Pts',(14.5429870446897,133.794246822022,5.04022041507118));
#8798=CARTESIAN_POINT('Ctrl Pts',(14.4728572589939,132.074900730308,4.9617149046944));
#8799=CARTESIAN_POINT('Ctrl Pts',(13.0000396193357,131.185026840281,4.88320939431762));
#8800=CARTESIAN_POINT('Ctrl Pts',(11.4453921676673,131.922684398471,4.80470388394084));
#8801=CARTESIAN_POINT('Ctrl Pts',(11.2031596168079,133.626324963298,4.72619837356406));
#8802=CARTESIAN_POINT('Ctrl Pts',(12.4905819165097,134.768082984256,4.64769286318728));
#8803=CARTESIAN_POINT('Ctrl Pts',(14.1530681226389,134.324002816394,4.5691873528105));
#8804=CARTESIAN_POINT('Ctrl Pts',(14.6996610914021,132.692346067172,4.49068184243372));
#8805=CARTESIAN_POINT('Ctrl Pts',(13.6401632494553,131.33642132122,4.41217633205694));
#8806=CARTESIAN_POINT('Ctrl Pts',(11.9247574517281,131.472254115571,4.33367082168016));
#8807=CARTESIAN_POINT('Ctrl Pts',(11.0918603980219,132.978026376044,4.25516531130339));
#8808=CARTESIAN_POINT('Ctrl Pts',(11.8884339675925,134.503325739323,4.1766598009266));
#8809=CARTESIAN_POINT('Ctrl Pts',(13.6000920455641,134.680227475689,4.09815429054983));
#8810=CARTESIAN_POINT('Ctrl Pts',(14.6917789753651,133.350081901781,4.01964878017305));
#8811=CARTESIAN_POINT('Ctrl Pts',(14.1844439649692,131.705795191,3.94114326979627));
#8812=CARTESIAN_POINT('Ctrl Pts',(12.5330771128288,131.222002756027,3.86263775941949));
#8813=CARTESIAN_POINT('Ctrl Pts',(11.2186634711316,132.332581154311,3.78413224904271));
#8814=CARTESIAN_POINT('Ctrl Pts',(11.4200004417361,134.041537275347,3.70562673866593));
#8815=CARTESIAN_POINT('Ctrl Pts',(12.9565242437523,134.816238642532,3.62712122828915));
#8816=CARTESIAN_POINT('Ctrl Pts',(14.4502438009849,133.961914650573,3.54861571791237));
#8817=CARTESIAN_POINT('Ctrl Pts',(14.5615559070514,132.244743369419,3.47011020753559));
#8818=CARTESIAN_POINT('Ctrl Pts',(13.1906332112983,131.20472482004,3.39160469715881));
#8819=CARTESIAN_POINT('Ctrl Pts',(11.566951794897,131.774572377805,3.31309918678203));
#8820=CARTESIAN_POINT('Ctrl Pts',(11.1466677202202,133.443233174001,3.23459367640525));
#8821=CARTESIAN_POINT('Ctrl Pts',(12.3067018046869,134.714212601725,3.15608816602847));
#8822=CARTESIAN_POINT('Ctrl Pts',(14.0067077633848,134.447665959419,3.07758265565169));
#8823=CARTESIAN_POINT('Ctrl Pts',(14.7220801261941,132.882638891804,2.99907714527491));
#8824=CARTESIAN_POINT('Ctrl Pts',(13.8112553535449,131.422684302283,2.92057163489813));
#8825=CARTESIAN_POINT('Ctrl Pts',(12.0910839910239,131.37712536889,2.84206612452135));
#8826=CARTESIAN_POINT('Ctrl Pts',(11.1042540554774,132.78681795754,2.76356061414458));
#8827=CARTESIAN_POINT('Ctrl Pts',(11.7357833791247,134.387521346476,2.68505510376779));
#8828=CARTESIAN_POINT('Ctrl Pts',(13.4192905201906,134.743676124072,2.60654959339102));
#8829=CARTESIAN_POINT('Ctrl Pts',(14.6449888563255,133.535896052789,2.52804408301424));
#8830=CARTESIAN_POINT('Ctrl Pts',(14.3135962326853,131.847301860137,2.44953857263746));
#8831=CARTESIAN_POINT('Ctrl Pts',(12.7224101085247,131.192358341998,2.37103306226068));
#8832=CARTESIAN_POINT('Ctrl Pts',(11.2982440980865,132.158241304847,2.2925275518839));
#8833=CARTESIAN_POINT('Ctrl Pts',(11.3187375966509,133.879123352437,2.21402204150712));
#8834=CARTESIAN_POINT('Ctrl Pts',(12.7646563592616,134.810850899773,2.13551653113034));
#8835=CARTESIAN_POINT('Ctrl Pts',(14.3410342862791,134.119546002043,2.05701102075356));
#8836=CARTESIAN_POINT('Ctrl Pts',(14.630449078711,132.421677054664,1.97850551037678));
#8837=CARTESIAN_POINT('Ctrl Pts',(13.7974991718395,131.640199104067,1.92616850345893));
#8838=CARTESIAN_POINT('Ctrl Pts',(13.3073093736394,131.509150571781,1.9));
#8839=CARTESIAN_POINT('Ctrl Pts',(13.3073093736394,131.509150571781,1.9));
#8840=CARTESIAN_POINT('Ctrl Pts',(13.3646580404294,131.530105538586,1.9));
#8841=CARTESIAN_POINT('Ctrl Pts',(13.420521959064,131.554691431426,1.9));
#8842=CARTESIAN_POINT('Ctrl Pts',(13.474686593144,131.582631727622,1.9));
#8843=CARTESIAN_POINT('Ctrl Pts',(13.5249088704482,131.608538397673,1.9));
#8844=CARTESIAN_POINT('Ctrl Pts',(13.573670416949,131.637330069846,1.9));
#8845=CARTESIAN_POINT('Ctrl Pts',(13.620772821158,131.66881625385,1.9));
#8846=CARTESIAN_POINT('Ctrl Pts',(13.632144327551,131.676417677783,1.9));
#8847=CARTESIAN_POINT('Ctrl Pts',(13.6434192914862,131.684176619386,1.9));
#8848=CARTESIAN_POINT('Ctrl Pts',(13.6545823494727,131.692081419744,1.9));
#8849=CARTESIAN_POINT('Ctrl Pts',(13.7037040529619,131.726865549663,1.9));
#8850=CARTESIAN_POINT('Ctrl Pts',(13.7507227025883,131.76451099142,1.9));
#8851=CARTESIAN_POINT('Ctrl Pts',(13.7954089197492,131.804772197224,1.9));
#8852=CARTESIAN_POINT('Ctrl Pts',(13.8229907914484,131.829622799568,1.9));
#8853=CARTESIAN_POINT('Ctrl Pts',(13.849683315801,131.855470673505,1.9));
#8854=CARTESIAN_POINT('Ctrl Pts',(13.8754240612179,131.88226324005,1.9));
#8855=CARTESIAN_POINT('Ctrl Pts',(13.8842292907862,131.891428269863,1.9));
#8856=CARTESIAN_POINT('Ctrl Pts',(13.8929230871422,131.900703868487,1.9));
#8857=CARTESIAN_POINT('Ctrl Pts',(13.901502753039,131.910088004013,1.9));
#8858=CARTESIAN_POINT('Ctrl Pts',(13.9095337268152,131.918871999476,1.9));
#8859=CARTESIAN_POINT('Ctrl Pts',(13.9174595548233,131.927745534922,1.9));
#8860=CARTESIAN_POINT('Ctrl Pts',(13.9252744972803,131.936702005807,1.9));
#8861=CARTESIAN_POINT('Ctrl Pts',(13.963945201662,131.981021338902,1.9));
#8862=CARTESIAN_POINT('Ctrl Pts',(13.9999366340276,132.027404395138,1.9));
#8863=CARTESIAN_POINT('Ctrl Pts',(14.0330336839882,132.075621354835,1.9));
#8864=CARTESIAN_POINT('Ctrl Pts',(14.0652869445057,132.122609052057,1.9));
#8865=CARTESIAN_POINT('Ctrl Pts',(14.0947918916827,132.171339251246,1.9));
#8866=CARTESIAN_POINT('Ctrl Pts',(14.1213037856495,132.221617344497,1.9));
#8867=CARTESIAN_POINT('Ctrl Pts',(14.1356776138559,132.248876380606,1.9));
#8868=CARTESIAN_POINT('Ctrl Pts',(14.1491708250124,132.276590644597,1.9));
#8869=CARTESIAN_POINT('Ctrl Pts',(14.1617380047979,132.304730042679,1.9));
#8870=CARTESIAN_POINT('Ctrl Pts',(14.1721936296798,132.328141420233,1.9));
#8871=CARTESIAN_POINT('Ctrl Pts',(14.1820081916644,132.351847089788,1.9));
#8872=CARTESIAN_POINT('Ctrl Pts',(14.1911529186793,132.375829714844,1.9));
#8873=CARTESIAN_POINT('Ctrl Pts',(14.195060054578,132.386076425889,1.9));
#8874=CARTESIAN_POINT('Ctrl Pts',(14.1988452071888,132.396374948618,1.9));
#8875=CARTESIAN_POINT('Ctrl Pts',(14.2025003686439,132.406707001943,1.9));
#8876=CARTESIAN_POINT('Ctrl Pts',(14.2194279996352,132.454556375554,1.9));
#8877=CARTESIAN_POINT('Ctrl Pts',(14.2336025878224,132.503205762493,1.9));
#8878=CARTESIAN_POINT('Ctrl Pts',(14.2448580664839,132.552511868674,1.9));
#8879=CARTESIAN_POINT('Ctrl Pts',(14.2574355503369,132.607609192652,1.9));
#8880=CARTESIAN_POINT('Ctrl Pts',(14.2663686264449,132.663527503988,1.9));
#8881=CARTESIAN_POINT('Ctrl Pts',(14.2717471484047,132.719930902654,1.9));
#8882=CARTESIAN_POINT('Ctrl Pts',(14.2763113947778,132.767795169029,1.9));
#8883=CARTESIAN_POINT('Ctrl Pts',(14.2783148051016,132.816009213412,1.9));
#8884=CARTESIAN_POINT('Ctrl Pts',(14.2777838463776,132.864360105786,1.9));
#8885=CARTESIAN_POINT('Ctrl Pts',(14.2776378543904,132.877654628582,1.9));
#8886=CARTESIAN_POINT('Ctrl Pts',(14.2773001154265,132.890959428513,1.9));
#8887=CARTESIAN_POINT('Ctrl Pts',(14.2767708642679,132.904269899299,1.9));
#8888=CARTESIAN_POINT('Ctrl Pts',(14.2763589172242,132.914630215004,1.9));
#8889=CARTESIAN_POINT('Ctrl Pts',(14.2758307451841,132.924995743371,1.9));
#8890=CARTESIAN_POINT('Ctrl Pts',(14.2751877087172,132.935347424481,1.9));
#8891=CARTESIAN_POINT('Ctrl Pts',(14.2717464900358,132.990744591289,1.9));
#8892=CARTESIAN_POINT('Ctrl Pts',(14.2650171098046,133.045849035541,1.9));
#8893=CARTESIAN_POINT('Ctrl Pts',(14.2550942173188,133.10034633122,1.9));
#8894=CARTESIAN_POINT('Ctrl Pts',(14.2452266793263,133.154539615726,1.9));
#8895=CARTESIAN_POINT('Ctrl Pts',(14.232200672522,133.208133598992,1.9));
#8896=CARTESIAN_POINT('Ctrl Pts',(14.2160623685576,133.260799140753,1.9));
#8897=CARTESIAN_POINT('Ctrl Pts',(14.2010892217707,133.309662322977,1.9));
#8898=CARTESIAN_POINT('Ctrl Pts',(14.1834362312424,133.357726755997,1.9));
#8899=CARTESIAN_POINT('Ctrl Pts',(14.1631091236625,133.404701969387,1.9));
#8900=CARTESIAN_POINT('Ctrl Pts',(14.1578876780518,133.416768542105,1.9));
#8901=CARTESIAN_POINT('Ctrl Pts',(14.1524875872405,133.428767125878,1.9));
#8902=CARTESIAN_POINT('Ctrl Pts',(14.146921283603,133.440666498575,1.9));
#8903=CARTESIAN_POINT('Ctrl Pts',(14.124420908946,133.488766703183,1.9));
#8904=CARTESIAN_POINT('Ctrl Pts',(14.0991766190219,133.53532596741,1.9));
#8905=CARTESIAN_POINT('Ctrl Pts',(14.071240070729,133.580048935167,1.9));
#8906=CARTESIAN_POINT('Ctrl Pts',(14.0442492979192,133.623257833041,1.9));
#8907=CARTESIAN_POINT('Ctrl Pts',(14.0147448961575,133.664753314326,1.9));
#8908=CARTESIAN_POINT('Ctrl Pts',(13.9827401664091,133.704234817994,1.9));
#8909=CARTESIAN_POINT('Ctrl Pts',(13.9603566407793,133.731847463256,1.9));
#8910=CARTESIAN_POINT('Ctrl Pts',(13.9367494332805,133.75847430876,1.9));
#8911=CARTESIAN_POINT('Ctrl Pts',(13.9119150108998,133.783999569584,1.9));
#8912=CARTESIAN_POINT('Ctrl Pts',(13.8979032963133,133.798401058933,1.9));
#8913=CARTESIAN_POINT('Ctrl Pts',(13.8835007796686,133.81245164947,1.9));
#8914=CARTESIAN_POINT('Ctrl Pts',(13.868723896503,133.826142821612,1.9));
#8915=CARTESIAN_POINT('Ctrl Pts',(11.644738210219,132.99873126653,5.09341967361942));
#8916=CARTESIAN_POINT('Ctrl Pts',(11.6437826316222,132.884632987758,5.10059474782368));
#8917=CARTESIAN_POINT('Ctrl Pts',(11.6579917097744,132.770768481911,5.10776982202795));
#8918=CARTESIAN_POINT('Ctrl Pts',(11.6883253549944,132.661375292354,5.11494489623221));
#8919=CARTESIAN_POINT('Ctrl Pts',(11.7989564198817,132.262402964288,5.14111339969114));
#8920=CARTESIAN_POINT('Ctrl Pts',(12.1240705672272,131.922906447026,5.16728190315006));
#8921=CARTESIAN_POINT('Ctrl Pts',(12.517883619192,131.795115811059,5.19345040660899));
#8922=CARTESIAN_POINT('Ctrl Pts',(12.9116966711567,131.667325175092,5.21961891006791));
#8923=CARTESIAN_POINT('Ctrl Pts',(13.3742086277408,131.751240420422,5.24578741352684));
#8924=CARTESIAN_POINT('Ctrl Pts',(13.6980218297859,132.009241646308,5.27195591698576));
#8925=CARTESIAN_POINT('Ctrl Pts',(14.021835031831,132.267242872194,5.29812442044469));
#8926=CARTESIAN_POINT('Ctrl Pts',(14.2069494793371,132.699330078637,5.32429292390362));
#8927=CARTESIAN_POINT('Ctrl Pts',(14.17036137613,133.111732249161,5.35046142736254));
#8928=CARTESIAN_POINT('Ctrl Pts',(14.1337732729228,133.524134419685,5.37662993082147));
#8929=CARTESIAN_POINT('Ctrl Pts',(13.8754826190023,133.91685155429,5.4027984342804));
#8930=CARTESIAN_POINT('Ctrl Pts',(13.5113023153135,134.113821798509,5.42896693773932));
#8931=CARTESIAN_POINT('Ctrl Pts',(13.1471220116248,134.310792042729,5.45513544119825));
#8932=CARTESIAN_POINT('Ctrl Pts',(12.6770520581677,134.312015396564,5.48130394465718));
#8933=CARTESIAN_POINT('Ctrl Pts',(12.3118933265553,134.116866405512,5.5074724481161));
#8934=CARTESIAN_POINT('Ctrl Pts',(11.9467345949429,133.921717414459,5.53364095157503));
#8935=CARTESIAN_POINT('Ctrl Pts',(11.6864870851751,133.53019607852,5.55980945503396));
#8936=CARTESIAN_POINT('Ctrl Pts',(11.6478159160015,133.118024198848,5.58597795849288));
#8937=CARTESIAN_POINT('Ctrl Pts',(11.6441501882937,133.078953492894,5.58845853020173));
#8938=CARTESIAN_POINT('Ctrl Pts',(11.642475451072,133.039697229963,5.59093910191057));
#8939=CARTESIAN_POINT('Ctrl Pts',(11.6427219027946,133.000420441528,5.59341967361942));
#8940=CARTESIAN_POINT('Ctrl Pts',(12.5102816899249,131.509150571781,5.9));
#8941=CARTESIAN_POINT('Ctrl Pts',(12.0200918917248,131.640199104067,5.87383149654107));
#8942=CARTESIAN_POINT('Ctrl Pts',(11.1871417228348,132.421675207454,5.82149448962322));
#8943=CARTESIAN_POINT('Ctrl Pts',(11.4765570029079,134.119546418682,5.74298897924644));
#8944=CARTESIAN_POINT('Ctrl Pts',(13.0529346908044,134.810850355457,5.66448346886966));
#8945=CARTESIAN_POINT('Ctrl Pts',(14.4988532670549,133.879123436469,5.58597795849288));
#8946=CARTESIAN_POINT('Ctrl Pts',(14.5193468080383,132.158241300121,5.5074724481161));
#8947=CARTESIAN_POINT('Ctrl Pts',(13.0951809189721,131.192358595033,5.42896693773933));
#8948=CARTESIAN_POINT('Ctrl Pts',(11.5039949967604,131.847301960548,5.35046142736254));
#8949=CARTESIAN_POINT('Ctrl Pts',(11.1726023941702,133.535896007715,5.27195591698576));
#8950=CARTESIAN_POINT('Ctrl Pts',(12.398300603506,134.74367592282,5.19345040660899));
#8951=CARTESIAN_POINT('Ctrl Pts',(14.0818075522132,134.387521196242,5.1149448962322));
#8952=CARTESIAN_POINT('Ctrl Pts',(14.7133368087059,132.786817979179,5.03643938585543));
#8953=CARTESIAN_POINT('Ctrl Pts',(13.7265069811314,131.377125550172,4.95793387547864));
#8954=CARTESIAN_POINT('Ctrl Pts',(12.0063358105739,131.422684476935,4.87942836510187));
#8955=CARTESIAN_POINT('Ctrl Pts',(11.0955111386221,132.88263890509,4.80092285472509));
#8956=CARTESIAN_POINT('Ctrl Pts',(11.810883422221,134.447665798454,4.72241734434831));
#8957=CARTESIAN_POINT('Ctrl Pts',(13.5108891919521,134.71421241136,4.64391183397153));
#8958=CARTESIAN_POINT('Ctrl Pts',(14.6709231476331,133.44323312471,4.56540632359475));
#8959=CARTESIAN_POINT('Ctrl Pts',(14.2506391196049,131.774572513919,4.48690081321797));
#8960=CARTESIAN_POINT('Ctrl Pts',(12.6269578835784,131.204725019425,4.40839530284119));
#8961=CARTESIAN_POINT('Ctrl Pts',(11.2560353400959,132.244743453294,4.32988979246441));
#8962=CARTESIAN_POINT('Ctrl Pts',(11.3673474338029,133.9619145437,4.25138428208763));
#8963=CARTESIAN_POINT('Ctrl Pts',(12.8610668251127,134.816238440766,4.17287877171085));
#8964=CARTESIAN_POINT('Ctrl Pts',(14.3975904564553,134.041537159632,4.09437326133408));
#8965=CARTESIAN_POINT('Ctrl Pts',(14.598927404695,132.332581228425,4.01586775095729));
#8966=CARTESIAN_POINT('Ctrl Pts',(13.2845139090014,131.222002953502,3.93736224058052));
#8967=CARTESIAN_POINT('Ctrl Pts',(11.6331472402922,131.705795334737,3.85885673020373));
#8968=CARTESIAN_POINT('Ctrl Pts',(11.1258122862504,133.350081862872,3.78035121982696));
#8969=CARTESIAN_POINT('Ctrl Pts',(12.2174990947883,134.68022728903,3.70184570945018));
#8970=CARTESIAN_POINT('Ctrl Pts',(13.9291569826314,134.503325572313,3.6233401990734));
#8971=CARTESIAN_POINT('Ctrl Pts',(14.7257304637198,132.978026378463,3.54483468869662));
#8972=CARTESIAN_POINT('Ctrl Pts',(13.8928335025305,131.472254285247,3.46632917831984));
#8973=CARTESIAN_POINT('Ctrl Pts',(12.1774278953483,131.336421505988,3.38782366794306));
#8974=CARTESIAN_POINT('Ctrl Pts',(11.1179301710888,132.692346101318,3.30931815756628));
#8975=CARTESIAN_POINT('Ctrl Pts',(11.6645230791375,134.324002669315,3.2308126471895));
#8976=CARTESIAN_POINT('Ctrl Pts',(13.3270091006,134.768082787816,3.15230713681272));
#8977=CARTESIAN_POINT('Ctrl Pts',(14.6144312572962,133.626324893747,3.07380162643594));
#8978=CARTESIAN_POINT('Ctrl Pts',(14.3721987333461,131.922684518032,2.99529611605916));
#8979=CARTESIAN_POINT('Ctrl Pts',(12.8175514543579,131.185027042027,2.91679060568238));
#8980=CARTESIAN_POINT('Ctrl Pts',(11.3447339783207,132.074900832727,2.8382850953056));
#8981=CARTESIAN_POINT('Ctrl Pts',(11.2746042003553,133.79424673439,2.75977958492882));
#8982=CARTESIAN_POINT('Ctrl Pts',(12.6700558244131,134.801112781459,2.68127407455204));
#8983=CARTESIAN_POINT('Ctrl Pts',(14.279615379003,134.192521051956,2.60276856417526));
#8984=CARTESIAN_POINT('Ctrl Pts',(14.6597901018451,132.514263869331,2.52426305379848));
#8985=CARTESIAN_POINT('Ctrl Pts',(13.4696333414971,131.271457077666,2.44575754342171));
#8986=CARTESIAN_POINT('Ctrl Pts',(11.7764996101483,131.578648535014,2.36725203304492));
#8987=CARTESIAN_POINT('Ctrl Pts',(11.0988446510015,133.1604053651,2.28874652266815));
#8988=CARTESIAN_POINT('Ctrl Pts',(12.0443783281619,134.598038668983,2.21024101229136));
#8989=CARTESIAN_POINT('Ctrl Pts',(13.7651798339822,134.60251718832,2.13173550191459));
#8990=CARTESIAN_POINT('Ctrl Pts',(14.7178771385612,133.169261049916,2.0532299915378));
#8991=CARTESIAN_POINT('Ctrl Pts',(14.0483094900782,131.584813277089,1.97472448116103));
#8992=CARTESIAN_POINT('Ctrl Pts',(12.3564689355562,131.267727664084,1.89621897078425));
#8993=CARTESIAN_POINT('Ctrl Pts',(11.1607055083157,132.507355705204,1.81771346040747));
#8994=CARTESIAN_POINT('Ctrl Pts',(11.4085270466893,133.622297573257,1.76537645348961));
#8995=CARTESIAN_POINT('Ctrl Pts',(11.739658937357,134.006760090359,1.73920795003069));
#8996=CARTESIAN_POINT('Ctrl Pts',(12.534257949367,131.598834275769,5.95359734998977));
#8997=CARTESIAN_POINT('Ctrl Pts',(12.0735600195615,131.721998380264,5.92742884653084));
#8998=CARTESIAN_POINT('Ctrl Pts',(11.2907236165033,132.456457612881,5.875091839613));
#8999=CARTESIAN_POINT('Ctrl Pts',(11.5627264628974,134.052177790986,5.79658632923621));
#9000=CARTESIAN_POINT('Ctrl Pts',(13.0442626761603,134.701889991665,5.71808081885944));
#9001=CARTESIAN_POINT('Ctrl Pts',(14.4031887435567,133.826219660912,5.63957530848266));
#9002=CARTESIAN_POINT('Ctrl Pts',(14.4224493074037,132.208872991181,5.56106979810587));
#9003=CARTESIAN_POINT('Ctrl Pts',(13.0839671945537,131.30110182927,5.4825642877291));
#9004=CARTESIAN_POINT('Ctrl Pts',(11.588513672285,131.916641062727,5.40405877735231));
#9005=CARTESIAN_POINT('Ctrl Pts',(11.2770590346595,133.503642229761,5.32555326697554));
#9006=CARTESIAN_POINT('Ctrl Pts',(12.4290141134487,134.63875705384,5.24704775659875));
#9007=CARTESIAN_POINT('Ctrl Pts',(14.0112342431422,134.30403008517,5.16854224622198));
#9008=CARTESIAN_POINT('Ctrl Pts',(14.6047680583012,132.799631868312,5.0900367358452));
#9009=CARTESIAN_POINT('Ctrl Pts',(13.6773100404004,131.474752431632,5.01153122546842));
#9010=CARTESIAN_POINT('Ctrl Pts',(12.0606315617851,131.517570342819,4.93302571509164));
#9011=CARTESIAN_POINT('Ctrl Pts',(11.2046059114662,132.889687806566,4.85452020471486));
#9012=CARTESIAN_POINT('Ctrl Pts',(11.8769384065617,134.360556136568,4.77601469433808));
#9013=CARTESIAN_POINT('Ctrl Pts',(13.4746647192026,134.611066190457,4.6975091839613));
#9014=CARTESIAN_POINT('Ctrl Pts',(14.5649061804665,133.416554333344,4.61900367358452));
#9015=CARTESIAN_POINT('Ctrl Pts',(14.1699081973304,131.848287323786,4.54049816320774));
#9016=CARTESIAN_POINT('Ctrl Pts',(12.6439144152321,131.31272423785,4.46199265283096));
#9017=CARTESIAN_POINT('Ctrl Pts',(11.3554723056143,132.290170813039,4.38348714245418));
#9018=CARTESIAN_POINT('Ctrl Pts',(11.4600873982201,133.904029708872,4.3049816320774));
#9019=CARTESIAN_POINT('Ctrl Pts',(12.8639383837231,134.706953907227,4.22647612170062));
#9020=CARTESIAN_POINT('Ctrl Pts',(14.3080183271571,133.978861895221,4.14797061132384));
#9021=CARTESIAN_POINT('Ctrl Pts',(14.4972420025334,132.372723900252,4.06946510094706));
#9022=CARTESIAN_POINT('Ctrl Pts',(13.26190912005,131.328962659151,3.99095959057029));
#9023=CARTESIAN_POINT('Ctrl Pts',(11.7098955766888,131.783648067352,3.91245408019351));
#9024=CARTESIAN_POINT('Ctrl Pts',(11.2330840153238,133.329007441008,3.83394856981673));
#9025=CARTESIAN_POINT('Ctrl Pts',(12.2590903796669,134.579125755222,3.75544305943994));
#9026=CARTESIAN_POINT('Ctrl Pts',(13.8677677702612,134.412867185644,3.67693754906317));
#9027=CARTESIAN_POINT('Ctrl Pts',(14.6164160591951,132.979336370599,3.59843203868639));
#9028=CARTESIAN_POINT('Ctrl Pts',(13.83362966264,131.564157824145,3.51992652830961));
#9029=CARTESIAN_POINT('Ctrl Pts',(12.2214300311761,131.436497312984,3.44142101793283));
#9030=CARTESIAN_POINT('Ctrl Pts',(11.2256761211759,132.710843813736,3.36291550755605));
#9031=CARTESIAN_POINT('Ctrl Pts',(11.7393837138451,134.244333098478,3.28440999717927));
#9032=CARTESIAN_POINT('Ctrl Pts',(13.3018476231932,134.661695499761,3.20590448680249));
#9033=CARTESIAN_POINT('Ctrl Pts',(14.5118130785199,133.588630535806,3.12739897642571));
#9034=CARTESIAN_POINT('Ctrl Pts',(14.2841542763067,131.987488290278,3.04889346604893));
#9035=CARTESIAN_POINT('Ctrl Pts',(12.8230410796685,131.294211373156,2.97038795567215));
#9036=CARTESIAN_POINT('Ctrl Pts',(11.4388344627966,132.130546634863,2.89188244529537));
#9037=CARTESIAN_POINT('Ctrl Pts',(11.3729239855794,133.746449496212,2.81337693491859));
#9038=CARTESIAN_POINT('Ctrl Pts',(12.6844194036964,134.692738270844,2.73487142454181));
#9039=CARTESIAN_POINT('Ctrl Pts',(14.1971411237749,134.120761965119,2.65636591416503));
#9040=CARTESIAN_POINT('Ctrl Pts',(14.5544429452751,132.543475753624,2.57786040378825));
#9041=CARTESIAN_POINT('Ctrl Pts',(13.4358909932566,131.375441416372,2.49935489341147));
#9042=CARTESIAN_POINT('Ctrl Pts',(11.8446232684277,131.664150950871,2.42084938303469));
#9043=CARTESIAN_POINT('Ctrl Pts',(11.207738865799,133.150742674631,2.34234387265792));
#9044=CARTESIAN_POINT('Ctrl Pts',(12.0963852824087,134.501881946298,2.26383836228113));
#9045=CARTESIAN_POINT('Ctrl Pts',(13.7136561726811,134.506091019181,2.18533285190436));
#9046=CARTESIAN_POINT('Ctrl Pts',(14.6090352229233,133.159065564412,2.10682734152758));
#9047=CARTESIAN_POINT('Ctrl Pts',(13.9797515645251,131.669944796279,2.0283218311508));
#9048=CARTESIAN_POINT('Ctrl Pts',(12.3896992135966,131.371936379909,1.94981632077402));
#9049=CARTESIAN_POINT('Ctrl Pts',(11.2658779152147,132.536983213543,1.87131081039724));
#9050=CARTESIAN_POINT('Ctrl Pts',(11.4987894733686,133.58484551576,1.81897380347938));
#9051=CARTESIAN_POINT('Ctrl Pts',(11.8099990845912,133.946177159885,1.79280530002046));
#9052=CARTESIAN_POINT('Ctrl Pts',(12.558234208809,131.688517979757,6.00719469997954));
#9053=CARTESIAN_POINT('Ctrl Pts',(12.1270281473981,131.803797656461,5.98102619652061));
#9054=CARTESIAN_POINT('Ctrl Pts',(11.3943055101719,132.491240018309,5.92868918960276));
#9055=CARTESIAN_POINT('Ctrl Pts',(11.6488959228869,133.98480916329,5.85018367922598));
#9056=CARTESIAN_POINT('Ctrl Pts',(13.0355906615161,134.592929627873,5.7716781688492));
#9057=CARTESIAN_POINT('Ctrl Pts',(14.3075242200584,133.773315885354,5.69317265847243));
#9058=CARTESIAN_POINT('Ctrl Pts',(14.3255518067692,132.259504682241,5.61466714809564));
#9059=CARTESIAN_POINT('Ctrl Pts',(13.0727534701354,131.409845063507,5.53616163771887));
#9060=CARTESIAN_POINT('Ctrl Pts',(11.6730323478096,131.985980164906,5.45765612734208));
#9061=CARTESIAN_POINT('Ctrl Pts',(11.3815156751488,133.471388451808,5.37915061696531));
#9062=CARTESIAN_POINT('Ctrl Pts',(12.4597276233914,134.533838184861,5.30064510658852));
#9063=CARTESIAN_POINT('Ctrl Pts',(13.9406609340711,134.220538974097,5.22213959621175));
#9064=CARTESIAN_POINT('Ctrl Pts',(14.4961993078965,132.812445757446,5.14363408583496));
#9065=CARTESIAN_POINT('Ctrl Pts',(13.6281130996694,131.572379313091,5.06512857545819));
#9066=CARTESIAN_POINT('Ctrl Pts',(12.1149273129963,131.612456208702,4.98662306508141));
#9067=CARTESIAN_POINT('Ctrl Pts',(11.3137006843102,132.896736708042,4.90811755470463));
#9068=CARTESIAN_POINT('Ctrl Pts',(11.9429933909023,134.273446474683,4.82961204432785));
#9069=CARTESIAN_POINT('Ctrl Pts',(13.4384402464531,134.507919969553,4.75110653395107));
#9070=CARTESIAN_POINT('Ctrl Pts',(14.4588892132998,133.389875541979,4.67260102357429));
#9071=CARTESIAN_POINT('Ctrl Pts',(14.0891772750559,131.922002133653,4.59409551319751));
#9072=CARTESIAN_POINT('Ctrl Pts',(12.6608709468857,131.420723456275,4.51559000282073));
#9073=CARTESIAN_POINT('Ctrl Pts',(11.4549092711327,132.335598172783,4.43708449244395));
#9074=CARTESIAN_POINT('Ctrl Pts',(11.5528273626373,133.846144874043,4.35857898206717));
#9075=CARTESIAN_POINT('Ctrl Pts',(12.8668099423335,134.597669373688,4.28007347169039));
#9076=CARTESIAN_POINT('Ctrl Pts',(14.2184461978589,133.91618663081,4.20156796131361));
#9077=CARTESIAN_POINT('Ctrl Pts',(14.3955566003717,132.412866572078,4.12306245093684));
#9078=CARTESIAN_POINT('Ctrl Pts',(13.2393043310987,131.4359223648,4.04455694056005));
#9079=CARTESIAN_POINT('Ctrl Pts',(11.7866439130855,131.861500799967,3.96605143018327));
#9080=CARTESIAN_POINT('Ctrl Pts',(11.3403557443971,133.307933019143,3.88754591980649));
#9081=CARTESIAN_POINT('Ctrl Pts',(12.3006816645454,134.478024221415,3.80904040942972));
#9082=CARTESIAN_POINT('Ctrl Pts',(13.806378557891,134.322408798976,3.73053489905294));
#9083=CARTESIAN_POINT('Ctrl Pts',(14.5071016546705,132.980646362735,3.65202938867616));
#9084=CARTESIAN_POINT('Ctrl Pts',(13.7744258227494,131.656061363043,3.57352387829938));
#9085=CARTESIAN_POINT('Ctrl Pts',(12.2654321670039,131.536573119979,3.4950183679226));
#9086=CARTESIAN_POINT('Ctrl Pts',(11.333422071263,132.729341526154,3.41651285754582));
#9087=CARTESIAN_POINT('Ctrl Pts',(11.8142443485527,134.164663527641,3.33800734716904));
#9088=CARTESIAN_POINT('Ctrl Pts',(13.2766861457865,134.555308211706,3.25950183679226));
#9089=CARTESIAN_POINT('Ctrl Pts',(14.4091948997435,133.550936177865,3.18099632641548));
#9090=CARTESIAN_POINT('Ctrl Pts',(14.1961098192673,132.052292062524,3.1024908160387));
#9091=CARTESIAN_POINT('Ctrl Pts',(12.828530704979,131.403395704285,3.02398530566192));
#9092=CARTESIAN_POINT('Ctrl Pts',(11.5329349472725,132.186192436998,2.94547979528514));
#9093=CARTESIAN_POINT('Ctrl Pts',(11.4712437708035,133.698652258034,2.86697428490836));
#9094=CARTESIAN_POINT('Ctrl Pts',(12.6987829829797,134.584363760229,2.78846877453158));
#9095=CARTESIAN_POINT('Ctrl Pts',(14.1146668685468,134.049002878282,2.7099632641548));
#9096=CARTESIAN_POINT('Ctrl Pts',(14.4490957887051,132.572687637916,2.63145775377802));
#9097=CARTESIAN_POINT('Ctrl Pts',(13.402148645016,131.479425755078,2.55295224340124));
#9098=CARTESIAN_POINT('Ctrl Pts',(11.912746926707,131.749653366727,2.47444673302446));
#9099=CARTESIAN_POINT('Ctrl Pts',(11.3166330805964,133.141079984163,2.39594122264769));
#9100=CARTESIAN_POINT('Ctrl Pts',(12.1483922366555,134.405725223612,2.3174357122709));
#9101=CARTESIAN_POINT('Ctrl Pts',(13.66213251138,134.409664850041,2.23893020189413));
#9102=CARTESIAN_POINT('Ctrl Pts',(14.5001933072854,133.148870078907,2.16042469151735));
#9103=CARTESIAN_POINT('Ctrl Pts',(13.9111936389719,131.755076315469,2.08191918114057));
#9104=CARTESIAN_POINT('Ctrl Pts',(12.422929491637,131.476145095734,2.00341367076379));
#9105=CARTESIAN_POINT('Ctrl Pts',(11.3710503221137,132.566610721882,1.92490816038701));
#9106=CARTESIAN_POINT('Ctrl Pts',(11.5890519000478,133.547393458264,1.87257115346915));
#9107=CARTESIAN_POINT('Ctrl Pts',(11.8803392318255,133.885594229411,1.84640265001023));
#9108=CARTESIAN_POINT('Ctrl Pts',(12.582210468251,131.778201683744,6.06079204996931));
#9109=CARTESIAN_POINT('Ctrl Pts',(12.1804962752348,131.885596932659,6.03462354651039));
#9110=CARTESIAN_POINT('Ctrl Pts',(11.4978874038405,132.526022423736,5.98228653959253));
#9111=CARTESIAN_POINT('Ctrl Pts',(11.7350653828765,133.917440535595,5.90378102921575));
#9112=CARTESIAN_POINT('Ctrl Pts',(13.026918646872,134.48396926408,5.82527551883897));
#9113=CARTESIAN_POINT('Ctrl Pts',(14.2118596965601,133.720412109796,5.7467700084622));
#9114=CARTESIAN_POINT('Ctrl Pts',(14.2286543061346,132.310136373301,5.66826449808541));
#9115=CARTESIAN_POINT('Ctrl Pts',(13.0615397457171,131.518588297744,5.58975898770864));
#9116=CARTESIAN_POINT('Ctrl Pts',(11.7575510233343,132.055319267086,5.51125347733185));
#9117=CARTESIAN_POINT('Ctrl Pts',(11.4859723156381,133.439134673854,5.43274796695508));
#9118=CARTESIAN_POINT('Ctrl Pts',(12.4904411333342,134.428919315882,5.3542424565783));
#9119=CARTESIAN_POINT('Ctrl Pts',(13.870087625,134.137047863025,5.27573694620152));
#9120=CARTESIAN_POINT('Ctrl Pts',(14.3876305574918,132.825259646579,5.19723143582474));
#9121=CARTESIAN_POINT('Ctrl Pts',(13.5789161589384,131.670006194551,5.11872592544796));
#9122=CARTESIAN_POINT('Ctrl Pts',(12.1692230642074,131.707342074585,5.04022041507118));
#9123=CARTESIAN_POINT('Ctrl Pts',(11.4227954571542,132.903785609518,4.9617149046944));
#9124=CARTESIAN_POINT('Ctrl Pts',(12.0090483752429,134.186336812797,4.88320939431762));
#9125=CARTESIAN_POINT('Ctrl Pts',(13.4022157737036,134.404773748649,4.80470388394084));
#9126=CARTESIAN_POINT('Ctrl Pts',(14.3528722461331,133.363196750613,4.72619837356406));
#9127=CARTESIAN_POINT('Ctrl Pts',(14.0084463527814,131.995716943519,4.64769286318728));
#9128=CARTESIAN_POINT('Ctrl Pts',(12.6778274785393,131.528722674701,4.5691873528105));
#9129=CARTESIAN_POINT('Ctrl Pts',(11.5543462366511,132.381025532528,4.49068184243372));
#9130=CARTESIAN_POINT('Ctrl Pts',(11.6455673270545,133.788260039215,4.41217633205694));
#9131=CARTESIAN_POINT('Ctrl Pts',(12.8696815009439,134.488384840148,4.33367082168017));
#9132=CARTESIAN_POINT('Ctrl Pts',(14.1288740685607,133.853511366399,4.25516531130338));
#9133=CARTESIAN_POINT('Ctrl Pts',(14.2938711982101,132.453009243904,4.17665980092661));
#9134=CARTESIAN_POINT('Ctrl Pts',(13.2166995421475,131.54288207045,4.09815429054982));
#9135=CARTESIAN_POINT('Ctrl Pts',(11.8633922494821,131.939353532582,4.01964878017305));
#9136=CARTESIAN_POINT('Ctrl Pts',(11.4476274734705,133.286858597279,3.94114326979627));
#9137=CARTESIAN_POINT('Ctrl Pts',(12.342272949424,134.376922687607,3.86263775941948));
#9138=CARTESIAN_POINT('Ctrl Pts',(13.7449893455209,134.231950412307,3.78413224904271));
#9139=CARTESIAN_POINT('Ctrl Pts',(14.3977872501458,132.981956354871,3.70562673866593));
#9140=CARTESIAN_POINT('Ctrl Pts',(13.7152219828588,131.747964901941,3.62712122828915));
#9141=CARTESIAN_POINT('Ctrl Pts',(12.3094343028317,131.636648926975,3.54861571791237));
#9142=CARTESIAN_POINT('Ctrl Pts',(11.4411680213501,132.747839238572,3.47011020753559));
#9143=CARTESIAN_POINT('Ctrl Pts',(11.8891049832604,134.084993956804,3.39160469715881));
#9144=CARTESIAN_POINT('Ctrl Pts',(13.2515246683798,134.448920923651,3.31309918678203));
#9145=CARTESIAN_POINT('Ctrl Pts',(14.3065767209672,133.513241819924,3.23459367640525));
#9146=CARTESIAN_POINT('Ctrl Pts',(14.1080653622278,132.11709583477,3.15608816602847));
#9147=CARTESIAN_POINT('Ctrl Pts',(12.8340203302896,131.512580035414,3.07758265565169));
#9148=CARTESIAN_POINT('Ctrl Pts',(11.6270354317484,132.241838239134,2.99907714527491));
#9149=CARTESIAN_POINT('Ctrl Pts',(11.5695635560276,133.650855019855,2.92057163489813));
#9150=CARTESIAN_POINT('Ctrl Pts',(12.7131465622629,134.475989249614,2.84206612452135));
#9151=CARTESIAN_POINT('Ctrl Pts',(14.0321926133186,133.977243791444,2.76356061414457));
#9152=CARTESIAN_POINT('Ctrl Pts',(14.3437486321351,132.601899522209,2.68505510376779));
#9153=CARTESIAN_POINT('Ctrl Pts',(13.3684062967754,131.583410093784,2.60654959339101));
#9154=CARTESIAN_POINT('Ctrl Pts',(11.9808705849863,131.835155782583,2.52804408301424));
#9155=CARTESIAN_POINT('Ctrl Pts',(11.4255272953939,133.131417293694,2.44953857263745));
#9156=CARTESIAN_POINT('Ctrl Pts',(12.2003991909022,134.309568500926,2.37103306226068));
#9157=CARTESIAN_POINT('Ctrl Pts',(13.6106088500789,134.313238680901,2.2925275518839));
#9158=CARTESIAN_POINT('Ctrl Pts',(14.3913513916474,133.138674593402,2.21402204150712));
#9159=CARTESIAN_POINT('Ctrl Pts',(13.8426357134188,131.840207834659,2.13551653113034));
#9160=CARTESIAN_POINT('Ctrl Pts',(12.4561597696774,131.580353811559,2.05701102075356));
#9161=CARTESIAN_POINT('Ctrl Pts',(11.4762227290127,132.596238230221,1.97850551037678));
#9162=CARTESIAN_POINT('Ctrl Pts',(11.6793143267271,133.509941400767,1.92616850345893));
#9163=CARTESIAN_POINT('Ctrl Pts',(11.9506793790597,133.825011298936,1.9));
#9164=CARTESIAN_POINT('Ctrl Pts',(11.9506793790597,133.825011298936,1.9));
#9165=CARTESIAN_POINT('Ctrl Pts',(11.9134937891553,133.790284899928,1.9));
#9166=CARTESIAN_POINT('Ctrl Pts',(11.8786906885856,133.753246962486,1.9));
#9167=CARTESIAN_POINT('Ctrl Pts',(11.8462840771803,133.714210701377,1.9));
#9168=CARTESIAN_POINT('Ctrl Pts',(11.824453987514,133.687914675866,1.9));
#9169=CARTESIAN_POINT('Ctrl Pts',(11.8037118206771,133.660710790994,1.9));
#9170=CARTESIAN_POINT('Ctrl Pts',(11.7840686855619,133.632684048812,1.9));
#9171=CARTESIAN_POINT('Ctrl Pts',(11.7750443162477,133.619808116806,1.9));
#9172=CARTESIAN_POINT('Ctrl Pts',(11.7662519947858,133.606758402632,1.9));
#9173=CARTESIAN_POINT('Ctrl Pts',(11.7576932442714,133.593542644421,1.9));
#9174=CARTESIAN_POINT('Ctrl Pts',(11.7504074154849,133.582292433138,1.9));
#9175=CARTESIAN_POINT('Ctrl Pts',(11.7432948561416,133.57092792736,1.9));
#9176=CARTESIAN_POINT('Ctrl Pts',(11.7363599860172,133.559460963891,1.9));
#9177=CARTESIAN_POINT('Ctrl Pts',(11.7085449202587,133.513468128087,1.9));
#9178=CARTESIAN_POINT('Ctrl Pts',(11.6835648797693,133.465798283226,1.9));
#9179=CARTESIAN_POINT('Ctrl Pts',(11.6614582087191,133.416776084648,1.9));
#9180=CARTESIAN_POINT('Ctrl Pts',(11.6530028717901,133.398026124284,1.9));
#9181=CARTESIAN_POINT('Ctrl Pts',(11.6449682468411,133.379077907632,1.9));
#9182=CARTESIAN_POINT('Ctrl Pts',(11.6373579243141,133.35994820902,1.9));
#9183=CARTESIAN_POINT('Ctrl Pts',(11.6319151720136,133.346267026552,1.9));
#9184=CARTESIAN_POINT('Ctrl Pts',(11.6266894601653,133.332493004029,1.9));
#9185=CARTESIAN_POINT('Ctrl Pts',(11.6216823783759,133.318632087661,1.9));
#9186=CARTESIAN_POINT('Ctrl Pts',(11.617758222917,133.30776899556,1.9));
#9187=CARTESIAN_POINT('Ctrl Pts',(11.6139682985922,133.296851971524,1.9));
#9188=CARTESIAN_POINT('Ctrl Pts',(11.6103181853126,133.285899086339,1.9));
#9189=CARTESIAN_POINT('Ctrl Pts',(11.5923986151772,133.232127880016,1.9));
#9190=CARTESIAN_POINT('Ctrl Pts',(11.5778134228141,133.177409876003,1.9));
#9191=CARTESIAN_POINT('Ctrl Pts',(11.5666006085239,133.122104910848,1.9));
#9192=CARTESIAN_POINT('Ctrl Pts',(11.5555518116541,133.067608928834,1.9));
#9193=CARTESIAN_POINT('Ctrl Pts',(11.5477770665205,133.012541853294,1.9));
#9194=CARTESIAN_POINT('Ctrl Pts',(11.5433565782188,132.957217959499,1.9));
#9195=CARTESIAN_POINT('Ctrl Pts',(11.5410475924427,132.928320228041,1.9));
#9196=CARTESIAN_POINT('Ctrl Pts',(11.5396545337479,132.899352034913,1.9));
#9197=CARTESIAN_POINT('Ctrl Pts',(11.539194245713,132.870356466968,1.9));
#9198=CARTESIAN_POINT('Ctrl Pts',(11.5389475758897,132.854817649795,1.9));
#9199=CARTESIAN_POINT('Ctrl Pts',(11.5389688570589,132.839270957759,1.9));
#9200=CARTESIAN_POINT('Ctrl Pts',(11.5392611608123,132.823722971699,1.9));
#9201=CARTESIAN_POINT('Ctrl Pts',(11.5394687100776,132.812683178177,1.9));
#9202=CARTESIAN_POINT('Ctrl Pts',(11.5398129067441,132.801642731612,1.9));
#9203=CARTESIAN_POINT('Ctrl Pts',(11.5402949576695,132.790603987608,1.9));
#9204=CARTESIAN_POINT('Ctrl Pts',(11.5407219085334,132.780827009614,1.9));
#9205=CARTESIAN_POINT('Ctrl Pts',(11.5412565875017,132.77106103867,1.9));
#9206=CARTESIAN_POINT('Ctrl Pts',(11.5418991581838,132.761308702105,1.9));
#9207=CARTESIAN_POINT('Ctrl Pts',(11.5450655911419,132.713251545475,1.9));
#9208=CARTESIAN_POINT('Ctrl Pts',(11.5508503070487,132.665519016386,1.9));
#9209=CARTESIAN_POINT('Ctrl Pts',(11.5592919223358,132.618310191435,1.9));
#9210=CARTESIAN_POINT('Ctrl Pts',(11.5688988820508,132.564584303193,1.9));
#9211=CARTESIAN_POINT('Ctrl Pts',(11.5819451923886,132.511535945855,1.9));
#9212=CARTESIAN_POINT('Ctrl Pts',(11.5981807055278,132.459363006509,1.9));
#9213=CARTESIAN_POINT('Ctrl Pts',(11.614048870827,132.408370542115,1.9));
#9214=CARTESIAN_POINT('Ctrl Pts',(11.6329641341353,132.358213644376,1.9));
#9215=CARTESIAN_POINT('Ctrl Pts',(11.6547383699912,132.309080821843,1.9));
#9216=CARTESIAN_POINT('Ctrl Pts',(11.6600809998562,132.297025359288,1.9));
#9217=CARTESIAN_POINT('Ctrl Pts',(11.6655959466032,132.285031595165,1.9));
#9218=CARTESIAN_POINT('Ctrl Pts',(11.6712808017333,132.273102421955,1.9));
#9219=CARTESIAN_POINT('Ctrl Pts',(11.675566998037,132.264108212437,1.9));
#9220=CARTESIAN_POINT('Ctrl Pts',(11.6799489706964,132.2551526113,1.9));
#9221=CARTESIAN_POINT('Ctrl Pts',(11.6844202754957,132.24624695588,1.9));
#9222=CARTESIAN_POINT('Ctrl Pts',(11.7102720941097,132.194756977257,1.9));
#9223=CARTESIAN_POINT('Ctrl Pts',(11.7391507812895,132.144840905241,1.9));
#9224=CARTESIAN_POINT('Ctrl Pts',(11.7707772024479,132.096713858814,1.9));
#9225=CARTESIAN_POINT('Ctrl Pts',(11.8030803232712,132.047557054514,1.9));
#9226=CARTESIAN_POINT('Ctrl Pts',(11.8382504191081,132.000265702914,1.9));
#9227=CARTESIAN_POINT('Ctrl Pts',(11.8760436932025,131.955079018048,1.9));
#9228=CARTESIAN_POINT('Ctrl Pts',(11.9141621933652,131.909503483891,1.9));
#9229=CARTESIAN_POINT('Ctrl Pts',(11.9549497774989,131.866067953624,1.9));
#9230=CARTESIAN_POINT('Ctrl Pts',(11.9982028028621,131.825043041402,1.9));
#9231=CARTESIAN_POINT('Ctrl Pts',(12.0079850038779,131.815764755441,1.9));
#9232=CARTESIAN_POINT('Ctrl Pts',(12.0178963538868,131.806607505831,1.9));
#9233=CARTESIAN_POINT('Ctrl Pts',(12.0279144385159,131.797592431226,1.9));
#9234=CARTESIAN_POINT('Ctrl Pts',(12.073131094367,131.756902864213,1.9));
#9235=CARTESIAN_POINT('Ctrl Pts',(12.1205921426028,131.719035151751,1.9));
#9236=CARTESIAN_POINT('Ctrl Pts',(12.1700315397245,131.684232536409,1.9));
#9237=CARTESIAN_POINT('Ctrl Pts',(12.2190357679952,131.649736255994,1.9));
#9238=CARTESIAN_POINT('Ctrl Pts',(12.2699843928698,131.618250423783,1.9));
#9239=CARTESIAN_POINT('Ctrl Pts',(12.3226601142854,131.590039680027,1.9));
#9240=CARTESIAN_POINT('Ctrl Pts',(12.3612509174916,131.569372184048,1.9));
#9241=CARTESIAN_POINT('Ctrl Pts',(12.4007695896521,131.550462995155,1.9));
#9242=CARTESIAN_POINT('Ctrl Pts',(12.441141773704,131.533430161821,1.9));
#9243=CARTESIAN_POINT('Ctrl Pts',(12.4635816491409,131.523962884602,1.9));
#9244=CARTESIAN_POINT('Ctrl Pts',(12.4862853647314,131.515075538289,1.9));
#9245=CARTESIAN_POINT('Ctrl Pts',(12.5092327969276,131.506764037005,1.9));
#9246=CARTESIAN_POINT('Ctrl Pts',(11.6450661727453,133.000809852024,5.45658032638058));
#9247=CARTESIAN_POINT('Ctrl Pts',(11.6440840774236,133.127221648079,5.44863620657208));
#9248=CARTESIAN_POINT('Ctrl Pts',(11.6615656409305,133.253368359775,5.44069208676358));
#9249=CARTESIAN_POINT('Ctrl Pts',(11.6986469032034,133.37346287973,5.43274796695507));
#9250=CARTESIAN_POINT('Ctrl Pts',(11.8207952548701,133.769062887863,5.40657946349615));
#9251=CARTESIAN_POINT('Ctrl Pts',(12.1556181941021,134.098991101872,5.38041096003722));
#9252=CARTESIAN_POINT('Ctrl Pts',(12.5529707456625,134.215309966734,5.35424245657829));
#9253=CARTESIAN_POINT('Ctrl Pts',(12.9503232972228,134.331628831596,5.32807395311937));
#9254=CARTESIAN_POINT('Ctrl Pts',(13.4102054611114,134.234338347311,5.30190544966044));
#9255=CARTESIAN_POINT('Ctrl Pts',(13.726403698471,133.96706173576,5.27573694620152));
#9256=CARTESIAN_POINT('Ctrl Pts',(14.0426019358306,133.69978512421,5.24956844274259));
#9257=CARTESIAN_POINT('Ctrl Pts',(14.2151162466612,133.262522385395,5.22339993928366));
#9258=CARTESIAN_POINT('Ctrl Pts',(14.1665876689843,132.851348773982,5.19723143582473));
#9259=CARTESIAN_POINT('Ctrl Pts',(14.1180590913074,132.44017516257,5.17106293236581));
#9260=CARTESIAN_POINT('Ctrl Pts',(13.8484876251229,132.05509067856,5.14489442890688));
#9261=CARTESIAN_POINT('Ctrl Pts',(13.4787530429088,131.868771083228,5.11872592544795));
#9262=CARTESIAN_POINT('Ctrl Pts',(13.1090184606948,131.682451487896,5.09255742198903));
#9263=CARTESIAN_POINT('Ctrl Pts',(12.6391207624511,131.69489678124,5.06638891853011));
#9264=CARTESIAN_POINT('Ctrl Pts',(12.2797673121537,131.900526683735,5.04022041507118));
#9265=CARTESIAN_POINT('Ctrl Pts',(11.9204138618564,132.106156586229,5.01405191161225));
#9266=CARTESIAN_POINT('Ctrl Pts',(11.6716046595053,132.504971097874,4.98788340815332));
#9267=CARTESIAN_POINT('Ctrl Pts',(11.6449088780112,132.918136887575,4.9617149046944));
#9268=CARTESIAN_POINT('Ctrl Pts',(11.6431628657877,132.94515960348,4.96000337858979));
#9269=CARTESIAN_POINT('Ctrl Pts',(11.6423669858649,132.972243709698,4.95829185248519));
#9270=CARTESIAN_POINT('Ctrl Pts',(11.6424967219269,132.999335571722,4.95658032638058));
#9271=CARTESIAN_POINT('Origin',(87.2087955317822,6.99979999999979,7.00421172358873));
#9272=CARTESIAN_POINT('Ctrl Pts',(85.6638932582862,7.00055232195971,5.75421172358873));
#9273=CARTESIAN_POINT('Ctrl Pts',(85.6635920702992,7.04847839318981,5.75173115187989));
#9274=CARTESIAN_POINT('Ctrl Pts',(85.6871893276381,7.60170695320987,5.72308207671212));
#9275=CARTESIAN_POINT('Ctrl Pts',(86.3524271745964,8.60250993042414,5.66826449808541));
#9276=CARTESIAN_POINT('Ctrl Pts',(88.0731995775378,8.59801173550673,5.58975898770864));
#9277=CARTESIAN_POINT('Ctrl Pts',(89.0187250656003,7.16040730034785,5.51125347733186));
#9278=CARTESIAN_POINT('Ctrl Pts',(88.341076902659,5.5786640252201,5.43274796695508));
#9279=CARTESIAN_POINT('Ctrl Pts',(86.6479649068209,5.27147967574131,5.3542424565783));
#9280=CARTESIAN_POINT('Ctrl Pts',(85.7457626780122,6.21359183012705,5.29473037545618));
#9281=CARTESIAN_POINT('Ctrl Pts',(85.6651889575135,6.85926956286039,5.26138679779299));
#9282=CARTESIAN_POINT('Ctrl Pts',(85.666354984317,6.99849570810281,5.25421172358873));
#9283=CARTESIAN_POINT('Ctrl Pts',(85.6674556924202,6.99829525162595,5.79578827641127));
#9284=CARTESIAN_POINT('Ctrl Pts',(85.669789099756,7.34021061028284,5.77818851068966));
#9285=CARTESIAN_POINT('Ctrl Pts',(85.9486409502448,8.19504952464601,5.73442024150913));
#9286=CARTESIAN_POINT('Ctrl Pts',(87.3529327985084,8.8107819813385,5.66448346886966));
#9287=CARTESIAN_POINT('Ctrl Pts',(88.798830532055,7.87913730955971,5.58597795849288));
#9288=CARTESIAN_POINT('Ctrl Pts',(88.8193293806052,6.1582382535532,5.50747244811611));
#9289=CARTESIAN_POINT('Ctrl Pts',(87.3951765686193,5.19238856632194,5.42896693773932));
#9290=CARTESIAN_POINT('Ctrl Pts',(85.9650266413957,5.78103950276289,5.35840554717105));
#9291=CARTESIAN_POINT('Ctrl Pts',(85.6695046438128,6.64716743564757,5.3140126600617));
#9292=CARTESIAN_POINT('Ctrl Pts',(85.6667552271293,7.0010320738877,5.29578827641127));
#9293=CARTESIAN_POINT('Ctrl Pts',(88.1669116845046,7.82501129893628,5.9));
#9294=CARTESIAN_POINT('Ctrl Pts',(88.4382767368372,7.50994140076678,5.87383149654108));
#9295=CARTESIAN_POINT('Ctrl Pts',(88.6414930938952,6.59637373661648,5.82149448962322));
#9296=CARTESIAN_POINT('Ctrl Pts',(87.6613836130185,5.58032478461332,5.74298897924644));
#9297=CARTESIAN_POINT('Ctrl Pts',(86.2749878446332,5.8402527613008,5.66448346886967));
#9298=CARTESIAN_POINT('Ctrl Pts',(85.7262485934743,7.13865492982671,5.58597795849289));
#9299=CARTESIAN_POINT('Ctrl Pts',(86.5069952805435,8.31323273300145,5.5074724481161));
#9300=CARTESIAN_POINT('Ctrl Pts',(87.9171810896939,8.30954642874154,5.42896693773933));
#9301=CARTESIAN_POINT('Ctrl Pts',(88.6920462741757,7.13141887964341,5.35046142736254));
#9302=CARTESIAN_POINT('Ctrl Pts',(88.136708554124,5.83516847692208,5.27195591698577));
#9303=CARTESIAN_POINT('Ctrl Pts',(86.7491906547483,5.58342861307508,5.19345040660898));
#9304=CARTESIAN_POINT('Ctrl Pts',(85.7738601514195,6.60190395306862,5.11494489623221));
#9305=CARTESIAN_POINT('Ctrl Pts',(86.0854124248998,7.97723193279937,5.03643938585543));
#9306=CARTESIAN_POINT('Ctrl Pts',(87.4044420576839,8.47597079349378,4.95793387547865));
#9307=CARTESIAN_POINT('Ctrl Pts',(88.548010899062,7.65084701647552,4.87942836510187));
#9308=CARTESIAN_POINT('Ctrl Pts',(88.4905397262929,6.24184760432722,4.80092285472509));
#9309=CARTESIAN_POINT('Ctrl Pts',(87.283569806827,5.51259850708922,4.72241734434831));
#9310=CARTESIAN_POINT('Ctrl Pts',(86.009540579877,6.11710677587733,4.64391183397153));
#9311=CARTESIAN_POINT('Ctrl Pts',(85.8110316847463,7.51323545513604,4.56540632359475));
#9312=CARTESIAN_POINT('Ctrl Pts',(86.8660706472687,8.44890294198619,4.48690081321797));
#9313=CARTESIAN_POINT('Ctrl Pts',(88.2284734292673,8.08498049447256,4.40839530284119));
#9314=CARTESIAN_POINT('Ctrl Pts',(88.6764048336961,6.74784236386508,4.32988979246441));
#9315=CARTESIAN_POINT('Ctrl Pts',(87.8081493245987,5.63666583964176,4.25138428208763));
#9316=CARTESIAN_POINT('Ctrl Pts',(86.4023790858508,5.74798043297705,4.17287877171086));
#9317=CARTESIAN_POINT('Ctrl Pts',(85.7198222869899,6.98195657634987,4.09437326133408));
#9318=CARTESIAN_POINT('Ctrl Pts',(86.3726120925045,8.23193512525446,4.01586775095729));
#9319=CARTESIAN_POINT('Ctrl Pts',(87.7753110854285,8.37690560199535,3.93736224058052));
#9320=CARTESIAN_POINT('Ctrl Pts',(88.66994546172,7.28685503579234,3.85885673020374));
#9321=CARTESIAN_POINT('Ctrl Pts',(88.2541858440155,5.93936668931011,3.78035121982696));
#9322=CARTESIAN_POINT('Ctrl Pts',(86.9008953414955,5.54290014606606,3.70184570945018));
#9323=CARTESIAN_POINT('Ctrl Pts',(85.8237370496924,6.45301602785026,3.6233401990734));
#9324=CARTESIAN_POINT('Ctrl Pts',(85.9887321321777,7.85350077452237,3.54483468869662));
#9325=CARTESIAN_POINT('Ctrl Pts',(87.247909077449,8.48836637178006,3.46632917831984));
#9326=CARTESIAN_POINT('Ctrl Pts',(88.4720080637248,7.78825025666914,3.38782366794306));
#9327=CARTESIAN_POINT('Ctrl Pts',(88.5632280229804,6.38103321012077,3.30931815756628));
#9328=CARTESIAN_POINT('Ctrl Pts',(87.4397607186817,5.52874092482827,3.23081264718951));
#9329=CARTESIAN_POINT('Ctrl Pts',(86.1091583553856,5.99572940326608,3.15230713681272));
#9330=CARTESIAN_POINT('Ctrl Pts',(85.7647367309,7.36319223748697,3.07380162643595));
#9331=CARTESIAN_POINT('Ctrl Pts',(86.7153814170389,8.40475632635051,2.99529611605916));
#9332=CARTESIAN_POINT('Ctrl Pts',(88.1085315151016,8.18632207440228,2.91679060568239));
#9333=CARTESIAN_POINT('Ctrl Pts',(88.6947771892387,6.90378683438985,2.8382850953056));
#9334=CARTESIAN_POINT('Ctrl Pts',(87.9483587877336,5.70735804460423,2.75977958492883));
#9335=CARTESIAN_POINT('Ctrl Pts',(86.5386832848972,5.67002281895146,2.68127407455204));
#9336=CARTESIAN_POINT('Ctrl Pts',(85.7299787329847,6.82526156961978,2.60276856417527));
#9337=CARTESIAN_POINT('Ctrl Pts',(86.247515581398,8.13703421816649,2.52426305379848));
#9338=CARTESIAN_POINT('Ctrl Pts',(87.6271443599131,8.42890069858404,2.44575754342171));
#9339=CARTESIAN_POINT('Ctrl Pts',(88.6316017439192,7.43913090522103,2.36725203304493));
#9340=CARTESIAN_POINT('Ctrl Pts',(88.360024693942,6.05532781381212,2.28874652266815));
#9341=CARTESIAN_POINT('Ctrl Pts',(87.056054846018,5.5186126083535,2.21024101229137));
#9342=CARTESIAN_POINT('Ctrl Pts',(85.8889509041311,6.31013392455482,2.13173550191459));
#9343=CARTESIAN_POINT('Ctrl Pts',(85.9057498169684,7.72042332804894,2.05322999153781));
#9344=CARTESIAN_POINT('Ctrl Pts',(87.0906739482181,8.4839138389115,1.97472448116103));
#9345=CARTESIAN_POINT('Ctrl Pts',(88.3825026442565,7.91749138194739,1.89621897078425));
#9346=CARTESIAN_POINT('Ctrl Pts',(88.6197303789781,6.52584017950836,1.81771346040747));
#9347=CARTESIAN_POINT('Ctrl Pts',(87.9370947883295,5.88559693265854,1.76537645348962));
#9348=CARTESIAN_POINT('Ctrl Pts',(87.5353805953133,5.77820168374425,1.73920795003069));
#9349=CARTESIAN_POINT('Ctrl Pts',(88.2372518317388,7.88559422941047,5.95359734998977));
#9350=CARTESIAN_POINT('Ctrl Pts',(88.5285391635165,7.54739345826345,5.92742884653085));
#9351=CARTESIAN_POINT('Ctrl Pts',(88.7466746600079,6.56675617648671,5.87509183961299));
#9352=CARTESIAN_POINT('Ctrl Pts',(87.6946103905654,5.47611393777395,5.79658632923621));
#9353=CARTESIAN_POINT('Ctrl Pts',(86.2064323046646,5.75512454040251,5.71808081885944));
#9354=CARTESIAN_POINT('Ctrl Pts',(85.6174073328129,7.14884897172912,5.63957530848265));
#9355=CARTESIAN_POINT('Ctrl Pts',(86.4554725785611,8.40965846547568,5.56106979810588));
#9356=CARTESIAN_POINT('Ctrl Pts',(87.9691872523085,8.40570153099659,5.4825642877291));
#9357=CARTESIAN_POINT('Ctrl Pts',(88.8009392046505,7.14108168654489,5.40405877735231));
#9358=CARTESIAN_POINT('Ctrl Pts',(88.204831336969,5.74966699302142,5.32555326697554));
#9359=CARTESIAN_POINT('Ctrl Pts',(86.7154487387725,5.47944563396382,5.24704775659876));
#9360=CARTESIAN_POINT('Ctrl Pts',(85.6685142957636,6.57269239406761,5.16854224622198));
#9361=CARTESIAN_POINT('Ctrl Pts',(86.0029391956215,8.04899014903364,5.0900367358452));
#9362=CARTESIAN_POINT('Ctrl Pts',(87.4188054575689,8.58434394915165,5.01153122546842));
#9363=CARTESIAN_POINT('Ctrl Pts',(88.6463294649741,7.69864366708538,4.93302571509164));
#9364=CARTESIAN_POINT('Ctrl Pts',(88.5846390430641,6.18620248973783,4.85452020471486));
#9365=CARTESIAN_POINT('Ctrl Pts',(87.2890593641224,5.40341553205941,4.77601469433808));
#9366=CARTESIAN_POINT('Ctrl Pts',(85.9214972151463,6.05230380687294,4.6975091839613));
#9367=CARTESIAN_POINT('Ctrl Pts',(85.7084147791447,7.55092934580574,4.61900367358452));
#9368=CARTESIAN_POINT('Ctrl Pts',(86.8409094820289,8.55528890991638,4.54049816320774));
#9369=CARTESIAN_POINT('Ctrl Pts',(88.3033331351985,8.16464907697176,4.46199265283096));
#9370=CARTESIAN_POINT('Ctrl Pts',(88.7841494470038,6.72934488089064,4.38348714245418));
#9371=CARTESIAN_POINT('Ctrl Pts',(87.8521509145025,5.53659127429058,4.3049816320774));
#9372=CARTESIAN_POINT('Ctrl Pts',(86.3431759804884,5.6560780342909,4.22647612170062));
#9373=CARTESIAN_POINT('Ctrl Pts',(85.6105092387035,6.98064660047364,4.14797061132385));
#9374=CARTESIAN_POINT('Ctrl Pts',(86.3112236417758,8.32239238962335,4.06946510094706));
#9375=CARTESIAN_POINT('Ctrl Pts',(87.8169018542939,8.47800588146175,3.99095959057029));
#9376=CARTESIAN_POINT('Ctrl Pts',(88.7772158598978,7.30792919618992,3.91245408019351));
#9377=CARTESIAN_POINT('Ctrl Pts',(88.3309332282139,5.86151492259678,3.83394856981673));
#9378=CARTESIAN_POINT('Ctrl Pts',(86.8782908329956,5.4359417674393,3.75544305943995));
#9379=CARTESIAN_POINT('Ctrl Pts',(85.7220529091198,6.41287385406785,3.67693754906317));
#9380=CARTESIAN_POINT('Ctrl Pts',(85.8991611141759,7.91617526132993,3.59843203868639));
#9381=CARTESIAN_POINT('Ctrl Pts',(87.2507806004406,8.59764954946317,3.51992652830961));
#9382=CARTESIAN_POINT('Ctrl Pts',(88.5647468775236,7.84613437331139,3.44142101793283));
#9383=CARTESIAN_POINT('Ctrl Pts',(88.6626637548373,6.33560641402711,3.36291550755605));
#9384=CARTESIAN_POINT('Ctrl Pts',(87.4567170399025,5.42074304623717,3.28440999717927));
#9385=CARTESIAN_POINT('Ctrl Pts',(86.0284284348304,5.92201550813222,3.20590448680249));
#9386=CARTESIAN_POINT('Ctrl Pts',(85.6587210788515,7.38987069752128,3.12739897642571));
#9387=CARTESIAN_POINT('Ctrl Pts',(86.6791573941166,8.50790126819543,3.04889346604893));
#9388=CARTESIAN_POINT('Ctrl Pts',(88.1745856791597,8.27343065426814,2.97038795567215));
#9389=CARTESIAN_POINT('Ctrl Pts',(88.8038706099852,6.89673802283789,2.89188244529537));
#9390=CARTESIAN_POINT('Ctrl Pts',(88.0026538626729,5.61247335116079,2.81337693491859));
#9391=CARTESIAN_POINT('Ctrl Pts',(86.4894869594042,5.57239715797295,2.73487142454181));
#9392=CARTESIAN_POINT('Ctrl Pts',(85.6214113207098,6.81244782166648,2.65636591416504));
#9393=CARTESIAN_POINT('Ctrl Pts',(86.1769431637936,8.22052432750073,2.57786040378825));
#9394=CARTESIAN_POINT('Ctrl Pts',(87.6578574609108,8.5338182007735,2.49935489341148));
#9395=CARTESIAN_POINT('Ctrl Pts',(88.7360571360584,7.47138440650062,2.4208493830347));
#9396=CARTESIAN_POINT('Ctrl Pts',(88.444542242818,5.98598933909134,2.34234387265792));
#9397=CARTESIAN_POINT('Ctrl Pts',(87.0448413806205,5.40987115888111,2.26383836228114));
#9398=CARTESIAN_POINT('Ctrl Pts',(85.7920544420774,6.25950205372012,2.18533285190436));
#9399=CARTESIAN_POINT('Ctrl Pts',(85.8100866479752,7.7733279271953,2.10682734152758));
#9400=CARTESIAN_POINT('Ctrl Pts',(87.0820020460111,8.59287013366223,2.0283218311508));
#9401=CARTESIAN_POINT('Ctrl Pts',(88.4686704130252,7.98486374253061,1.94981632077402));
#9402=CARTESIAN_POINT('Ctrl Pts',(88.7233142342421,6.49104439461133,1.87131081039724));
#9403=CARTESIAN_POINT('Ctrl Pts',(87.9905629161662,5.80379765646122,1.81897380347939));
#9404=CARTESIAN_POINT('Ctrl Pts',(87.5593568547554,5.68851797975659,1.79280530002046));
#9405=CARTESIAN_POINT('Ctrl Pts',(88.3075919789731,7.94617715988465,6.00719469997954));
#9406=CARTESIAN_POINT('Ctrl Pts',(88.6188015901958,7.58484551576011,5.98102619652062));
#9407=CARTESIAN_POINT('Ctrl Pts',(88.8518562261207,6.53713861635695,5.92868918960276));
#9408=CARTESIAN_POINT('Ctrl Pts',(87.7278371681123,5.37190309093458,5.85018367922598));
#9409=CARTESIAN_POINT('Ctrl Pts',(86.1378767646961,5.66999631950422,5.77167816884921));
#9410=CARTESIAN_POINT('Ctrl Pts',(85.5085660721516,7.15904301363153,5.69317265847243));
#9411=CARTESIAN_POINT('Ctrl Pts',(86.4039498765788,8.5060841979499,5.61466714809565));
#9412=CARTESIAN_POINT('Ctrl Pts',(88.0211934149232,8.50185663325166,5.53616163771887));
#9413=CARTESIAN_POINT('Ctrl Pts',(88.9098321351254,7.15074449344636,5.45765612734209));
#9414=CARTESIAN_POINT('Ctrl Pts',(88.272954119814,5.66416550912076,5.3791506169653));
#9415=CARTESIAN_POINT('Ctrl Pts',(86.6817068227968,5.37546265485256,5.30064510658853));
#9416=CARTESIAN_POINT('Ctrl Pts',(85.5631684401075,6.54348083506659,5.22213959621175));
#9417=CARTESIAN_POINT('Ctrl Pts',(85.9204659663434,8.12074836526791,5.14363408583496));
#9418=CARTESIAN_POINT('Ctrl Pts',(87.4331688574538,8.69271710480951,5.06512857545819));
#9419=CARTESIAN_POINT('Ctrl Pts',(88.7446480308861,7.74644031769523,4.98662306508141));
#9420=CARTESIAN_POINT('Ctrl Pts',(88.6787383598352,6.13055737514845,4.90811755470463));
#9421=CARTESIAN_POINT('Ctrl Pts',(87.2945489214177,5.29423255702959,4.82961204432785));
#9422=CARTESIAN_POINT('Ctrl Pts',(85.8334538504157,5.98750083786857,4.75110653395107));
#9423=CARTESIAN_POINT('Ctrl Pts',(85.6057978735432,7.58862323647542,4.67260102357429));
#9424=CARTESIAN_POINT('Ctrl Pts',(86.8157483167892,8.6616748778466,4.59409551319751));
#9425=CARTESIAN_POINT('Ctrl Pts',(88.3781928411296,8.24431765947095,4.51559000282074));
#9426=CARTESIAN_POINT('Ctrl Pts',(88.8918940603116,6.71084739791621,4.43708449244395));
#9427=CARTESIAN_POINT('Ctrl Pts',(87.8961525044061,5.43651670893939,4.35857898206717));
#9428=CARTESIAN_POINT('Ctrl Pts',(86.283972875126,5.56417563560477,4.28007347169039));
#9429=CARTESIAN_POINT('Ctrl Pts',(85.5011961904171,6.9793366245974,4.20156796131362));
#9430=CARTESIAN_POINT('Ctrl Pts',(86.2498351910472,8.41284965399226,4.12306245093683));
#9431=CARTESIAN_POINT('Ctrl Pts',(87.8584926231592,8.57910616092815,4.04455694056006));
#9432=CARTESIAN_POINT('Ctrl Pts',(88.8844862580757,7.3290033565875,3.96605143018327));
#9433=CARTESIAN_POINT('Ctrl Pts',(88.4076806124124,5.78366315588343,3.8875459198065));
#9434=CARTESIAN_POINT('Ctrl Pts',(86.8556863244955,5.32898338881256,3.80904040942972));
#9435=CARTESIAN_POINT('Ctrl Pts',(85.6203687685473,6.37273168028542,3.73053489905294));
#9436=CARTESIAN_POINT('Ctrl Pts',(85.809590096174,7.97884974813752,3.65202938867616));
#9437=CARTESIAN_POINT('Ctrl Pts',(87.2536521234321,8.70693272714626,3.57352387829938));
#9438=CARTESIAN_POINT('Ctrl Pts',(88.6574856913224,7.90401848995365,3.4950183679226));
#9439=CARTESIAN_POINT('Ctrl Pts',(88.7620994866941,6.29017961793345,3.41651285754582));
#9440=CARTESIAN_POINT('Ctrl Pts',(87.4736733611233,5.31274516764609,3.33800734716904));
#9441=CARTESIAN_POINT('Ctrl Pts',(85.9476985142751,5.84830161299835,3.25950183679226));
#9442=CARTESIAN_POINT('Ctrl Pts',(85.5527054268031,7.41654915755559,3.18099632641548));
#9443=CARTESIAN_POINT('Ctrl Pts',(86.6429333711942,8.61104621004037,3.1024908160387));
#9444=CARTESIAN_POINT('Ctrl Pts',(88.2406398432178,8.36053923413398,3.02398530566193));
#9445=CARTESIAN_POINT('Ctrl Pts',(88.9129640307317,6.88968921128594,2.94547979528514));
#9446=CARTESIAN_POINT('Ctrl Pts',(88.0569489376123,5.51758865771735,2.86697428490836));
#9447=CARTESIAN_POINT('Ctrl Pts',(86.4402906339113,5.47477149699445,2.78846877453158));
#9448=CARTESIAN_POINT('Ctrl Pts',(85.5128439084348,6.79963407371318,2.7099632641548));
#9449=CARTESIAN_POINT('Ctrl Pts',(86.1063707461894,8.30401443683497,2.63145775377803));
#9450=CARTESIAN_POINT('Ctrl Pts',(87.6885705619084,8.63873570296296,2.55295224340125));
#9451=CARTESIAN_POINT('Ctrl Pts',(88.8405125281976,7.50363790778021,2.47444673302447));
#9452=CARTESIAN_POINT('Ctrl Pts',(88.5290597916942,5.91665086437056,2.39594122264769));
#9453=CARTESIAN_POINT('Ctrl Pts',(87.0336279152229,5.30112970940872,2.31743571227091));
#9454=CARTESIAN_POINT('Ctrl Pts',(85.6951579800237,6.20887018288542,2.23893020189413));
#9455=CARTESIAN_POINT('Ctrl Pts',(85.714423478982,7.82623252634166,2.16042469151735));
#9456=CARTESIAN_POINT('Ctrl Pts',(87.073330143804,8.70182642841297,2.08191918114057));
#9457=CARTESIAN_POINT('Ctrl Pts',(88.5548381817939,8.05223610311383,2.00341367076379));
#9458=CARTESIAN_POINT('Ctrl Pts',(88.8268980895062,6.4562486097143,1.92490816038701));
#9459=CARTESIAN_POINT('Ctrl Pts',(88.0440310440029,5.72199838026389,1.87257115346916));
#9460=CARTESIAN_POINT('Ctrl Pts',(87.5833331141974,5.59883427576894,1.84640265001023));
#9461=CARTESIAN_POINT('Ctrl Pts',(88.3779321262074,8.00676009035884,6.06079204996931));
#9462=CARTESIAN_POINT('Ctrl Pts',(88.709064016875,7.62229757325678,6.03462354651039));
#9463=CARTESIAN_POINT('Ctrl Pts',(88.9570377922333,6.50752105622719,5.98228653959254));
#9464=CARTESIAN_POINT('Ctrl Pts',(87.7610639456593,5.26769224409521,5.90378102921575));
#9465=CARTESIAN_POINT('Ctrl Pts',(86.0693212247274,5.58486809860592,5.82527551883897));
#9466=CARTESIAN_POINT('Ctrl Pts',(85.3997248114903,7.16923705553394,5.7467700084622));
#9467=CARTESIAN_POINT('Ctrl Pts',(86.3524271745964,8.60250993042414,5.66826449808541));
#9468=CARTESIAN_POINT('Ctrl Pts',(88.0731995775378,8.59801173550673,5.58975898770864));
#9469=CARTESIAN_POINT('Ctrl Pts',(89.0187250656003,7.16040730034785,5.51125347733186));
#9470=CARTESIAN_POINT('Ctrl Pts',(88.341076902659,5.5786640252201,5.43274796695508));
#9471=CARTESIAN_POINT('Ctrl Pts',(86.6479649068209,5.27147967574131,5.3542424565783));
#9472=CARTESIAN_POINT('Ctrl Pts',(85.4578225844517,6.51426927606558,5.27573694620152));
#9473=CARTESIAN_POINT('Ctrl Pts',(85.8379927370651,8.19250658150217,5.19723143582474));
#9474=CARTESIAN_POINT('Ctrl Pts',(87.4475322573389,8.80109026046737,5.11872592544796));
#9475=CARTESIAN_POINT('Ctrl Pts',(88.842966596798,7.79423696830509,5.04022041507118));
#9476=CARTESIAN_POINT('Ctrl Pts',(88.7728376766064,6.07491226055907,4.9617149046944));
#9477=CARTESIAN_POINT('Ctrl Pts',(87.300038478713,5.18504958199977,4.88320939431763));
#9478=CARTESIAN_POINT('Ctrl Pts',(85.7454104856851,5.92269786886419,4.80470388394084));
#9479=CARTESIAN_POINT('Ctrl Pts',(85.5031809679416,7.62631712714511,4.72619837356406));
#9480=CARTESIAN_POINT('Ctrl Pts',(86.7905871515494,8.7680608457768,4.64769286318728));
#9481=CARTESIAN_POINT('Ctrl Pts',(88.4530525470606,8.32398624197014,4.56918735281051));
#9482=CARTESIAN_POINT('Ctrl Pts',(88.9996386736195,6.69234991494178,4.49068184243372));
#9483=CARTESIAN_POINT('Ctrl Pts',(87.9401540943096,5.3364421435882,4.41217633205695));
#9484=CARTESIAN_POINT('Ctrl Pts',(86.2247697697639,5.47227323691864,4.33367082168016));
#9485=CARTESIAN_POINT('Ctrl Pts',(85.3918831421305,6.97802664872116,4.25516531130339));
#9486=CARTESIAN_POINT('Ctrl Pts',(86.1884467403187,8.50330691836117,4.1766598009266));
#9487=CARTESIAN_POINT('Ctrl Pts',(87.9000833920244,8.68020644039454,4.09815429054983));
#9488=CARTESIAN_POINT('Ctrl Pts',(88.9917566562536,7.35007751698508,4.01964878017305));
#9489=CARTESIAN_POINT('Ctrl Pts',(88.4844279966108,5.70581138917008,3.94114326979627));
#9490=CARTESIAN_POINT('Ctrl Pts',(86.8330818159956,5.22202501018581,3.86263775941949));
#9491=CARTESIAN_POINT('Ctrl Pts',(85.5186846279746,6.33258950650298,3.78413224904271));
#9492=CARTESIAN_POINT('Ctrl Pts',(85.7200190781723,8.0415242349451,3.70562673866593));
#9493=CARTESIAN_POINT('Ctrl Pts',(87.2565236464235,8.81621590482936,3.62712122828915));
#9494=CARTESIAN_POINT('Ctrl Pts',(88.7502245051214,7.96190260659592,3.54861571791237));
#9495=CARTESIAN_POINT('Ctrl Pts',(88.8615352185508,6.24475282183977,3.47011020753559));
#9496=CARTESIAN_POINT('Ctrl Pts',(87.4906296823442,5.20474728905501,3.39160469715881));
#9497=CARTESIAN_POINT('Ctrl Pts',(85.8669685937198,5.77458771786447,3.31309918678203));
#9498=CARTESIAN_POINT('Ctrl Pts',(85.4466897747546,7.44322761758992,3.23459367640525));
#9499=CARTESIAN_POINT('Ctrl Pts',(86.6067093482719,8.71419115188528,3.15608816602847));
#9500=CARTESIAN_POINT('Ctrl Pts',(88.3066940072758,8.44764781399983,3.07758265565169));
#9501=CARTESIAN_POINT('Ctrl Pts',(89.0220574514782,6.88264039973397,2.99907714527491));
#9502=CARTESIAN_POINT('Ctrl Pts',(88.1112440125517,5.42270396427391,2.92057163489814));
#9503=CARTESIAN_POINT('Ctrl Pts',(86.3910943084183,5.37714583601594,2.84206612452135));
#9504=CARTESIAN_POINT('Ctrl Pts',(85.4042764961598,6.78682032575988,2.76356061414458));
#9505=CARTESIAN_POINT('Ctrl Pts',(86.035798328585,8.38750454616921,2.68505510376779));
#9506=CARTESIAN_POINT('Ctrl Pts',(87.719283662906,8.74365320515242,2.60654959339102));
#9507=CARTESIAN_POINT('Ctrl Pts',(88.9449679203368,7.5358914090598,2.52804408301424));
#9508=CARTESIAN_POINT('Ctrl Pts',(88.6135773405702,5.84731238964978,2.44953857263746));
#9509=CARTESIAN_POINT('Ctrl Pts',(87.0224144498254,5.19238825993633,2.37103306226068));
#9510=CARTESIAN_POINT('Ctrl Pts',(85.5982615179699,6.15823831205073,2.2925275518839));
#9511=CARTESIAN_POINT('Ctrl Pts',(85.6187603099888,7.87913712548802,2.21402204150712));
#9512=CARTESIAN_POINT('Ctrl Pts',(87.0646582415968,8.8107827231637,2.13551653113034));
#9513=CARTESIAN_POINT('Ctrl Pts',(88.6410059505627,8.11960846369704,2.05701102075356));
#9514=CARTESIAN_POINT('Ctrl Pts',(88.9304819447702,6.42145282481727,1.97850551037678));
#9515=CARTESIAN_POINT('Ctrl Pts',(88.0974991718395,5.64019910406657,1.92616850345893));
#9516=CARTESIAN_POINT('Ctrl Pts',(87.6073093736394,5.50915057178128,1.9));
#9517=CARTESIAN_POINT('Ctrl Pts',(87.6073093736394,5.50915057178128,1.9));
#9518=CARTESIAN_POINT('Ctrl Pts',(87.6646580404295,5.5301055385857,1.9));
#9519=CARTESIAN_POINT('Ctrl Pts',(87.7205221949088,5.55468982240657,1.9));
#9520=CARTESIAN_POINT('Ctrl Pts',(87.7746872393844,5.58262728102106,1.9));
#9521=CARTESIAN_POINT('Ctrl Pts',(87.824911767343,5.60853228460518,1.9));
#9522=CARTESIAN_POINT('Ctrl Pts',(87.8736756061153,5.63732144785441,1.9));
#9523=CARTESIAN_POINT('Ctrl Pts',(87.9207802735515,5.66880455549649,1.9));
#9524=CARTESIAN_POINT('Ctrl Pts',(87.9321506895683,5.67640414277465,1.9));
#9525=CARTESIAN_POINT('Ctrl Pts',(87.9434245872208,5.68416116790938,1.9));
#9526=CARTESIAN_POINT('Ctrl Pts',(87.9545866076697,5.69206398151918,1.9));
#9527=CARTESIAN_POINT('Ctrl Pts',(88.0037088184748,5.72684296063611,1.9));
#9528=CARTESIAN_POINT('Ctrl Pts',(88.0507280870344,5.76448247091914,1.9));
#9529=CARTESIAN_POINT('Ctrl Pts',(88.0954149773658,5.80473733463994,1.9));
#9530=CARTESIAN_POINT('Ctrl Pts',(88.1229973178961,5.82958407047025,1.9));
#9531=CARTESIAN_POINT('Ctrl Pts',(88.149690328331,5.85542792516149,1.9));
#9532=CARTESIAN_POINT('Ctrl Pts',(88.1754315631771,5.88221640687522,1.9));
#9533=CARTESIAN_POINT('Ctrl Pts',(88.1842390064166,5.89138216887448,1.9));
#9534=CARTESIAN_POINT('Ctrl Pts',(88.1929349650409,5.90065854341177,1.9));
#9535=CARTESIAN_POINT('Ctrl Pts',(88.2015167393452,5.91004350069905,1.9));
#9536=CARTESIAN_POINT('Ctrl Pts',(88.2095460743981,5.91882431499741,1.9));
#9537=CARTESIAN_POINT('Ctrl Pts',(88.2174703017134,5.92769461940537,1.9));
#9538=CARTESIAN_POINT('Ctrl Pts',(88.2252836938086,5.93664782713372,1.9));
#9539=CARTESIAN_POINT('Ctrl Pts',(88.2639550735303,5.98096057780201,1.9));
#9540=CARTESIAN_POINT('Ctrl Pts',(88.2999471702375,6.02733705826897,1.9));
#9541=CARTESIAN_POINT('Ctrl Pts',(88.333044818306,6.07554780197506,1.9));
#9542=CARTESIAN_POINT('Ctrl Pts',(88.3652977835676,6.1225281625969,1.9));
#9543=CARTESIAN_POINT('Ctrl Pts',(88.3948025221299,6.17125127118683,1.9));
#9544=CARTESIAN_POINT('Ctrl Pts',(88.4213142623723,6.22152287139332,1.9));
#9545=CARTESIAN_POINT('Ctrl Pts',(88.4356881053954,6.24877857333085,1.9));
#9546=CARTESIAN_POINT('Ctrl Pts',(88.4491813355395,6.27648968522387,1.9));
#9547=CARTESIAN_POINT('Ctrl Pts',(88.461748532848,6.3046261710218,1.9));
#9548=CARTESIAN_POINT('Ctrl Pts',(88.4722041792282,6.32803514110962,1.9));
#9549=CARTESIAN_POINT('Ctrl Pts',(88.4820187608522,6.35173856960563,1.9));
#9550=CARTESIAN_POINT('Ctrl Pts',(88.4911635023901,6.37571915449469,1.9));
#9551=CARTESIAN_POINT('Ctrl Pts',(88.4950717777682,6.38596796569236,1.9));
#9552=CARTESIAN_POINT('Ctrl Pts',(88.4988579990034,6.39626865766605,1.9));
#9553=CARTESIAN_POINT('Ctrl Pts',(88.5025141521552,6.40660294072574,1.9));
#9554=CARTESIAN_POINT('Ctrl Pts',(88.5194417069781,6.45444944380859,1.9));
#9555=CARTESIAN_POINT('Ctrl Pts',(88.5336161044123,6.50309684188561,1.9));
#9556=CARTESIAN_POINT('Ctrl Pts',(88.544871242405,6.55240208751095,1.9));
#9557=CARTESIAN_POINT('Ctrl Pts',(88.5574485109615,6.6074991743595,1.9));
#9558=CARTESIAN_POINT('Ctrl Pts',(88.5663810887677,6.66341867926688,1.9));
#9559=CARTESIAN_POINT('Ctrl Pts',(88.5717588867338,6.71982440487094,1.9));
#9560=CARTESIAN_POINT('Ctrl Pts',(88.5763224946624,6.76769039355468,1.9));
#9561=CARTESIAN_POINT('Ctrl Pts',(88.5783251308662,6.81590697332079,1.9));
#9562=CARTESIAN_POINT('Ctrl Pts',(88.5777932959578,6.8642610397295,1.9));
#9563=CARTESIAN_POINT('Ctrl Pts',(88.5776470751375,6.8775553367805,1.9));
#9564=CARTESIAN_POINT('Ctrl Pts',(88.5773091313081,6.89085995754502,1.9));
#9565=CARTESIAN_POINT('Ctrl Pts',(88.5767796999036,6.90417029325148,1.9));
#9566=CARTESIAN_POINT('Ctrl Pts',(88.5763675485158,6.91453211403649,1.9));
#9567=CARTESIAN_POINT('Ctrl Pts',(88.5758391508713,6.92489917660317,1.9));
#9568=CARTESIAN_POINT('Ctrl Pts',(88.5751958684182,6.93525241443965,1.9));
#9569=CARTESIAN_POINT('Ctrl Pts',(88.5717535640729,6.99065419855372,1.9));
#9570=CARTESIAN_POINT('Ctrl Pts',(88.5650229547838,7.04576395620696,1.9));
#9571=CARTESIAN_POINT('Ctrl Pts',(88.5550987453517,7.10026697446439,1.9));
#9572=CARTESIAN_POINT('Ctrl Pts',(88.5452300189492,7.15446528406027,1.9));
#9573=CARTESIAN_POINT('Ctrl Pts',(88.5322028141466,7.20806471251016,1.9));
#9574=CARTESIAN_POINT('Ctrl Pts',(88.5160633547324,7.26073585171291,1.9));
#9575=CARTESIAN_POINT('Ctrl Pts',(88.5010890100617,7.3096046379827,1.9));
#9576=CARTESIAN_POINT('Ctrl Pts',(88.4834348131995,7.35767479321282,1.9));
#9577=CARTESIAN_POINT('Ctrl Pts',(88.4631065349993,7.40465561960964,1.9));
#9578=CARTESIAN_POINT('Ctrl Pts',(88.4578848641546,7.41672345974069,1.9));
#9579=CARTESIAN_POINT('Ctrl Pts',(88.4524845553705,7.42872330651174,1.9));
#9580=CARTESIAN_POINT('Ctrl Pts',(88.4469180420794,7.44062393156863,1.9));
#9581=CARTESIAN_POINT('Ctrl Pts',(88.4244169130807,7.48872899942073,1.9));
#9582=CARTESIAN_POINT('Ctrl Pts',(88.3991720286005,7.53529296774656,1.9));
#9583=CARTESIAN_POINT('Ctrl Pts',(88.3712350927527,7.58002024056127,1.9));
#9584=CARTESIAN_POINT('Ctrl Pts',(88.3442450826071,7.62323147724188,1.9));
#9585=CARTESIAN_POINT('Ctrl Pts',(88.3147418482379,7.66472906945677,1.9));
#9586=CARTESIAN_POINT('Ctrl Pts',(88.2827387365581,7.7042122714045,1.9));
#9587=CARTESIAN_POINT('Ctrl Pts',(88.2603523058802,7.73183108460573,1.9));
#9588=CARTESIAN_POINT('Ctrl Pts',(88.2367419728156,7.75846354085684,1.9));
#9589=CARTESIAN_POINT('Ctrl Pts',(88.2119042205111,7.78399372646061,1.9));
#9590=CARTESIAN_POINT('Ctrl Pts',(88.1978923202227,7.7983962541385,1.9));
#9591=CARTESIAN_POINT('Ctrl Pts',(88.1834896472149,7.8124477492113,1.9));
#9592=CARTESIAN_POINT('Ctrl Pts',(88.1687126356072,7.82613970122349,1.9));
#9593=CARTESIAN_POINT('Ctrl Pts',(85.944754007304,6.99873112306933,5.09341967361943));
#9594=CARTESIAN_POINT('Ctrl Pts',(85.9437984396481,6.8846342593888,5.10059474782369));
#9595=CARTESIAN_POINT('Ctrl Pts',(85.9580073418718,6.77077118200244,5.10776982202795));
#9596=CARTESIAN_POINT('Ctrl Pts',(85.988340614221,6.66137939302482,5.11494489623222));
#9597=CARTESIAN_POINT('Ctrl Pts',(86.0989703191958,6.26241217307076,5.14111339969114));
#9598=CARTESIAN_POINT('Ctrl Pts',(86.4240804869721,5.92292039307291,5.16728190315007));
#9599=CARTESIAN_POINT('Ctrl Pts',(86.8178885540895,5.79513114704848,5.193450406609));
#9600=CARTESIAN_POINT('Ctrl Pts',(87.2116966212069,5.66734190102406,5.21961891006792));
#9601=CARTESIAN_POINT('Ctrl Pts',(87.6742025876654,5.75125518897306,5.24578741352685));
#9602=CARTESIAN_POINT('Ctrl Pts',(87.99801185757,6.00925356673445,5.27195591698578));
#9603=CARTESIAN_POINT('Ctrl Pts',(88.3218211274746,6.26725194449585,5.29812442044471));
#9604=CARTESIAN_POINT('Ctrl Pts',(88.5069337008252,6.69933541206963,5.32429292390363));
#9605=CARTESIAN_POINT('Ctrl Pts',(88.4703457900868,7.11173173737288,5.35046142736256));
#9606=CARTESIAN_POINT('Ctrl Pts',(88.4337578793485,7.52412806267613,5.37662993082148));
#9607=CARTESIAN_POINT('Ctrl Pts',(88.1754694845212,7.91683724570884,5.40279843428041));
#9608=CARTESIAN_POINT('Ctrl Pts',(87.8112943189158,8.11380622126851,5.42896693773934));
#9609=CARTESIAN_POINT('Ctrl Pts',(87.4471191533104,8.31077519682819,5.45513544119827));
#9610=CARTESIAN_POINT('Ctrl Pts',(86.977057216927,8.31200396491483,5.48130394465719));
#9611=CARTESIAN_POINT('Ctrl Pts',(86.6119018008904,8.11685538176236,5.50747244811611));
#9612=CARTESIAN_POINT('Ctrl Pts',(86.2467463848538,7.92170679860988,5.53364095157504));
#9613=CARTESIAN_POINT('Ctrl Pts',(85.986497489164,7.5301808642183,5.55980945503397));
#9614=CARTESIAN_POINT('Ctrl Pts',(85.9478295831789,7.11801753560152,5.5859779584929));
#9615=CARTESIAN_POINT('Ctrl Pts',(85.9441641647962,7.07894764022157,5.58845853020174));
#9616=CARTESIAN_POINT('Ctrl Pts',(85.9424897786744,7.03969230601974,5.59093910191059));
#9617=CARTESIAN_POINT('Ctrl Pts',(85.9427366044746,7.00041653345302,5.59341967361943));
#9618=CARTESIAN_POINT('Ctrl Pts',(86.810281689925,5.50915057178127,5.9));
#9619=CARTESIAN_POINT('Ctrl Pts',(86.3200918917249,5.64019910406656,5.87383149654108));
#9620=CARTESIAN_POINT('Ctrl Pts',(85.4871087641505,6.42145047770796,5.82149448962322));
#9621=CARTESIAN_POINT('Ctrl Pts',(85.7765854192232,8.11960924139258,5.74298897924645));
#9622=CARTESIAN_POINT('Ctrl Pts',(87.3529327985084,8.8107819813385,5.66448346886966));
#9623=CARTESIAN_POINT('Ctrl Pts',(88.798830532055,7.87913730955971,5.58597795849288));
#9624=CARTESIAN_POINT('Ctrl Pts',(88.8193293806052,6.1582382535532,5.50747244811611));
#9625=CARTESIAN_POINT('Ctrl Pts',(87.3951765686193,5.19238856632194,5.42896693773932));
#9626=CARTESIAN_POINT('Ctrl Pts',(85.8040139080229,5.8473124818923,5.35046142736255));
#9627=CARTESIAN_POINT('Ctrl Pts',(85.4726233442272,7.53589136951311,5.27195591698576));
#9628=CARTESIAN_POINT('Ctrl Pts',(86.6983074679431,8.74365298048165,5.19345040660899));
#9629=CARTESIAN_POINT('Ctrl Pts',(88.3817925897941,8.38750438528904,5.1149448962322));
#9630=CARTESIAN_POINT('Ctrl Pts',(89.0133143506735,6.78682034777945,5.03643938585543));
#9631=CARTESIAN_POINT('Ctrl Pts',(88.0264966551479,5.37714603447794,4.95793387547864));
#9632=CARTESIAN_POINT('Ctrl Pts',(86.3063471608276,5.42270415420797,4.87942836510187));
#9633=CARTESIAN_POINT('Ctrl Pts',(85.3955338313587,6.88264041445899,4.80092285472509));
#9634=CARTESIAN_POINT('Ctrl Pts',(86.1108971893882,8.44764763840297,4.72241734434831));
#9635=CARTESIAN_POINT('Ctrl Pts',(87.8108816423031,8.71419094443754,4.64391183397153));
#9636=CARTESIAN_POINT('Ctrl Pts',(88.9709010754843,7.44322756382129,4.56540632359475));
#9637=CARTESIAN_POINT('Ctrl Pts',(88.5506223073416,5.77458786626177,4.48690081321797));
#9638=CARTESIAN_POINT('Ctrl Pts',(86.9269614153595,5.20474750639486,4.40839530284119));
#9639=CARTESIAN_POINT('Ctrl Pts',(85.5560560451344,6.24475291327724,4.32988979246441));
#9640=CARTESIAN_POINT('Ctrl Pts',(85.6673667450952,7.96190249009142,4.25138428208764));
#9641=CARTESIAN_POINT('Ctrl Pts',(87.1610674229185,8.81621568488552,4.17287877171085));
#9642=CARTESIAN_POINT('Ctrl Pts',(88.6975718051198,8.04152410880321,4.09437326133407));
#9643=CARTESIAN_POINT('Ctrl Pts',(88.8989062309369,6.33258958729505,4.01586775095729));
#9644=CARTESIAN_POINT('Ctrl Pts',(87.5845092020745,5.22202522545296,3.93736224058051));
#9645=CARTESIAN_POINT('Ctrl Pts',(85.9331632214175,5.70581154585711,3.85885673020374));
#9646=CARTESIAN_POINT('Ctrl Pts',(85.4258346232064,7.35007747457028,3.78035121982696));
#9647=CARTESIAN_POINT('Ctrl Pts',(86.5175077552469,8.68020623691763,3.70184570945017));
#9648=CARTESIAN_POINT('Ctrl Pts',(88.2291441996934,8.50330673630338,3.6233401990734));
#9649=CARTESIAN_POINT('Ctrl Pts',(89.0257077014273,6.97802665135932,3.54483468869662));
#9650=CARTESIAN_POINT('Ctrl Pts',(88.1928211746468,5.4722734218809,3.46632917831984));
#9651=CARTESIAN_POINT('Ctrl Pts',(86.4774370578135,5.33644234500741,3.38782366794306));
#9652=CARTESIAN_POINT('Ctrl Pts',(85.4179526067954,6.69234995215829,3.30931815756628));
#9653=CARTESIAN_POINT('Ctrl Pts',(85.9645386671676,8.32398608165014,3.2308126471895));
#9654=CARTESIAN_POINT('Ctrl Pts',(87.6270038613771,8.76806063161623,3.15230713681272));
#9655=CARTESIAN_POINT('Ctrl Pts',(88.9144098890878,7.62631705136812,3.07380162643594));
#9656=CARTESIAN_POINT('Ctrl Pts',(88.6721804006929,5.92269799912175,2.99529611605916));
#9657=CARTESIAN_POINT('Ctrl Pts',(87.1175525958721,5.18504980206401,2.91679060568238));
#9658=CARTESIAN_POINT('Ctrl Pts',(85.644753576407,6.07491237194271,2.8382850953056));
#9659=CARTESIAN_POINT('Ctrl Pts',(85.574624664508,7.7942368732657,2.75977958492882));
#9660=CARTESIAN_POINT('Ctrl Pts',(86.9700588354349,8.80109004016395,2.68127407455204));
#9661=CARTESIAN_POINT('Ctrl Pts',(88.5795981598534,8.19250644119387,2.60276856417526));
#9662=CARTESIAN_POINT('Ctrl Pts',(88.9597682685201,6.5142693271726,2.52426305379848));
#9663=CARTESIAN_POINT('Ctrl Pts',(87.7696260857405,5.27147989926478,2.44575754342171));
#9664=CARTESIAN_POINT('Ctrl Pts',(86.076514304679,5.5786641711445,2.36725203304492));
#9665=CARTESIAN_POINT('Ctrl Pts',(85.3988662027996,7.16040732839559,2.28874652266814));
#9666=CARTESIAN_POINT('Ctrl Pts',(86.3443916213835,8.59801145696319,2.21024101229137));
#9667=CARTESIAN_POINT('Ctrl Pts',(88.0651637197015,8.60250988578906,2.13173550191459));
#9668=CARTESIAN_POINT('Ctrl Pts',(89.0178661727795,7.16923677864741,2.05322999153781));
#9669=CARTESIAN_POINT('Ctrl Pts',(88.3482694014762,5.58486869824787,1.97472448116103));
#9670=CARTESIAN_POINT('Ctrl Pts',(86.6565278090816,5.26769177414082,1.89621897078425));
#9671=CARTESIAN_POINT('Ctrl Pts',(85.4605516558671,6.50752279547131,1.81771346040747));
#9672=CARTESIAN_POINT('Ctrl Pts',(85.7085270466894,7.62229757325677,1.76537645348962));
#9673=CARTESIAN_POINT('Ctrl Pts',(86.039658937357,8.00676009035883,1.73920795003069));
#9674=CARTESIAN_POINT('Ctrl Pts',(86.834257949367,5.59883427576893,5.95359734998977));
#9675=CARTESIAN_POINT('Ctrl Pts',(86.3735600195616,5.72199838026389,5.92742884653085));
#9676=CARTESIAN_POINT('Ctrl Pts',(85.5906926407513,6.4562464038169,5.87509183961299));
#9677=CARTESIAN_POINT('Ctrl Pts',(85.8627531695683,8.05223683401996,5.79658632923621));
#9678=CARTESIAN_POINT('Ctrl Pts',(87.3442608977127,8.70182573121906,5.71808081885944));
#9679=CARTESIAN_POINT('Ctrl Pts',(88.7031673763894,7.82623269933884,5.63957530848265));
#9680=CARTESIAN_POINT('Ctrl Pts',(88.7224329284779,6.20887012790735,5.56106979810588));
#9681=CARTESIAN_POINT('Ctrl Pts',(87.3839631059364,5.3011299973609,5.48256428772909));
#9682=CARTESIAN_POINT('Ctrl Pts',(85.8885314457667,5.91665095106338,5.40405877735232));
#9683=CARTESIAN_POINT('Ctrl Pts',(85.5770787242735,7.50363787061281,5.32555326697553));
#9684=CARTESIAN_POINT('Ctrl Pts',(86.7290205648926,8.63873549180932,5.24704775659876));
#9685=CARTESIAN_POINT('Ctrl Pts',(88.3112201809247,8.30401428563403,5.16854224622197));
#9686=CARTESIAN_POINT('Ctrl Pts',(88.9047469514381,6.79963409440795,5.0900367358452));
#9687=CARTESIAN_POINT('Ctrl Pts',(87.9773003356713,5.47477168351615,5.01153122546841));
#9688=CARTESIAN_POINT('Ctrl Pts',(86.36064222916,5.51758883622419,4.93302571509164));
#9689=CARTESIAN_POINT('Ctrl Pts',(85.5046272389129,6.88968922512503,4.85452020471486));
#9690=CARTESIAN_POINT('Ctrl Pts',(86.1769513454384,8.36053906910176,4.77601469433808));
#9691=CARTESIAN_POINT('Ctrl Pts',(87.7746576237722,8.61104601507354,4.6975091839613));
#9692=CARTESIAN_POINT('Ctrl Pts',(88.8648854362703,7.41654910702191,4.61900367358453));
#9693=CARTESIAN_POINT('Ctrl Pts',(88.4698923965634,5.84830175246744,4.54049816320774));
#9694=CARTESIAN_POINT('Ctrl Pts',(86.9439177345262,5.31274537190987,4.46199265283096));
#9695=CARTESIAN_POINT('Ctrl Pts',(85.6554917649512,6.29017970386965,4.38348714245418));
#9696=CARTESIAN_POINT('Ctrl Pts',(85.7601055476643,7.90401838045856,4.3049816320774));
#9697=CARTESIAN_POINT('Ctrl Pts',(87.1639389455624,8.70693252043517,4.22647612170063));
#9698=CARTESIAN_POINT('Ctrl Pts',(88.6080007979639,7.97884962958487,4.14797061132385));
#9699=CARTESIAN_POINT('Ctrl Pts',(88.7972221026771,6.37273175621668,4.06946510094706));
#9700=CARTESIAN_POINT('Ctrl Pts',(87.5619046963117,5.32898359112834,3.99095959057028));
#9701=CARTESIAN_POINT('Ctrl Pts',(86.0099105963228,5.7836633031435,3.91245408019351));
#9702=CARTESIAN_POINT('Ctrl Pts',(85.5331050083951,7.32900331672456,3.83394856981672));
#9703=CARTESIAN_POINT('Ctrl Pts',(86.5590985190759,8.57910596969325,3.75544305943995));
#9704=CARTESIAN_POINT('Ctrl Pts',(88.1677557563984,8.41284948288785,3.67693754906317));
#9705=CARTESIAN_POINT('Ctrl Pts',(88.9163946663773,6.97933662707682,3.59843203868639));
#9706=CARTESIAN_POINT('Ctrl Pts',(88.1336180764534,5.56417580943894,3.51992652830961));
#9707=CARTESIAN_POINT('Ctrl Pts',(86.5214386423891,5.43651689824037,3.44142101793283));
#9708=CARTESIAN_POINT('Ctrl Pts',(85.5256972070565,6.71084743289363,3.36291550755605));
#9709=CARTESIAN_POINT('Ctrl Pts',(86.0393983640341,8.24431750879646,3.28440999717927));
#9710=CARTESIAN_POINT('Ctrl Pts',(87.601842699184,8.66167467657083,3.20590448680249));
#9711=CARTESIAN_POINT('Ctrl Pts',(88.8117929959121,7.58862316525749,3.12739897642571));
#9712=CARTESIAN_POINT('Ctrl Pts',(88.5841370466227,5.98750096028929,3.04889346604893));
#9713=CARTESIAN_POINT('Ctrl Pts',(87.1230421525043,5.29423276385385,2.97038795567215));
#9714=CARTESIAN_POINT('Ctrl Pts',(85.7388528817802,6.13055747983078,2.89188244529537));
#9715=CARTESIAN_POINT('Ctrl Pts',(85.6729432185231,7.74644022837382,2.8133769349186));
#9716=CARTESIAN_POINT('Ctrl Pts',(86.9844222335626,8.69271689776046,2.73487142454181));
#9717=CARTESIAN_POINT('Ctrl Pts',(88.4971249406013,8.12074823340114,2.65636591416503));
#9718=CARTESIAN_POINT('Ctrl Pts',(88.8544224255343,6.54348088309879,2.57786040378825));
#9719=CARTESIAN_POINT('Ctrl Pts',(87.7358841740365,5.37546286492793,2.49935489341148));
#9720=CARTESIAN_POINT('Ctrl Pts',(86.1446370788739,5.66416564626574,2.42084938303469));
#9721=CARTESIAN_POINT('Ctrl Pts',(85.5077591209508,7.15074451980665,2.34234387265792));
#9722=CARTESIAN_POINT('Ctrl Pts',(86.3963977758544,8.50185637146647,2.26383836228114));
#9723=CARTESIAN_POINT('Ctrl Pts',(88.013641027903,8.50608415600027,2.18533285190436));
#9724=CARTESIAN_POINT('Ctrl Pts',(88.9090249168888,7.15904275340366,2.10682734152758));
#9725=CARTESIAN_POINT('Ctrl Pts',(88.279713887821,5.66999688306919,2.0283218311508));
#9726=CARTESIAN_POINT('Ctrl Pts',(86.6897545450444,5.37190264925461,1.94981632077402));
#9727=CARTESIAN_POINT('Ctrl Pts',(85.5657333191728,6.53714025096087,1.87131081039724));
#9728=CARTESIAN_POINT('Ctrl Pts',(85.7987894733687,7.58484551576011,1.81897380347939));
#9729=CARTESIAN_POINT('Ctrl Pts',(86.1099990845913,7.94617715988465,1.79280530002046));
#9730=CARTESIAN_POINT('Ctrl Pts',(86.8582342088091,5.68851797975659,6.00719469997954));
#9731=CARTESIAN_POINT('Ctrl Pts',(86.4270281473982,5.80379765646121,5.98102619652062));
#9732=CARTESIAN_POINT('Ctrl Pts',(85.6942765173523,6.49104232992584,5.92868918960276));
#9733=CARTESIAN_POINT('Ctrl Pts',(85.9489209199134,7.98486442664733,5.85018367922598));
#9734=CARTESIAN_POINT('Ctrl Pts',(87.335588996917,8.59286948109963,5.7716781688492));
#9735=CARTESIAN_POINT('Ctrl Pts',(88.6075042207238,7.77332808911796,5.69317265847242));
#9736=CARTESIAN_POINT('Ctrl Pts',(88.6255364763506,6.25950200226151,5.61466714809565));
#9737=CARTESIAN_POINT('Ctrl Pts',(87.3727496432535,5.40987142839985,5.53616163771886));
#9738=CARTESIAN_POINT('Ctrl Pts',(85.9730489835108,5.98598942023446,5.45765612734209));
#9739=CARTESIAN_POINT('Ctrl Pts',(85.6815341043197,7.47138437171253,5.37915061696531));
#9740=CARTESIAN_POINT('Ctrl Pts',(86.7597336618421,8.53381800313699,5.30064510658853));
#9741=CARTESIAN_POINT('Ctrl Pts',(88.2406477720554,8.22052418597901,5.22213959621174));
#9742=CARTESIAN_POINT('Ctrl Pts',(88.7961795522025,6.81244784103647,5.14363408583498));
#9743=CARTESIAN_POINT('Ctrl Pts',(87.9281040161946,5.57239733255435,5.06512857545819));
#9744=CARTESIAN_POINT('Ctrl Pts',(86.4149372974925,5.6124735182404,4.98662306508141));
#9745=CARTESIAN_POINT('Ctrl Pts',(85.6137206464669,6.89673803579107,4.90811755470463));
#9746=CARTESIAN_POINT('Ctrl Pts',(86.2430055014887,8.27343049980055,4.82961204432784));
#9747=CARTESIAN_POINT('Ctrl Pts',(87.7384336052412,8.50790108570955,4.75110653395107));
#9748=CARTESIAN_POINT('Ctrl Pts',(88.7588697970564,7.38987065022254,4.67260102357429));
#9749=CARTESIAN_POINT('Ctrl Pts',(88.3891624857849,5.92201563867311,4.59409551319751));
#9750=CARTESIAN_POINT('Ctrl Pts',(86.9608740536932,5.42074323742488,4.51559000282073));
#9751=CARTESIAN_POINT('Ctrl Pts',(85.7549274847678,6.33560649446205,4.43708449244395));
#9752=CARTESIAN_POINT('Ctrl Pts',(85.8528443502334,7.84613427082569,4.35857898206717));
#9753=CARTESIAN_POINT('Ctrl Pts',(87.1668104682062,8.59764935598481,4.28007347169039));
#9754=CARTESIAN_POINT('Ctrl Pts',(88.5184297908081,7.9161751503665,4.20156796131361));
#9755=CARTESIAN_POINT('Ctrl Pts',(88.6955379744173,6.41287392513833,4.12306245093683));
#9756=CARTESIAN_POINT('Ctrl Pts',(87.5393001905488,5.43594195680371,4.04455694056005));
#9757=CARTESIAN_POINT('Ctrl Pts',(86.0866579712281,5.8615150604299,3.96605143018328));
#9758=CARTESIAN_POINT('Ctrl Pts',(85.6403753935838,7.30792915887884,3.8875459198065));
#9759=CARTESIAN_POINT('Ctrl Pts',(86.6006892829051,8.47800570246887,3.80904040942971));
#9760=CARTESIAN_POINT('Ctrl Pts',(88.1063673131031,8.3223922294723,3.73053489905294));
#9761=CARTESIAN_POINT('Ctrl Pts',(88.8070816313274,6.98064660279434,3.65202938867616));
#9762=CARTESIAN_POINT('Ctrl Pts',(88.0744149782598,5.65607819699696,3.57352387829938));
#9763=CARTESIAN_POINT('Ctrl Pts',(86.5654402269646,5.53659145147334,3.4950183679226));
#9764=CARTESIAN_POINT('Ctrl Pts',(85.6334418073177,6.72934491362896,3.41651285754582));
#9765=CARTESIAN_POINT('Ctrl Pts',(86.1142580609007,8.1646489359428,3.33800734716904));
#9766=CARTESIAN_POINT('Ctrl Pts',(87.5766815369908,8.55528872152541,3.25950183679226));
#9767=CARTESIAN_POINT('Ctrl Pts',(88.7091761027367,7.55092927914688,3.18099632641548));
#9768=CARTESIAN_POINT('Ctrl Pts',(88.4960936925522,6.05230392145682,3.1024908160387));
#9769=CARTESIAN_POINT('Ctrl Pts',(87.1285317091366,5.40341572564369,3.02398530566192));
#9770=CARTESIAN_POINT('Ctrl Pts',(85.8329521871533,6.18620258771886,2.94547979528514));
#9771=CARTESIAN_POINT('Ctrl Pts',(85.7712617725382,7.69864358348192,2.86697428490837));
#9772=CARTESIAN_POINT('Ctrl Pts',(86.9987856316903,8.58434375535698,2.78846877453158));
#9773=CARTESIAN_POINT('Ctrl Pts',(88.4146517213492,8.0489900256084,2.7099632641548));
#9774=CARTESIAN_POINT('Ctrl Pts',(88.7490765825484,6.572692439025,2.63145775377803));
#9775=CARTESIAN_POINT('Ctrl Pts',(87.7021422623326,5.47944583059107,2.55295224340124));
#9776=CARTESIAN_POINT('Ctrl Pts',(86.2127598530689,5.74966712138698,2.47444673302447));
#9777=CARTESIAN_POINT('Ctrl Pts',(85.6166520391019,7.1410817112177,2.39594122264769));
#9778=CARTESIAN_POINT('Ctrl Pts',(86.4484039303254,8.40570128596975,2.31743571227091));
#9779=CARTESIAN_POINT('Ctrl Pts',(87.9621183361044,8.40965842621148,2.23893020189413));
#9780=CARTESIAN_POINT('Ctrl Pts',(88.8001836609982,7.14884872815989,2.16042469151735));
#9781=CARTESIAN_POINT('Ctrl Pts',(88.2111583741658,5.75512506789053,2.08191918114057));
#9782=CARTESIAN_POINT('Ctrl Pts',(86.7229812810073,5.4761135243684,2.00341367076379));
#9783=CARTESIAN_POINT('Ctrl Pts',(85.6709149824786,6.56675770645043,1.92490816038701));
#9784=CARTESIAN_POINT('Ctrl Pts',(85.8890519000479,7.54739345826344,1.87257115346916));
#9785=CARTESIAN_POINT('Ctrl Pts',(86.1803392318256,7.88559422941046,1.84640265001023));
#9786=CARTESIAN_POINT('Ctrl Pts',(86.8822104682511,5.77820168374425,6.06079204996931));
#9787=CARTESIAN_POINT('Ctrl Pts',(86.4804962752349,5.88559693265854,6.03462354651039));
#9788=CARTESIAN_POINT('Ctrl Pts',(85.7978603939531,6.52583825603478,5.98228653959253));
#9789=CARTESIAN_POINT('Ctrl Pts',(86.0350886702586,7.9174920192747,5.90378102921576));
#9790=CARTESIAN_POINT('Ctrl Pts',(87.3269170961213,8.4839132309802,5.82527551883897));
#9791=CARTESIAN_POINT('Ctrl Pts',(88.5118410650583,7.72042347889708,5.7467700084622));
#9792=CARTESIAN_POINT('Ctrl Pts',(88.5286400242233,6.31013387661566,5.66826449808541));
#9793=CARTESIAN_POINT('Ctrl Pts',(87.3615361805706,5.51861285943879,5.58975898770863));
#9794=CARTESIAN_POINT('Ctrl Pts',(86.0575665212548,6.05532788940556,5.51125347733186));
#9795=CARTESIAN_POINT('Ctrl Pts',(85.7859894843659,7.43913087281222,5.43274796695507));
#9796=CARTESIAN_POINT('Ctrl Pts',(86.7904467587917,8.42890051446467,5.3542424565783));
#9797=CARTESIAN_POINT('Ctrl Pts',(88.1700753631859,8.13703408632399,5.27573694620151));
#9798=CARTESIAN_POINT('Ctrl Pts',(88.687612152967,6.82526158766498,5.19723143582474));
#9799=CARTESIAN_POINT('Ctrl Pts',(87.878907696718,5.67002298159255,5.11872592544796));
#9800=CARTESIAN_POINT('Ctrl Pts',(86.4692323658249,5.70735820025661,5.04022041507118));
#9801=CARTESIAN_POINT('Ctrl Pts',(85.722814054021,6.90378684645711,4.9617149046944));
#9802=CARTESIAN_POINT('Ctrl Pts',(86.309059657539,8.18632193049934,4.88320939431762));
#9803=CARTESIAN_POINT('Ctrl Pts',(87.7022095867102,8.40475615634556,4.80470388394084));
#9804=CARTESIAN_POINT('Ctrl Pts',(88.6528541578426,7.36319219342317,4.72619837356407));
#9805=CARTESIAN_POINT('Ctrl Pts',(88.3084325750064,5.99572952487878,4.64769286318728));
#9806=CARTESIAN_POINT('Ctrl Pts',(86.9778303728602,5.5287411029399,4.5691873528105));
#9807=CARTESIAN_POINT('Ctrl Pts',(85.8543632045845,6.38103328505445,4.49068184243372));
#9808=CARTESIAN_POINT('Ctrl Pts',(85.9455831528025,7.78825016119282,4.41217633205694));
#9809=CARTESIAN_POINT('Ctrl Pts',(87.1696819908501,8.48836619153446,4.33367082168017));
#9810=CARTESIAN_POINT('Ctrl Pts',(88.4288587836522,7.85350067114815,4.25516531130339));
#9811=CARTESIAN_POINT('Ctrl Pts',(88.5938538461575,6.45301609405997,4.1766598009266));
#9812=CARTESIAN_POINT('Ctrl Pts',(87.5166956847859,5.54290032247908,4.09815429054983));
#9813=CARTESIAN_POINT('Ctrl Pts',(86.1634053461333,5.93936681771631,4.01964878017304));
#9814=CARTESIAN_POINT('Ctrl Pts',(85.7476457787725,7.2868550010331,3.94114326979627));
#9815=CARTESIAN_POINT('Ctrl Pts',(86.6422800467342,8.3769054352445,3.86263775941948));
#9816=CARTESIAN_POINT('Ctrl Pts',(88.044978869808,8.23193497605675,3.78413224904271));
#9817=CARTESIAN_POINT('Ctrl Pts',(88.6977685962775,6.98195657851185,3.70562673866593));
#9818=CARTESIAN_POINT('Ctrl Pts',(88.0152118800663,5.747980584555,3.62712122828915));
#9819=CARTESIAN_POINT('Ctrl Pts',(86.6094418115402,5.6366660047063,3.54861571791237));
#9820=CARTESIAN_POINT('Ctrl Pts',(85.7411864075788,6.7478423943643,3.47011020753559));
#9821=CARTESIAN_POINT('Ctrl Pts',(86.1891177577672,8.08498036308912,3.39160469715881));
#9822=CARTESIAN_POINT('Ctrl Pts',(87.5515203747977,8.44890276648001,3.31309918678203));
#9823=CARTESIAN_POINT('Ctrl Pts',(88.6065592095609,7.51323539303624,3.23459367640525));
#9824=CARTESIAN_POINT('Ctrl Pts',(88.408050338482,6.11710688262438,3.15608816602847));
#9825=CARTESIAN_POINT('Ctrl Pts',(87.1340212657688,5.51259868743351,3.07758265565169));
#9826=CARTESIAN_POINT('Ctrl Pts',(85.9270514925265,6.24184769560694,2.99907714527491));
#9827=CARTESIAN_POINT('Ctrl Pts',(85.8695803265531,7.65084693859003,2.92057163489814));
#9828=CARTESIAN_POINT('Ctrl Pts',(87.0131490298179,8.47597061295349,2.84206612452135));
#9829=CARTESIAN_POINT('Ctrl Pts',(88.3321785020971,7.97723181781567,2.76356061414457));
#9830=CARTESIAN_POINT('Ctrl Pts',(88.6437307395626,6.60190399495119,2.68505510376779));
#9831=CARTESIAN_POINT('Ctrl Pts',(87.6684003506287,5.58342879625423,2.60654959339102));
#9832=CARTESIAN_POINT('Ctrl Pts',(86.2808826272638,5.83516859650821,2.52804408301424));
#9833=CARTESIAN_POINT('Ctrl Pts',(85.7255449572531,7.13141890262876,2.44953857263745));
#9834=CARTESIAN_POINT('Ctrl Pts',(86.5004100847963,8.30954620047303,2.37103306226068));
#9835=CARTESIAN_POINT('Ctrl Pts',(87.9105956443058,8.31323269642268,2.2925275518839));
#9836=CARTESIAN_POINT('Ctrl Pts',(88.6913424051076,7.13865470291613,2.21402204150712));
#9837=CARTESIAN_POINT('Ctrl Pts',(88.1426028605106,5.84025325271185,2.13551653113034));
#9838=CARTESIAN_POINT('Ctrl Pts',(86.7562080169702,5.58032439948219,2.05701102075356));
#9839=CARTESIAN_POINT('Ctrl Pts',(85.7760966457843,6.59637516194,1.97850551037678));
#9840=CARTESIAN_POINT('Ctrl Pts',(85.9793143267272,7.50994140076677,1.92616850345893));
#9841=CARTESIAN_POINT('Ctrl Pts',(86.2506793790598,7.82501129893628,1.9));
#9842=CARTESIAN_POINT('Ctrl Pts',(86.2506793790598,7.82501129893628,1.9));
#9843=CARTESIAN_POINT('Ctrl Pts',(86.2134891225576,7.79028054194589,1.9));
#9844=CARTESIAN_POINT('Ctrl Pts',(86.1786810215245,7.7532386787773,1.9));
#9845=CARTESIAN_POINT('Ctrl Pts',(86.1462693042347,7.7141988053887,1.9));
#9846=CARTESIAN_POINT('Ctrl Pts',(86.1244291001879,7.68789230662628,1.9));
#9847=CARTESIAN_POINT('Ctrl Pts',(86.1036774358607,7.66067753597892,1.9));
#9848=CARTESIAN_POINT('Ctrl Pts',(86.0840255006978,7.63263953530211,1.9));
#9849=CARTESIAN_POINT('Ctrl Pts',(86.0749658392898,7.61971384678412,1.9));
#9850=CARTESIAN_POINT('Ctrl Pts',(86.0661399830086,7.60661309184005,1.9));
#9851=CARTESIAN_POINT('Ctrl Pts',(86.0575494798771,7.59334509199126,1.9));
#9852=CARTESIAN_POINT('Ctrl Pts',(86.0503055582793,7.58215688226775,1.9));
#9853=CARTESIAN_POINT('Ctrl Pts',(86.0432330737424,7.57085590961619,1.9));
#9854=CARTESIAN_POINT('Ctrl Pts',(86.0363362245132,7.55945357846608,1.9));
#9855=CARTESIAN_POINT('Ctrl Pts',(86.0085164783186,7.51346011854275,1.9));
#9856=CARTESIAN_POINT('Ctrl Pts',(85.9835317245551,7.46578998184313,1.9));
#9857=CARTESIAN_POINT('Ctrl Pts',(85.9614205623844,7.41676764277483,1.9));
#9858=CARTESIAN_POINT('Ctrl Pts',(85.9529592889011,7.39800827524591,1.9));
#9859=CARTESIAN_POINT('Ctrl Pts',(85.9449191796998,7.37905047583819,1.9));
#9860=CARTESIAN_POINT('Ctrl Pts',(85.9373038452242,7.35991103380762,1.9));
#9861=CARTESIAN_POINT('Ctrl Pts',(85.9318384216358,7.34617491252772,1.9));
#9862=CARTESIAN_POINT('Ctrl Pts',(85.9265918055811,7.33234521663194,1.9));
#9863=CARTESIAN_POINT('Ctrl Pts',(85.9215656118856,7.31842795997302,1.9));
#9864=CARTESIAN_POINT('Ctrl Pts',(85.9176623245838,7.30761996997415,1.9));
#9865=CARTESIAN_POINT('Ctrl Pts',(85.9138919558719,7.29675873009096,1.9));
#9866=CARTESIAN_POINT('Ctrl Pts',(85.910259989439,7.28586200867774,1.9));
#9867=CARTESIAN_POINT('Ctrl Pts',(85.8923410420847,7.23210111056755,1.9));
#9868=CARTESIAN_POINT('Ctrl Pts',(85.877755679802,7.1773938790104,1.9));
#9869=CARTESIAN_POINT('Ctrl Pts',(85.8665421692501,7.1220997337368,1.9));
#9870=CARTESIAN_POINT('Ctrl Pts',(85.8554915735379,7.06760892625549,1.9));
#9871=CARTESIAN_POINT('Ctrl Pts',(85.8477151765996,7.01254695802947,1.9));
#9872=CARTESIAN_POINT('Ctrl Pts',(85.8432934416649,6.95722782558993,1.9));
#9873=CARTESIAN_POINT('Ctrl Pts',(85.8409842611977,6.92833829196095,1.9));
#9874=CARTESIAN_POINT('Ctrl Pts',(85.839590756402,6.89937823029717,1.9));
#9875=CARTESIAN_POINT('Ctrl Pts',(85.8391297975514,6.87039066268308,1.9));
#9876=CARTESIAN_POINT('Ctrl Pts',(85.8388825860443,6.85484467573059,1.9));
#9877=CARTESIAN_POINT('Ctrl Pts',(85.8389036561999,6.83929076458799,1.9));
#9878=CARTESIAN_POINT('Ctrl Pts',(85.8391960903495,6.82373551467079,1.9));
#9879=CARTESIAN_POINT('Ctrl Pts',(85.8394039072465,6.81268125245901,1.9));
#9880=CARTESIAN_POINT('Ctrl Pts',(85.8397487744533,6.80162631350029,1.9));
#9881=CARTESIAN_POINT('Ctrl Pts',(85.8402319060315,6.79057306098902,1.9));
#9882=CARTESIAN_POINT('Ctrl Pts',(85.8406580023336,6.78082468138977,1.9));
#9883=CARTESIAN_POINT('Ctrl Pts',(85.8411912260374,6.77108737464062,1.9));
#9884=CARTESIAN_POINT('Ctrl Pts',(85.8418317499292,6.76136353026778,1.9));
#9885=CARTESIAN_POINT('Ctrl Pts',(85.8449966770708,6.71331651848867,1.9));
#9886=CARTESIAN_POINT('Ctrl Pts',(85.8507796340062,6.66559347719464,1.9));
#9887=CARTESIAN_POINT('Ctrl Pts',(85.8592193707984,6.61839322852964,1.9));
#9888=CARTESIAN_POINT('Ctrl Pts',(85.8688249973317,6.56467260049155,1.9));
#9889=CARTESIAN_POINT('Ctrl Pts',(85.8818703950413,6.5116284380478,1.9));
#9890=CARTESIAN_POINT('Ctrl Pts',(85.8981052829056,6.45945877051061,1.9));
#9891=CARTESIAN_POINT('Ctrl Pts',(85.9139741983626,6.40846512950224,1.9));
#9892=CARTESIAN_POINT('Ctrl Pts',(85.9328910088351,6.35830631629469,1.9));
#9893=CARTESIAN_POINT('Ctrl Pts',(85.9546674164154,6.30917100711598,1.9));
#9894=CARTESIAN_POINT('Ctrl Pts',(85.9600038669558,6.29713007950858,1.9));
#9895=CARTESIAN_POINT('Ctrl Pts',(85.9655122393003,6.28515066108396,1.9));
#9896=CARTESIAN_POINT('Ctrl Pts',(85.9711901314792,6.27323563579325,1.9));
#9897=CARTESIAN_POINT('Ctrl Pts',(85.9754754596337,6.26424289839521,1.9));
#9898=CARTESIAN_POINT('Ctrl Pts',(85.9798565645162,6.25528868277081,1.9));
#9899=CARTESIAN_POINT('Ctrl Pts',(85.9843269765777,6.24638438134386,1.9));
#9900=CARTESIAN_POINT('Ctrl Pts',(86.010177752912,6.19489402621876,1.9));
#9901=CARTESIAN_POINT('Ctrl Pts',(86.0390556640667,6.14497672391697,1.9));
#9902=CARTESIAN_POINT('Ctrl Pts',(86.0706814022616,6.09684775416364,1.9));
#9903=CARTESIAN_POINT('Ctrl Pts',(86.1029850910152,6.04768705949889,1.9));
#9904=CARTESIAN_POINT('Ctrl Pts',(86.1381560765001,6.00039124039844,1.9));
#9905=CARTESIAN_POINT('Ctrl Pts',(86.1759503519356,5.95519968938387,1.9));
#9906=CARTESIAN_POINT('Ctrl Pts',(86.2140752797307,5.9096127691552,1.9));
#9907=CARTESIAN_POINT('Ctrl Pts',(86.2548701633693,5.8661660543081,1.9));
#9908=CARTESIAN_POINT('Ctrl Pts',(86.2981310648983,5.82513044532018,1.9));
#9909=CARTESIAN_POINT('Ctrl Pts',(86.3079264030129,5.81583896847695,1.9));
#9910=CARTESIAN_POINT('Ctrl Pts',(86.3178512362338,5.8066688188593,1.9));
#9911=CARTESIAN_POINT('Ctrl Pts',(86.3278830806272,5.79764120376885,1.9));
#9912=CARTESIAN_POINT('Ctrl Pts',(86.3731036273407,5.75694742165879,1.9));
#9913=CARTESIAN_POINT('Ctrl Pts',(86.4205683979275,5.71907552693076,1.9));
#9914=CARTESIAN_POINT('Ctrl Pts',(86.4700111398449,5.68426896611623,1.9));
#9915=CARTESIAN_POINT('Ctrl Pts',(86.5190191610734,5.64976843873565,1.9));
#9916=CARTESIAN_POINT('Ctrl Pts',(86.5699712463136,5.61827865032929,1.9));
#9917=CARTESIAN_POINT('Ctrl Pts',(86.6226498870864,5.59006444278839,1.9));
#9918=CARTESIAN_POINT('Ctrl Pts',(86.6612465447156,5.56939241912263,1.9));
#9919=CARTESIAN_POINT('Ctrl Pts',(86.7007709595213,5.55047930512945,1.9));
#9920=CARTESIAN_POINT('Ctrl Pts',(86.7411486698185,5.53344326458079,1.9));
#9921=CARTESIAN_POINT('Ctrl Pts',(86.7635894653393,5.52397511248345,1.9));
#9922=CARTESIAN_POINT('Ctrl Pts',(86.7862939836071,5.51508700200722,1.9));
#9923=CARTESIAN_POINT('Ctrl Pts',(86.8092421087043,5.50677483913698,1.9));
#9924=CARTESIAN_POINT('Ctrl Pts',(85.9450820092717,7.00080969373359,5.45658032638058));
#9925=CARTESIAN_POINT('Ctrl Pts',(85.9440998398539,7.12722015301264,5.44863620657207));
#9926=CARTESIAN_POINT('Ctrl Pts',(85.9615811068186,7.25336551676082,5.44069208676357));
#9927=CARTESIAN_POINT('Ctrl Pts',(85.998661869585,7.37345864918653,5.43274796695507));
#9928=CARTESIAN_POINT('Ctrl Pts',(86.1208085758411,7.76905408669638,5.40657946349614));
#9929=CARTESIAN_POINT('Ctrl Pts',(86.4556276673164,8.09897730058053,5.38041096003722));
#9930=CARTESIAN_POINT('Ctrl Pts',(86.8529753137864,8.2152945028325,5.35424245657829));
#9931=CARTESIAN_POINT('Ctrl Pts',(87.2503229602564,8.33161170508446,5.32807395311936));
#9932=CARTESIAN_POINT('Ctrl Pts',(87.7101991617212,8.23432289570423,5.30190544966043));
#9933=CARTESIAN_POINT('Ctrl Pts',(88.0263933940837,7.96704974123761,5.27573694620151));
#9934=CARTESIAN_POINT('Ctrl Pts',(88.3425876264463,7.69977658677099,5.24956844274258));
#9935=CARTESIAN_POINT('Ctrl Pts',(88.5150998897066,7.26251908721799,5.22339993928366));
#9936=CARTESIAN_POINT('Ctrl Pts',(88.4665719452953,6.85135056976274,5.19723143582473));
#9937=CARTESIAN_POINT('Ctrl Pts',(88.418044000884,6.4401820523075,5.17106293236581));
#9938=CARTESIAN_POINT('Ctrl Pts',(88.148475848801,6.05510251695001,5.14489442890688));
#9939=CARTESIAN_POINT('Ctrl Pts',(87.7787458842773,5.86878528571528,5.11872592544795));
#9940=CARTESIAN_POINT('Ctrl Pts',(87.4090159197537,5.68246805448055,5.09255742198902));
#9941=CARTESIAN_POINT('Ctrl Pts',(86.9391241427893,5.69491312736857,5.06638891853009));
#9942=CARTESIAN_POINT('Ctrl Pts',(86.5797752023398,5.90054043817934,5.04022041507117));
#9943=CARTESIAN_POINT('Ctrl Pts',(86.2204262618903,6.1061677489901,5.01405191161224));
#9944=CARTESIAN_POINT('Ctrl Pts',(85.9716201579556,6.50497729772361,4.98788340815331));
#9945=CARTESIAN_POINT('Ctrl Pts',(85.9449247065746,6.91813791943073,4.96171490469439));
#9946=CARTESIAN_POINT('Ctrl Pts',(85.9431787159419,6.94516029732698,4.96000337858978));
#9947=CARTESIAN_POINT('Ctrl Pts',(85.9423828457678,6.9722440646608,4.95829185248518));
#9948=CARTESIAN_POINT('Ctrl Pts',(85.9425125800377,6.99933558760475,4.95658032638057));
#9949=CARTESIAN_POINT('Origin',(12.9087955317821,6.99979999999979,7.00421172358873));
#9950=CARTESIAN_POINT('Ctrl Pts',(11.3639186752736,7.0005380675919,5.75421172358873));
#9951=CARTESIAN_POINT('Ctrl Pts',(11.3636161945092,7.04846149420754,5.75173115187988));
#9952=CARTESIAN_POINT('Ctrl Pts',(11.3871999925744,7.6016629080375,5.72308207671211));
#9953=CARTESIAN_POINT('Ctrl Pts',(12.0524621885302,8.6025148404792,5.66826449808541));
#9954=CARTESIAN_POINT('Ctrl Pts',(13.7731734263616,8.59795801626212,5.58975898770863));
#9955=CARTESIAN_POINT('Ctrl Pts',(14.7186931304219,7.16041651596515,5.51125347733186));
#9956=CARTESIAN_POINT('Ctrl Pts',(14.0410520415258,5.57868549088673,5.43274796695508));
#9957=CARTESIAN_POINT('Ctrl Pts',(12.3479772192481,5.27151826375835,5.35424245657829));
#9958=CARTESIAN_POINT('Ctrl Pts',(11.445791874214,6.21360689741785,5.29473037545618));
#9959=CARTESIAN_POINT('Ctrl Pts',(11.3652197371543,6.85927165339456,5.26138679779299));
#9960=CARTESIAN_POINT('Ctrl Pts',(11.3663857512383,6.99849506875578,5.25421172358873));
#9961=CARTESIAN_POINT('Ctrl Pts',(11.3674388192292,6.99811470333976,5.79578827641128));
#9962=CARTESIAN_POINT('Ctrl Pts',(11.3697876872447,7.34009642277164,5.77818851068966));
#9963=CARTESIAN_POINT('Ctrl Pts',(11.6486960823699,8.19520687386643,5.73442024150913));
#9964=CARTESIAN_POINT('Ctrl Pts',(13.0529256308836,8.81062065979096,5.66448346886967));
#9965=CARTESIAN_POINT('Ctrl Pts',(14.4987936470488,7.87919151631933,5.58597795849287));
#9966=CARTESIAN_POINT('Ctrl Pts',(14.5193032142533,6.15821421679616,5.50747244811611));
#9967=CARTESIAN_POINT('Ctrl Pts',(13.0951678804702,5.19244787096046,5.42896693773932));
#9968=CARTESIAN_POINT('Ctrl Pts',(11.6650541796555,5.78105476731166,5.35840554717105));
#9969=CARTESIAN_POINT('Ctrl Pts',(11.369536137663,6.64717178579734,5.3140126600617));
#9970=CARTESIAN_POINT('Ctrl Pts',(11.3667861371344,7.00103160854298,5.29578827641128));
#9971=CARTESIAN_POINT('Ctrl Pts',(13.8669116845045,7.82501129893627,5.9));
#9972=CARTESIAN_POINT('Ctrl Pts',(14.1382767368372,7.50994140076676,5.87383149654107));
#9973=CARTESIAN_POINT('Ctrl Pts',(14.3417517502522,6.59664834292754,5.82149448962322));
#9974=CARTESIAN_POINT('Ctrl Pts',(13.3612511275093,5.58022148548257,5.74298897924645));
#9975=CARTESIAN_POINT('Ctrl Pts',(11.9750668058472,5.84035820080356,5.66448346886966));
#9976=CARTESIAN_POINT('Ctrl Pts',(11.4262487108085,7.13860149806547,5.58597795849289));
#9977=CARTESIAN_POINT('Ctrl Pts',(12.2070239747231,8.31323675682819,5.5074724481161));
#9978=CARTESIAN_POINT('Ctrl Pts',(13.6171596586102,8.30950240542021,5.42896693773933));
#9979=CARTESIAN_POINT('Ctrl Pts',(14.3920201030589,7.13142643191049,5.35046142736253));
#9980=CARTESIAN_POINT('Ctrl Pts',(13.8366881802402,5.83518606819586,5.27195591698578));
#9981=CARTESIAN_POINT('Ctrl Pts',(12.449200744874,5.58346023624262,5.19345040660897));
#9982=CARTESIAN_POINT('Ctrl Pts',(11.4738884938396,6.60191014903037,5.11494489623222));
#9983=CARTESIAN_POINT('Ctrl Pts',(11.78543516586,7.97721331179606,5.03643938585542));
#9984=CARTESIAN_POINT('Ctrl Pts',(13.1044380285648,8.47594065756693,4.95793387547865));
#9985=CARTESIAN_POINT('Ctrl Pts',(14.247984096281,7.65083425106425,4.87942836510187));
#9986=CARTESIAN_POINT('Ctrl Pts',(14.1905139976488,6.24186264688747,4.80092285472509));
#9987=CARTESIAN_POINT('Ctrl Pts',(12.9835683202303,5.51262841402316,4.72241734434831));
#9988=CARTESIAN_POINT('Ctrl Pts',(11.7095646220698,6.11712443132769,4.64391183397153));
#9989=CARTESIAN_POINT('Ctrl Pts',(11.5110597171366,7.51322518335726,4.56540632359475));
#9990=CARTESIAN_POINT('Ctrl Pts',(12.5660775183385,8.44887387041659,4.48690081321798));
#9991=CARTESIAN_POINT('Ctrl Pts',(13.9284529825293,8.08495874025921,4.40839530284119));
#9992=CARTESIAN_POINT('Ctrl Pts',(14.376375403469,6.74784741273626,4.32988979246441));
#9993=CARTESIAN_POINT('Ctrl Pts',(13.5081373060002,5.63669317636534,4.25138428208763));
#9994=CARTESIAN_POINT('Ctrl Pts',(12.1023952567539,5.74800553459541,4.17287877171085));
#9995=CARTESIAN_POINT('Ctrl Pts',(11.4198521452914,6.98195693469904,4.09437326133407));
#9996=CARTESIAN_POINT('Ctrl Pts',(12.0726288603897,8.23191041706607,4.0158677509573));
#9997=CARTESIAN_POINT('Ctrl Pts',(13.4752997251633,8.37687798718095,3.93736224058051));
#9998=CARTESIAN_POINT('Ctrl Pts',(14.3699161613805,7.28684927939038,3.85885673020373));
#9999=CARTESIAN_POINT('Ctrl Pts',(13.9541648809353,5.93938795419501,3.78035121982696));
#10000=CARTESIAN_POINT('Ctrl Pts',(12.6009015157167,5.54292936100383,3.70184570945018));
#10001=CARTESIAN_POINT('Ctrl Pts',(11.5237648242894,6.45302699271728,3.6233401990734));
#10002=CARTESIAN_POINT('Ctrl Pts',(11.6887565977424,7.85348365486317,3.54483468869662));
#10003=CARTESIAN_POINT('Ctrl Pts',(12.9479082935989,8.48833652257683,3.46632917831984));
#10004=CARTESIAN_POINT('Ctrl Pts',(14.1719827317136,7.7882344442568,3.38782366794306));
#10005=CARTESIAN_POINT('Ctrl Pts',(14.2632008643811,6.38104562139966,3.30931815756628));
#10006=CARTESIAN_POINT('Ctrl Pts',(13.1397560839553,5.52877041778008,3.2308126471895));
#10007=CARTESIAN_POINT('Ctrl Pts',(11.809180412255,5.99574954928988,3.15230713681272));
#10008=CARTESIAN_POINT('Ctrl Pts',(11.4647656775128,7.36318492872885,3.07380162643594));
#10009=CARTESIAN_POINT('Ctrl Pts',(12.4153913315958,8.40472819374442,2.99529611605916));
#10010=CARTESIAN_POINT('Ctrl Pts',(13.8085134359374,8.18629820436887,2.91679060568238));
#10011=CARTESIAN_POINT('Ctrl Pts',(14.3947474577802,6.90378890371864,2.8382850953056));
#10012=CARTESIAN_POINT('Ctrl Pts',(13.648343837229,5.70738369274648,2.75977958492882));
#10013=CARTESIAN_POINT('Ctrl Pts',(12.238696936271,5.67004998598812,2.68127407455204));
#10014=CARTESIAN_POINT('Ctrl Pts',(11.4300080124317,6.8252641400318,2.60276856417526));
#10015=CARTESIAN_POINT('Ctrl Pts',(11.9475355054224,8.1370131298767,2.52426305379848));
#10016=CARTESIAN_POINT('Ctrl Pts',(13.3271348778648,8.42886888779771,2.44575754342171));
#10017=CARTESIAN_POINT('Ctrl Pts',(14.3315750002348,7.43912785179621,2.36725203304492));
#10018=CARTESIAN_POINT('Ctrl Pts',(14.0599988173268,6.05533632056702,2.28874652266815));
#10019=CARTESIAN_POINT('Ctrl Pts',(12.7560619455637,5.51866105358665,2.21024101229137));
#10020=CARTESIAN_POINT('Ctrl Pts',(11.5889723426479,6.31011443257895,2.13173550191458));
#10021=CARTESIAN_POINT('Ctrl Pts',(11.6057800199379,7.72046740465846,2.05322999153781));
#10022=CARTESIAN_POINT('Ctrl Pts',(12.7906797724252,8.48378223936487,1.97472448116103));
#10023=CARTESIAN_POINT('Ctrl Pts',(14.0824513948921,7.91765137139455,1.89621897078425));
#10024=CARTESIAN_POINT('Ctrl Pts',(14.3197893418225,6.52546757365751,1.81771346040747));
#10025=CARTESIAN_POINT('Ctrl Pts',(13.6370947883294,5.88559693265853,1.76537645348962));
#10026=CARTESIAN_POINT('Ctrl Pts',(13.2353805953132,5.77820168374424,1.73920795003069));
#10027=CARTESIAN_POINT('Ctrl Pts',(13.9372518317388,7.88559422941045,5.95359734998977));
#10028=CARTESIAN_POINT('Ctrl Pts',(14.2285391635164,7.54739345826342,5.92742884653084));
#10029=CARTESIAN_POINT('Ctrl Pts',(14.4469523056348,6.5670509430344,5.87509183961299));
#10030=CARTESIAN_POINT('Ctrl Pts',(13.3944681786257,5.47600305493214,5.79658632923621));
#10031=CARTESIAN_POINT('Ctrl Pts',(11.9065170628202,5.75523772075185,5.71808081885943));
#10032=CARTESIAN_POINT('Ctrl Pts',(11.3174074587613,7.14879161727234,5.63957530848265));
#10033=CARTESIAN_POINT('Ctrl Pts',(12.1555033793255,8.40966278471186,5.56106979810587));
#10034=CARTESIAN_POINT('Ctrl Pts',(13.6691642478607,8.40565427570084,5.4825642877291));
#10035=CARTESIAN_POINT('Ctrl Pts',(14.5009111121799,7.14108979326205,5.40405877735231));
#10036=CARTESIAN_POINT('Ctrl Pts',(13.9048094673354,5.74968587575948,5.32555326697554));
#10037=CARTESIAN_POINT('Ctrl Pts',(12.4154595696653,5.47947957874786,5.24704775659876));
#10038=CARTESIAN_POINT('Ctrl Pts',(11.3685447189438,6.57269904490621,5.16854224622198));
#10039=CARTESIAN_POINT('Ctrl Pts',(11.7029636061106,8.04897016096841,5.0900367358452));
#10040=CARTESIAN_POINT('Ctrl Pts',(13.1188011326518,8.58431160079413,5.01153122546842));
#10041=CARTESIAN_POINT('Ctrl Pts',(14.3463006944655,7.69862996450078,4.93302571509164));
#10042=CARTESIAN_POINT('Ctrl Pts',(14.2846114255501,6.18621863664843,4.85452020471486));
#10043=CARTESIAN_POINT('Ctrl Pts',(12.9890577683871,5.40344763461247,4.77601469433808));
#10044=CARTESIAN_POINT('Ctrl Pts',(11.621523022398,6.05232275849913,4.6975091839613));
#10045=CARTESIAN_POINT('Ctrl Pts',(11.4084448695344,7.55091831992377,4.61900367358452));
#10046=CARTESIAN_POINT('Ctrl Pts',(12.5409168575388,8.55525770405601,4.54049816320774));
#10047=CARTESIAN_POINT('Ctrl Pts',(14.0033111873621,8.16462572567167,4.46199265283096));
#10048=CARTESIAN_POINT('Ctrl Pts',(14.4841178561552,6.72935030042498,4.38348714245418));
#10049=CARTESIAN_POINT('Ctrl Pts',(13.5521380135578,5.53662061794113,4.3049816320774));
#10050=CARTESIAN_POINT('Ctrl Pts',(12.0431933385793,5.6561049787459,4.22647612170063));
#10051=CARTESIAN_POINT('Ctrl Pts',(11.3105412890538,6.98064698513102,4.14797061132384));
#10052=CARTESIAN_POINT('Ctrl Pts',(12.0112416406763,8.32236586748204,4.06946510094707));
#10053=CARTESIAN_POINT('Ctrl Pts',(13.5168896600141,8.4779762393043,3.99095959057029));
#10054=CARTESIAN_POINT('Ctrl Pts',(14.4771844084724,7.30792301718141,3.9124540801935));
#10055=CARTESIAN_POINT('Ctrl Pts',(14.0309107261282,5.86153774864428,3.83394856981673));
#10056=CARTESIAN_POINT('Ctrl Pts',(12.5782974604975,5.43597312719328,3.75544305943994));
#10057=CARTESIAN_POINT('Ctrl Pts',(11.4220827227903,6.41288562392113,3.67693754906317));
#10058=CARTESIAN_POINT('Ctrl Pts',(11.5991873758813,7.91615688483008,3.59843203868639));
#10059=CARTESIAN_POINT('Ctrl Pts',(12.950779759044,8.59761750887911,3.5199265283096));
#10060=CARTESIAN_POINT('Ctrl Pts',(14.2647196857616,7.84611740002998,3.44142101793283));
#10061=CARTESIAN_POINT('Ctrl Pts',(14.3626346023879,6.33561973648068,3.36291550755605));
#10062=CARTESIAN_POINT('Ctrl Pts',(13.1567120649176,5.42077470441559,3.28440999717927));
#10063=CARTESIAN_POINT('Ctrl Pts',(11.7284521110059,5.9220371331774,3.20590448680249));
#10064=CARTESIAN_POINT('Ctrl Pts',(11.3587521505815,7.3898628521903,3.12739897642571));
#10065=CARTESIAN_POINT('Ctrl Pts',(12.3791680365511,8.50787107023259,3.04889346604893));
#10066=CARTESIAN_POINT('Ctrl Pts',(13.8745662727127,8.27340503181497,2.97038795567215));
#10067=CARTESIAN_POINT('Ctrl Pts',(14.5038386957901,6.89674024408656,2.89188244529537));
#10068=CARTESIAN_POINT('Ctrl Pts',(13.7026378145763,5.61250088226274,2.8133769349186));
#10069=CARTESIAN_POINT('Ctrl Pts',(12.1895016129943,5.57242631947902,2.73487142454181));
#10070=CARTESIAN_POINT('Ctrl Pts',(11.3214427497089,6.81245058078545,2.65636591416504));
#10071=CARTESIAN_POINT('Ctrl Pts',(11.8769645505414,8.22050169101303,2.57786040378825));
#10072=CARTESIAN_POINT('Ctrl Pts',(13.3578472827374,8.53378405459663,2.49935489341148));
#10073=CARTESIAN_POINT('Ctrl Pts',(14.436028428985,7.47138112890845,2.4208493830347));
#10074=CARTESIAN_POINT('Ctrl Pts',(14.1445144664699,5.9859984703701,2.34234387265792));
#10075=CARTESIAN_POINT('Ctrl Pts',(12.7448490013797,5.40992316072358,2.26383836228114));
#10076=CARTESIAN_POINT('Ctrl Pts',(11.492077454504,6.25948113073983,2.18533285190436));
#10077=CARTESIAN_POINT('Ctrl Pts',(11.5101190682973,7.7733752396914,2.10682734152758));
#10078=CARTESIAN_POINT('Ctrl Pts',(12.7820082978025,8.59272887272804,2.0283218311508));
#10079=CARTESIAN_POINT('Ctrl Pts',(14.1686154011861,7.98503547761135,1.94981632077402));
#10080=CARTESIAN_POINT('Ctrl Pts',(14.4233775258468,6.49064443388254,1.87131081039724));
#10081=CARTESIAN_POINT('Ctrl Pts',(13.6905629161661,5.8037976564612,1.81897380347939));
#10082=CARTESIAN_POINT('Ctrl Pts',(13.2593568547553,5.68851797975658,1.79280530002046));
#10083=CARTESIAN_POINT('Ctrl Pts',(14.0075919789731,7.94617715988464,6.00719469997954));
#10084=CARTESIAN_POINT('Ctrl Pts',(14.3188015901957,7.58484551576009,5.98102619652061));
#10085=CARTESIAN_POINT('Ctrl Pts',(14.5521528610174,6.53745354314126,5.92868918960277));
#10086=CARTESIAN_POINT('Ctrl Pts',(13.427685229742,5.37178462438171,5.85018367922597));
#10087=CARTESIAN_POINT('Ctrl Pts',(11.8379673197932,5.67011724070015,5.77167816884921));
#10088=CARTESIAN_POINT('Ctrl Pts',(11.2085662067141,7.15898173647922,5.69317265847241));
#10089=CARTESIAN_POINT('Ctrl Pts',(12.1039827839278,8.50608881259553,5.61466714809565));
#10090=CARTESIAN_POINT('Ctrl Pts',(13.7211688371112,8.50180614598148,5.53616163771886));
#10091=CARTESIAN_POINT('Ctrl Pts',(14.6098021213009,7.1507531546136,5.45765612734209));
#10092=CARTESIAN_POINT('Ctrl Pts',(13.9729307544306,5.6641856833231,5.3791506169653));
#10093=CARTESIAN_POINT('Ctrl Pts',(12.3817183944567,5.37549892125311,5.30064510658853));
#10094=CARTESIAN_POINT('Ctrl Pts',(11.2632009440481,6.54348794078206,5.22213959621174));
#10095=CARTESIAN_POINT('Ctrl Pts',(11.6204920463612,8.12072701014075,5.14363408583497));
#10096=CARTESIAN_POINT('Ctrl Pts',(13.1331642367388,8.69268254402136,5.06512857545818));
#10097=CARTESIAN_POINT('Ctrl Pts',(14.44461729265,7.7464256779373,4.98662306508141));
#10098=CARTESIAN_POINT('Ctrl Pts',(14.3787088534515,6.13057462640941,4.90811755470462));
#10099=CARTESIAN_POINT('Ctrl Pts',(12.9945472165439,5.29426685520176,4.82961204432785));
#10100=CARTESIAN_POINT('Ctrl Pts',(11.5334814227263,5.98752108567056,4.75110653395107));
#10101=CARTESIAN_POINT('Ctrl Pts',(11.3058300219322,7.58861145649027,4.67260102357429));
#10102=CARTESIAN_POINT('Ctrl Pts',(12.515756196739,8.66164153769541,4.59409551319751));
#10103=CARTESIAN_POINT('Ctrl Pts',(14.0781693921948,8.24429271108416,4.51559000282073));
#10104=CARTESIAN_POINT('Ctrl Pts',(14.5918603088413,6.71085318811367,4.43708449244395));
#10105=CARTESIAN_POINT('Ctrl Pts',(13.5961387211153,5.43654805951694,4.35857898206717));
#10106=CARTESIAN_POINT('Ctrl Pts',(11.9839914204047,5.56420442289639,4.28007347169039));
#10107=CARTESIAN_POINT('Ctrl Pts',(11.2012304328161,6.97933703556301,4.20156796131361));
#10108=CARTESIAN_POINT('Ctrl Pts',(11.9498544209629,8.412821317898,4.12306245093684));
#10109=CARTESIAN_POINT('Ctrl Pts',(13.558479594865,8.57907449142766,4.04455694056006));
#10110=CARTESIAN_POINT('Ctrl Pts',(14.5844526555644,7.32899675497245,3.96605143018327));
#10111=CARTESIAN_POINT('Ctrl Pts',(14.107656571321,5.78368754309357,3.8875459198065));
#10112=CARTESIAN_POINT('Ctrl Pts',(12.5556934052783,5.32901689338272,3.80904040942972));
#10113=CARTESIAN_POINT('Ctrl Pts',(11.3204006212912,6.37274425512499,3.73053489905294));
#10114=CARTESIAN_POINT('Ctrl Pts',(11.5096181540202,7.97883011479698,3.65202938867616));
#10115=CARTESIAN_POINT('Ctrl Pts',(12.9536512244891,8.70689849518139,3.57352387829938));
#10116=CARTESIAN_POINT('Ctrl Pts',(14.3574566398095,7.90400035580318,3.4950183679226));
#10117=CARTESIAN_POINT('Ctrl Pts',(14.4620683403947,6.2901938515617,3.41651285754582));
#10118=CARTESIAN_POINT('Ctrl Pts',(13.1736680458798,5.31277899105111,3.33800734716904));
#10119=CARTESIAN_POINT('Ctrl Pts',(11.6477238097569,5.8483247170649,3.25950183679226));
#10120=CARTESIAN_POINT('Ctrl Pts',(11.2527386236501,7.41654077565177,3.18099632641548));
#10121=CARTESIAN_POINT('Ctrl Pts',(12.3429447415065,8.61101394672076,3.1024908160387));
#10122=CARTESIAN_POINT('Ctrl Pts',(13.940619109488,8.36051185926108,3.02398530566192));
#10123=CARTESIAN_POINT('Ctrl Pts',(14.6129299338,6.88969158445448,2.94547979528514));
#10124=CARTESIAN_POINT('Ctrl Pts',(13.7569317919236,5.51761807177901,2.86697428490836));
#10125=CARTESIAN_POINT('Ctrl Pts',(12.1403062897177,5.47480265296993,2.78846877453158));
#10126=CARTESIAN_POINT('Ctrl Pts',(11.212877486986,6.79963702153908,2.70996326415481));
#10127=CARTESIAN_POINT('Ctrl Pts',(11.8063935956604,8.30399025214939,2.63145775377802));
#10128=CARTESIAN_POINT('Ctrl Pts',(13.3885596876099,8.63869922139555,2.55295224340125));
#10129=CARTESIAN_POINT('Ctrl Pts',(14.5404818577353,7.5036344060207,2.47444673302446));
#10130=CARTESIAN_POINT('Ctrl Pts',(14.229030115613,5.91666062017318,2.39594122264769));
#10131=CARTESIAN_POINT('Ctrl Pts',(12.7336360571957,5.30118526786051,2.3174357122709));
#10132=CARTESIAN_POINT('Ctrl Pts',(11.3951825663601,6.2088478289007,2.23893020189413));
#10133=CARTESIAN_POINT('Ctrl Pts',(11.4144581166567,7.82628307472434,2.16042469151735));
#10134=CARTESIAN_POINT('Ctrl Pts',(12.7733368231799,8.7016755060912,2.08191918114057));
#10135=CARTESIAN_POINT('Ctrl Pts',(14.2547794074801,8.05241958382816,2.00341367076379));
#10136=CARTESIAN_POINT('Ctrl Pts',(14.5269657098711,6.45582129410758,1.92490816038701));
#10137=CARTESIAN_POINT('Ctrl Pts',(13.7440310440028,5.72199838026388,1.87257115346916));
#10138=CARTESIAN_POINT('Ctrl Pts',(13.2833331141973,5.59883427576893,1.84640265001023));
#10139=CARTESIAN_POINT('Ctrl Pts',(14.0779321262073,8.00676009035882,6.06079204996931));
#10140=CARTESIAN_POINT('Ctrl Pts',(14.409064016875,7.62229757325675,6.03462354651039));
#10141=CARTESIAN_POINT('Ctrl Pts',(14.6573534164,6.50785614324812,5.98228653959253));
#10142=CARTESIAN_POINT('Ctrl Pts',(13.4609022808584,5.26756619383129,5.90378102921576));
#10143=CARTESIAN_POINT('Ctrl Pts',(11.7694175767662,5.58499676064844,5.82527551883897));
#10144=CARTESIAN_POINT('Ctrl Pts',(11.0997249546669,7.1691718556861,5.74677000846219));
#10145=CARTESIAN_POINT('Ctrl Pts',(12.0524621885302,8.6025148404792,5.66826449808541));
#10146=CARTESIAN_POINT('Ctrl Pts',(13.7731734263616,8.59795801626212,5.58975898770863));
#10147=CARTESIAN_POINT('Ctrl Pts',(14.7186931304219,7.16041651596515,5.51125347733186));
#10148=CARTESIAN_POINT('Ctrl Pts',(14.0410520415258,5.57868549088673,5.43274796695508));
#10149=CARTESIAN_POINT('Ctrl Pts',(12.3479772192481,5.27151826375835,5.35424245657829));
#10150=CARTESIAN_POINT('Ctrl Pts',(11.1578571691524,6.51427683665789,5.27573694620152));
#10151=CARTESIAN_POINT('Ctrl Pts',(11.5380204866118,8.19248385931309,5.19723143582474));
#10152=CARTESIAN_POINT('Ctrl Pts',(13.1475273408257,8.80105348724857,5.11872592544795));
#10153=CARTESIAN_POINT('Ctrl Pts',(14.5429338908345,7.79422139137382,5.04022041507118));
#10154=CARTESIAN_POINT('Ctrl Pts',(14.4728062813529,6.07493061617037,4.9617149046944));
#10155=CARTESIAN_POINT('Ctrl Pts',(13.0000366647007,5.18508607579106,4.88320939431762));
#10156=CARTESIAN_POINT('Ctrl Pts',(11.4454398230545,5.92271941284199,4.80470388394084));
#10157=CARTESIAN_POINT('Ctrl Pts',(11.2032151743301,7.62630459305679,4.72619837356406));
#10158=CARTESIAN_POINT('Ctrl Pts',(12.4905955359392,8.7680253713348,4.64769286318727));
#10159=CARTESIAN_POINT('Ctrl Pts',(14.1530275970276,8.32395969649666,4.56918735281051));
#10160=CARTESIAN_POINT('Ctrl Pts',(14.6996027615274,6.69235607580237,4.49068184243372));
#10161=CARTESIAN_POINT('Ctrl Pts',(13.6401394286729,5.33647550109275,4.41217633205694));
#10162=CARTESIAN_POINT('Ctrl Pts',(11.92478950223,5.47230386704687,4.33367082168016));
#10163=CARTESIAN_POINT('Ctrl Pts',(11.0919195765784,6.978027085995,4.25516531130338));
#10164=CARTESIAN_POINT('Ctrl Pts',(11.8884672012495,8.50327676831397,4.1766598009266));
#10165=CARTESIAN_POINT('Ctrl Pts',(13.6000695297158,8.68017274355101,4.09815429054983));
#10166=CARTESIAN_POINT('Ctrl Pts',(14.6917209026563,7.35007049276348,4.01964878017304));
#10167=CARTESIAN_POINT('Ctrl Pts',(14.1844024165139,5.70583733754286,3.94114326979627));
#10168=CARTESIAN_POINT('Ctrl Pts',(12.533089350059,5.22206065957215,3.86263775941949));
#10169=CARTESIAN_POINT('Ctrl Pts',(11.2187185197921,6.33260288632884,3.78413224904271));
#10170=CARTESIAN_POINT('Ctrl Pts',(11.4200489321591,8.04150334476389,3.70562673866593));
#10171=CARTESIAN_POINT('Ctrl Pts',(12.9565226899342,8.81617948148367,3.62712122828915));
#10172=CARTESIAN_POINT('Ctrl Pts',(14.4501935938575,7.96188331157636,3.54861571791237));
#10173=CARTESIAN_POINT('Ctrl Pts',(14.5615020784015,6.24476796664273,3.47011020753559));
#10174=CARTESIAN_POINT('Ctrl Pts',(13.190624026842,5.20478327768661,3.39160469715881));
#10175=CARTESIAN_POINT('Ctrl Pts',(11.5669955085078,5.77461230095243,3.31309918678203));
#10176=CARTESIAN_POINT('Ctrl Pts',(11.1467250967188,7.44321869911322,3.23459367640525));
#10177=CARTESIAN_POINT('Ctrl Pts',(12.3067214464619,8.71415682320893,3.15608816602847));
#10178=CARTESIAN_POINT('Ctrl Pts',(14.0066719462634,8.44761868670717,3.07758265565169));
#10179=CARTESIAN_POINT('Ctrl Pts',(14.7220211718098,6.8826429248224,2.99907714527492));
#10180=CARTESIAN_POINT('Ctrl Pts',(13.8112257692709,5.42273526129527,2.92057163489813));
#10181=CARTESIAN_POINT('Ctrl Pts',(12.0911109664411,5.37717898646084,2.84206612452135));
#10182=CARTESIAN_POINT('Ctrl Pts',(11.1043122242632,6.78682346229271,2.76356061414457));
#10183=CARTESIAN_POINT('Ctrl Pts',(11.7358226407793,8.38747881328574,2.68505510376779));
#10184=CARTESIAN_POINT('Ctrl Pts',(13.4192720924825,8.74361438819446,2.60654959339101));
#10185=CARTESIAN_POINT('Ctrl Pts',(14.6449352864855,7.53588768313295,2.52804408301424));
#10186=CARTESIAN_POINT('Ctrl Pts',(14.313545764756,5.84732276997625,2.44953857263746));
#10187=CARTESIAN_POINT('Ctrl Pts',(12.7224231130118,5.19244737499744,2.37103306226068));
#10188=CARTESIAN_POINT('Ctrl Pts',(11.2982876782162,6.15821452706158,2.2925275518839));
#10189=CARTESIAN_POINT('Ctrl Pts',(11.3187971650161,7.87919090975727,2.21402204150712));
#10190=CARTESIAN_POINT('Ctrl Pts',(12.7646653485573,8.81062213945437,2.13551653113034));
#10191=CARTESIAN_POINT('Ctrl Pts',(14.340943413774,8.11980369004496,2.05701102075356));
#10192=CARTESIAN_POINT('Ctrl Pts',(14.6305538938955,6.42099815433262,1.97850551037678));
#10193=CARTESIAN_POINT('Ctrl Pts',(13.7974991718395,5.64019910406656,1.92616850345893));
#10194=CARTESIAN_POINT('Ctrl Pts',(13.3073093736394,5.50915057178127,1.9));
#10195=CARTESIAN_POINT('Ctrl Pts',(13.3073093736394,5.50915057178127,1.9));
#10196=CARTESIAN_POINT('Ctrl Pts',(13.3646580404294,5.53010553858569,1.9));
#10197=CARTESIAN_POINT('Ctrl Pts',(13.4205227112115,5.55468655977953,1.9));
#10198=CARTESIAN_POINT('Ctrl Pts',(13.4746886539641,5.58261828436038,1.9));
#10199=CARTESIAN_POINT('Ctrl Pts',(13.5249177836589,5.60851991452271,1.9));
#10200=CARTESIAN_POINT('Ctrl Pts',(13.5736863340973,5.6373040099182,1.9));
#10201=CARTESIAN_POINT('Ctrl Pts',(13.620795672235,5.66878092966946,1.9));
#10202=CARTESIAN_POINT('Ctrl Pts',(13.632163916882,5.67637681911752,1.9));
#10203=CARTESIAN_POINT('Ctrl Pts',(13.6434356927335,5.6841299870317,1.9));
#10204=CARTESIAN_POINT('Ctrl Pts',(13.6545956501758,5.69202880351012,1.9));
#10205=CARTESIAN_POINT('Ctrl Pts',(13.7037188373355,5.7267973088757,1.9));
#10206=CARTESIAN_POINT('Ctrl Pts',(13.7507393387723,5.76442478457616,1.9));
#10207=CARTESIAN_POINT('Ctrl Pts',(13.7954275948685,5.80466682550913,1.9));
#10208=CARTESIAN_POINT('Ctrl Pts',(13.8230110012424,5.82950584733139,1.9));
#10209=CARTESIAN_POINT('Ctrl Pts',(13.8497051138516,5.85534170352089,1.9));
#10210=CARTESIAN_POINT('Ctrl Pts',(13.8754474565989,5.88212208371369,1.9));
#10211=CARTESIAN_POINT('Ctrl Pts',(13.8842581944055,5.89128810681257,1.9));
#10212=CARTESIAN_POINT('Ctrl Pts',(13.8929573744514,5.90056480364442,1.9));
#10213=CARTESIAN_POINT('Ctrl Pts',(13.9015422930885,5.90995014978266,1.9));
#10214=CARTESIAN_POINT('Ctrl Pts',(13.9095695323914,5.91872582053466,1.9));
#10215=CARTESIAN_POINT('Ctrl Pts',(13.9174917147959,5.9275909141569,1.9));
#10216=CARTESIAN_POINT('Ctrl Pts',(13.9253031299403,5.936538871422,1.9));
#10217=CARTESIAN_POINT('Ctrl Pts',(13.9639760745349,5.98083863646453,1.9));
#10218=CARTESIAN_POINT('Ctrl Pts',(13.9999697046886,6.02720222752809,1.9));
#10219=CARTESIAN_POINT('Ctrl Pts',(14.0330687330016,6.07540091228172,1.9));
#10220=CARTESIAN_POINT('Ctrl Pts',(14.0653210999173,6.12236669178517,1.9));
#10221=CARTESIAN_POINT('Ctrl Pts',(14.0948254255908,6.17107579619163,1.9));
#10222=CARTESIAN_POINT('Ctrl Pts',(14.1213368683771,6.22133470315663,1.9));
#10223=CARTESIAN_POINT('Ctrl Pts',(14.135710730739,6.24858386560304,1.9));
#10224=CARTESIAN_POINT('Ctrl Pts',(14.1492039921585,6.27628883524992,1.9));
#10225=CARTESIAN_POINT('Ctrl Pts',(14.1617712205714,6.30441969685707,1.9));
#10226=CARTESIAN_POINT('Ctrl Pts',(14.1722268221492,6.32782382952205,1.9));
#10227=CARTESIAN_POINT('Ctrl Pts',(14.1820413675239,6.35152277524615,1.9));
#10228=CARTESIAN_POINT('Ctrl Pts',(14.1911860751024,6.37549930461149,1.9));
#10229=CARTESIAN_POINT('Ctrl Pts',(14.1950970374895,6.3857534656894,1.9));
#10230=CARTESIAN_POINT('Ctrl Pts',(14.1988857794212,6.39605966311103,1.9));
#10231=CARTESIAN_POINT('Ctrl Pts',(14.2025442726279,6.40639958544437,1.9));
#10232=CARTESIAN_POINT('Ctrl Pts',(14.2194716537304,6.45424108630802,1.9));
#10233=CARTESIAN_POINT('Ctrl Pts',(14.2336456259597,6.50288537088118,1.9));
#10234=CARTESIAN_POINT('Ctrl Pts',(14.2449000098317,6.5521899061014,1.9));
#10235=CARTESIAN_POINT('Ctrl Pts',(14.2574767665344,6.6072876485329,1.9));
#10236=CARTESIAN_POINT('Ctrl Pts',(14.2664082300473,6.66321085369133,1.9));
#10237=CARTESIAN_POINT('Ctrl Pts',(14.2717844373931,6.71962266112185,1.9));
#10238=CARTESIAN_POINT('Ctrl Pts',(14.2763466559505,6.76749339566901,1.9));
#10239=CARTESIAN_POINT('Ctrl Pts',(14.2783476038901,6.81571643151144,1.9));
#10240=CARTESIAN_POINT('Ctrl Pts',(14.2778138562884,6.8640782720163,1.9));
#10241=CARTESIAN_POINT('Ctrl Pts',(14.2776671407336,6.87737188539593,1.9));
#10242=CARTESIAN_POINT('Ctrl Pts',(14.2773287665562,6.89067591768984,1.9));
#10243=CARTESIAN_POINT('Ctrl Pts',(14.2767989706137,6.9039857548819,1.9));
#10244=CARTESIAN_POINT('Ctrl Pts',(14.2763863611549,6.91435156609165,1.9));
#10245=CARTESIAN_POINT('Ctrl Pts',(14.2758574469666,6.92472268020573,1.9));
#10246=CARTESIAN_POINT('Ctrl Pts',(14.2752135915819,6.9350800135262,1.9));
#10247=CARTESIAN_POINT('Ctrl Pts',(14.2717689135197,6.99049257932335,1.9));
#10248=CARTESIAN_POINT('Ctrl Pts',(14.2650356370533,7.0456145265764,1.9));
#10249=CARTESIAN_POINT('Ctrl Pts',(14.2551085889568,7.10013050326804,1.9));
#10250=CARTESIAN_POINT('Ctrl Pts',(14.2452373415724,7.1543400413998,1.9));
#10251=CARTESIAN_POINT('Ctrl Pts',(14.2322076387816,7.20795149688149,1.9));
#10252=CARTESIAN_POINT('Ctrl Pts',(14.2160658190905,7.26063486628656,1.9));
#10253=CARTESIAN_POINT('Ctrl Pts',(14.2010888727499,7.30951634382247,1.9));
#10254=CARTESIAN_POINT('Ctrl Pts',(14.183432045398,7.35759932248265,1.9));
#10255=CARTESIAN_POINT('Ctrl Pts',(14.1631012059265,7.40459259014641,1.9));
#10256=CARTESIAN_POINT('Ctrl Pts',(14.1578788986866,7.41666357630973,1.9));
#10257=CARTESIAN_POINT('Ctrl Pts',(14.1524779588406,7.4286665465509,1.9));
#10258=CARTESIAN_POINT('Ctrl Pts',(14.1469108228978,7.44057025658774,1.9));
#10259=CARTESIAN_POINT('Ctrl Pts',(14.124408233421,7.48868553578438,1.9));
#10260=CARTESIAN_POINT('Ctrl Pts',(14.0991622862346,7.53525923669189,1.9));
#10261=CARTESIAN_POINT('Ctrl Pts',(14.0712247888699,7.57999523126204,1.9));
#10262=CARTESIAN_POINT('Ctrl Pts',(14.0442367952946,7.62321079628868,1.9));
#10263=CARTESIAN_POINT('Ctrl Pts',(14.0147365211726,7.66471209892028,1.9));
#10264=CARTESIAN_POINT('Ctrl Pts',(13.9827374150365,7.70419798395362,1.9));
#10265=CARTESIAN_POINT('Ctrl Pts',(13.9603441268929,7.73183059335835,1.9));
#10266=CARTESIAN_POINT('Ctrl Pts',(13.9367263926447,7.75847549200033,1.9));
#10267=CARTESIAN_POINT('Ctrl Pts',(13.9118807310834,7.78401646903768,1.9));
#10268=CARTESIAN_POINT('Ctrl Pts',(13.8978684437149,7.7984208957034,1.9));
#10269=CARTESIAN_POINT('Ctrl Pts',(13.8834654490829,7.8124739680959,1.9));
#10270=CARTESIAN_POINT('Ctrl Pts',(13.8686881778562,7.82616719850977,1.9));
#10271=CARTESIAN_POINT('Ctrl Pts',(11.6447792210254,6.99873059911968,5.09341967361942));
#10272=CARTESIAN_POINT('Ctrl Pts',(11.6438236637932,6.88463597259715,5.10059474782369));
#10273=CARTESIAN_POINT('Ctrl Pts',(11.6580322867828,6.77077518361779,5.10776982202795));
#10274=CARTESIAN_POINT('Ctrl Pts',(11.6883649810154,6.66138569069336,5.11494489623221));
#10275=CARTESIAN_POINT('Ctrl Pts',(11.7989925775177,6.26242684476778,5.14111339969114));
#10276=CARTESIAN_POINT('Ctrl Pts',(12.1240966611958,5.9229435405052,5.16728190315006));
#10277=CARTESIAN_POINT('Ctrl Pts',(12.5178966089293,5.79515619369945,5.19345040660898));
#10278=CARTESIAN_POINT('Ctrl Pts',(12.9116965566627,5.6673688468937,5.21961891006791));
#10279=CARTESIAN_POINT('Ctrl Pts',(13.3741923684515,5.75127745754478,5.24578741352684));
#10280=CARTESIAN_POINT('Ctrl Pts',(13.6979955948156,6.00927182348942,5.27195591698577));
#10281=CARTESIAN_POINT('Ctrl Pts',(14.0217988211798,6.26726618943407,5.2981244204447));
#10282=CARTESIAN_POINT('Ctrl Pts',(14.2069094621193,6.69934631067228,5.32429292390361));
#10283=CARTESIAN_POINT('Ctrl Pts',(14.170321375181,7.11173236687634,5.35046142736254));
#10284=CARTESIAN_POINT('Ctrl Pts',(14.1337332882427,7.5241184230804,5.37662993082147));
#10285=CARTESIAN_POINT('Ctrl Pts',(13.8754464734264,7.9168104142503,5.4027984342804));
#10286=CARTESIAN_POINT('Ctrl Pts',(13.5112804520371,8.11377880173658,5.42896693773933));
#10287=CARTESIAN_POINT('Ctrl Pts',(13.1471144306478,8.31074718922287,5.45513544119825));
#10288=CARTESIAN_POINT('Ctrl Pts',(12.6770692026855,8.31199197302553,5.48130394465718));
#10289=CARTESIAN_POINT('Ctrl Pts',(12.3119173780518,8.11684182179974,5.5074724481161));
#10290=CARTESIAN_POINT('Ctrl Pts',(11.9467655534182,7.92169167057395,5.53364095157503));
#10291=CARTESIAN_POINT('Ctrl Pts',(11.6865071321134,7.53014658431971,5.55980945503396));
#10292=CARTESIAN_POINT('Ctrl Pts',(11.6478476039674,7.1180001583156,5.58597795849288));
#10293=CARTESIAN_POINT('Ctrl Pts',(11.644182979739,7.07893186517259,5.58845853020173));
#10294=CARTESIAN_POINT('Ctrl Pts',(11.6425095486443,7.03967845717783,5.59093910191057));
#10295=CARTESIAN_POINT('Ctrl Pts',(11.6427574338851,7.00040485189237,5.59341967361942));
#10296=CARTESIAN_POINT('Ctrl Pts',(12.5102816899249,5.50915057178127,5.9));
#10297=CARTESIAN_POINT('Ctrl Pts',(12.0200918917248,5.64019910406657,5.87383149654107));
#10298=CARTESIAN_POINT('Ctrl Pts',(11.1870365603091,6.42099444257641,5.82149448962323));
#10299=CARTESIAN_POINT('Ctrl Pts',(11.4766481843888,8.11980563453987,5.74298897924644));
#10300=CARTESIAN_POINT('Ctrl Pts',(13.0529256308836,8.81062065979096,5.66448346886967));
#10301=CARTESIAN_POINT('Ctrl Pts',(14.4987936470488,7.87919151631933,5.58597795849287));
#10302=CARTESIAN_POINT('Ctrl Pts',(14.5193032142533,6.15821421679616,5.50747244811611));
#10303=CARTESIAN_POINT('Ctrl Pts',(13.0951678804702,5.19244787096046,5.42896693773932));
#10304=CARTESIAN_POINT('Ctrl Pts',(11.5040455248153,5.84732278820901,5.35046142736254));
#10305=CARTESIAN_POINT('Ctrl Pts',(11.1726559953925,7.53588768881952,5.27195591698577));
#10306=CARTESIAN_POINT('Ctrl Pts',(12.3983190549716,8.74361410279464,5.19345040660898));
#10307=CARTESIAN_POINT('Ctrl Pts',(14.0817682527066,8.38747864667286,5.11494489623221));
#10308=CARTESIAN_POINT('Ctrl Pts',(14.7132785951031,6.78682347788171,5.03643938585542));
#10309=CARTESIAN_POINT('Ctrl Pts',(13.726479981425,5.37717921803152,4.95793387547866));
#10310=CARTESIAN_POINT('Ctrl Pts',(12.0063654204836,5.4227354747897,4.87942836510186));
#10311=CARTESIAN_POINT('Ctrl Pts',(11.095570141092,6.88264294327663,4.80092285472509));
#10312=CARTESIAN_POINT('Ctrl Pts',(11.8109192693579,8.44761848563014,4.72241734434831));
#10313=CARTESIAN_POINT('Ctrl Pts',(13.5108695337087,8.71415658726358,4.64391183397153));
#10314=CARTESIAN_POINT('Ctrl Pts',(14.6708657238019,7.44321863754497,4.56540632359475));
#10315=CARTESIAN_POINT('Ctrl Pts',(14.2505953697665,5.77461247025471,4.48690081321797));
#10316=CARTESIAN_POINT('Ctrl Pts',(12.6269670756708,5.20478352533413,4.40839530284119));
#10317=CARTESIAN_POINT('Ctrl Pts',(11.2560892132476,6.24476807091217,4.32988979246441));
#10318=CARTESIAN_POINT('Ctrl Pts',(11.3673976824705,7.96188317875561,4.25138428208763));
#10319=CARTESIAN_POINT('Ctrl Pts',(12.8610683802095,8.81617923079752,4.17287877171085));
#10320=CARTESIAN_POINT('Ctrl Pts',(14.3975419259278,8.04150320097557,4.09437326133408));
#10321=CARTESIAN_POINT('Ctrl Pts',(14.5988723104997,6.33260297842253,4.01586775095729));
#10322=CARTESIAN_POINT('Ctrl Pts',(13.2845016616503,5.22206090493869,3.93736224058052));
#10323=CARTESIAN_POINT('Ctrl Pts',(11.6331888231131,5.70583751614204,3.85885673020373));
#10324=CARTESIAN_POINT('Ctrl Pts',(11.1258704069938,7.3500704444158,3.78035121982696));
#10325=CARTESIAN_POINT('Ctrl Pts',(12.2175216292599,8.68017251162357,3.70184570945018));
#10326=CARTESIAN_POINT('Ctrl Pts',(13.9291237214864,8.50327656079366,3.62334019907339));
#10327=CARTESIAN_POINT('Ctrl Pts',(14.7256712362132,6.97802708901002,3.54483468869662));
#10328=CARTESIAN_POINT('Ctrl Pts',(13.892801425521,5.4723040778587,3.46632917831984));
#10329=CARTESIAN_POINT('Ctrl Pts',(12.1774517358287,5.33647573070419,3.38782366794306));
#10330=CARTESIAN_POINT('Ctrl Pts',(11.1179885492199,6.69235611817409,3.30931815756627));
#10331=CARTESIAN_POINT('Ctrl Pts',(11.6645636382507,8.32395951384784,3.2308126471895));
#10332=CARTESIAN_POINT('Ctrl Pts',(13.3269954699407,8.76802512706418,3.15230713681273));
#10333=CARTESIAN_POINT('Ctrl Pts',(14.6143756537528,7.62630450697892,3.07380162643594));
#10334=CARTESIAN_POINT('Ctrl Pts',(14.3721510386709,5.92271956078048,2.99529611605916));
#10335=CARTESIAN_POINT('Ctrl Pts',(12.8175544111891,5.18508632758736,2.91679060568238));
#10336=CARTESIAN_POINT('Ctrl Pts',(11.3447849985999,6.07493074141324,2.8382850953056));
#10337=CARTESIAN_POINT('Ctrl Pts',(11.274657397275,7.79422128609683,2.75977958492882));
#10338=CARTESIAN_POINT('Ctrl Pts',(12.6700637576325,8.80105323074622,2.68127407455204));
#10339=CARTESIAN_POINT('Ctrl Pts',(14.2795703839916,8.19248370884125,2.60276856417527));
#10340=CARTESIAN_POINT('Ctrl Pts',(14.6597336600238,6.51427687847498,2.52426305379848));
#10341=CARTESIAN_POINT('Ctrl Pts',(13.4696137528138,5.27151854680936,2.44575754342171));
#10342=CARTESIAN_POINT('Ctrl Pts',(11.7765392056027,5.57868560919733,2.36725203304492));
#10343=CARTESIAN_POINT('Ctrl Pts',(11.0988981301316,7.16041662824549,2.28874652266815));
#10344=CARTESIAN_POINT('Ctrl Pts',(12.0444178587536,8.59795756703388,2.21024101229137));
#10345=CARTESIAN_POINT('Ctrl Pts',(13.7651285588655,8.60251500040238,2.13173550191459));
#10346=CARTESIAN_POINT('Ctrl Pts',(14.7178662428872,7.16917121286707,2.05322999153781));
#10347=CARTESIAN_POINT('Ctrl Pts',(14.0481725835856,5.58499793567519,1.97472448116103));
#10348=CARTESIAN_POINT('Ctrl Pts',(12.3566903199874,5.26756488860285,1.89621897078425));
#10349=CARTESIAN_POINT('Ctrl Pts',(11.1602350523583,6.50785886637787,1.81771346040747));
#10350=CARTESIAN_POINT('Ctrl Pts',(11.4085270466893,7.62229757325678,1.76537645348962));
#10351=CARTESIAN_POINT('Ctrl Pts',(11.739658937357,8.00676009035884,1.73920795003069));
#10352=CARTESIAN_POINT('Ctrl Pts',(12.5342579493669,5.59883427576893,5.95359734998977));
#10353=CARTESIAN_POINT('Ctrl Pts',(12.0735600195615,5.72199838026389,5.92742884653084));
#10354=CARTESIAN_POINT('Ctrl Pts',(11.2906247809951,6.45581780566616,5.87509183961299));
#10355=CARTESIAN_POINT('Ctrl Pts',(11.5628121585191,8.05242141133411,5.79658632923621));
#10356=CARTESIAN_POINT('Ctrl Pts',(13.0442541613222,8.70167411545054,5.71808081885943));
#10357=CARTESIAN_POINT('Ctrl Pts',(14.4031327105394,7.82628364479309,5.63957530848266));
#10358=CARTESIAN_POINT('Ctrl Pts',(14.4224083364032,6.20884753730214,5.56106979810587));
#10359=CARTESIAN_POINT('Ctrl Pts',(13.0839549405027,5.30118573398432,5.48256428772909));
#10360=CARTESIAN_POINT('Ctrl Pts',(11.5885611603608,5.91666063730897,5.40405877735231));
#10361=CARTESIAN_POINT('Ctrl Pts',(11.2771094110081,7.50363441136514,5.32555326697554));
#10362=CARTESIAN_POINT('Ctrl Pts',(12.429031454797,8.63869895316656,5.24704775659875));
#10363=CARTESIAN_POINT('Ctrl Pts',(14.0111973080582,8.30399009556065,5.16854224622198));
#10364=CARTESIAN_POINT('Ctrl Pts',(14.6047133470722,6.79963703619017,5.0900367358452));
#10365=CARTESIAN_POINT('Ctrl Pts',(13.6772846651093,5.47480287060835,5.01153122546842));
#10366=CARTESIAN_POINT('Ctrl Pts',(12.0606593902388,5.51761827242871,4.93302571509164));
#10367=CARTESIAN_POINT('Ctrl Pts',(11.2046613641007,6.88969160179843,4.85452020471486));
#10368=CARTESIAN_POINT('Ctrl Pts',(11.8769720969848,8.36051167028166,4.77601469433808));
#10369=CARTESIAN_POINT('Ctrl Pts',(13.4746462436814,8.61101372497088,4.6975091839613));
#10370=CARTESIAN_POINT('Ctrl Pts',(14.564852211493,7.41654071778771,4.61900367358452));
#10371=CARTESIAN_POINT('Ctrl Pts',(14.1698670796653,5.84832487618126,4.54049816320774));
#10372=CARTESIAN_POINT('Ctrl Pts',(12.6439230542897,5.3127792237991,4.46199265283096));
#10373=CARTESIAN_POINT('Ctrl Pts',(11.3555229375318,6.29019394955787,4.38348714245418));
#10374=CARTESIAN_POINT('Ctrl Pts',(11.4601346237178,7.90400023097346,4.30498163207741));
#10375=CARTESIAN_POINT('Ctrl Pts',(12.8639398452587,8.70689825957758,4.22647612170062));
#10376=CARTESIAN_POINT('Ctrl Pts',(14.3079727164291,7.97882997965955,4.14797061132384));
#10377=CARTESIAN_POINT('Ctrl Pts',(14.4971902230352,6.37274434167794,4.06946510094706));
#10378=CARTESIAN_POINT('Ctrl Pts',(13.2618976095509,5.32901712398697,3.99095959057029));
#10379=CARTESIAN_POINT('Ctrl Pts',(11.7099346577133,5.78368771094749,3.91245408019351));
#10380=CARTESIAN_POINT('Ctrl Pts',(11.2331386392802,7.32899670953356,3.83394856981673));
#10381=CARTESIAN_POINT('Ctrl Pts',(12.2591115583704,8.57907427345395,3.75544305943995));
#10382=CARTESIAN_POINT('Ctrl Pts',(13.8677365102459,8.41282112286297,3.67693754906316));
#10383=CARTESIAN_POINT('Ctrl Pts',(14.6163603950631,6.97933703839664,3.59843203868639));
#10384=CARTESIAN_POINT('Ctrl Pts',(13.8335995155175,5.56420462102488,3.5199265283096));
#10385=CARTESIAN_POINT('Ctrl Pts',(12.2214524373135,5.436548275314,3.44142101793283));
#10386=CARTESIAN_POINT('Ctrl Pts',(11.2257309870345,6.71085322793611,3.36291550755605));
#10387=CARTESIAN_POINT('Ctrl Pts',(11.7394218327524,8.24429253942429,3.28440999717927));
#10388=CARTESIAN_POINT('Ctrl Pts',(13.3018348126115,8.66164130812112,3.20590448680249));
#10389=CARTESIAN_POINT('Ctrl Pts',(14.5117608203182,7.58861137559122,3.12739897642571));
#10390=CARTESIAN_POINT('Ctrl Pts',(14.2841094511426,5.98752122470844,3.04889346604893));
#10391=CARTESIAN_POINT('Ctrl Pts',(12.8230438586043,5.29426709184896,2.97038795567215));
#10392=CARTESIAN_POINT('Ctrl Pts',(11.4388824134824,6.13057474411713,2.89188244529537));
#10393=CARTESIAN_POINT('Ctrl Pts',(11.37297398195,7.74642557899423,2.81337693491859));
#10394=CARTESIAN_POINT('Ctrl Pts',(12.6844268596201,8.69268230295125,2.73487142454182));
#10395=CARTESIAN_POINT('Ctrl Pts',(14.1970988358515,8.12072686872194,2.65636591416503));
#10396=CARTESIAN_POINT('Ctrl Pts',(14.5543898992298,6.54348798008324,2.57786040378825));
#10397=CARTESIAN_POINT('Ctrl Pts',(13.4358725831103,5.37549918727459,2.49935489341148));
#10398=CARTESIAN_POINT('Ctrl Pts',(11.8446604816539,5.66418579451563,2.42084938303469));
#10399=CARTESIAN_POINT('Ctrl Pts',(11.2077891274009,7.1507532601387,2.34234387265792));
#10400=CARTESIAN_POINT('Ctrl Pts',(12.0964224346747,8.50180572378068,2.26383836228113));
#10401=CARTESIAN_POINT('Ctrl Pts',(13.7136079824899,8.50608896289707,2.18533285190436));
#10402=CARTESIAN_POINT('Ctrl Pts',(14.6090249827786,7.15898113233487,2.10682734152758));
#10403=CARTESIAN_POINT('Ctrl Pts',(13.9796228948997,5.67011834503238,2.0283218311508));
#10404=CARTESIAN_POINT('Ctrl Pts',(12.3899072786145,5.37178339768127,1.94981632077402));
#10405=CARTESIAN_POINT('Ctrl Pts',(11.2654357638553,6.53745610243613,1.87131081039724));
#10406=CARTESIAN_POINT('Ctrl Pts',(11.4987894733686,7.58484551576011,1.81897380347939));
#10407=CARTESIAN_POINT('Ctrl Pts',(11.8099990845912,7.94617715988466,1.79280530002046));
#10408=CARTESIAN_POINT('Ctrl Pts',(12.558234208809,5.68851797975658,6.00719469997954));
#10409=CARTESIAN_POINT('Ctrl Pts',(12.1270281473981,5.80379765646121,5.98102619652061));
#10410=CARTESIAN_POINT('Ctrl Pts',(11.394213001681,6.49064116875589,5.92868918960276));
#10411=CARTESIAN_POINT('Ctrl Pts',(11.6489761326494,7.98503718812837,5.85018367922599));
#10412=CARTESIAN_POINT('Ctrl Pts',(13.0355826917608,8.5927275711101,5.7716781688492));
#10413=CARTESIAN_POINT('Ctrl Pts',(14.3074717740301,7.77337577326685,5.69317265847242));
#10414=CARTESIAN_POINT('Ctrl Pts',(14.3255134585531,6.25948085780813,5.61466714809565));
#10415=CARTESIAN_POINT('Ctrl Pts',(13.0727420005352,5.40992359700818,5.53616163771886));
#10416=CARTESIAN_POINT('Ctrl Pts',(11.6730767959064,5.98599848640894,5.45765612734208));
#10417=CARTESIAN_POINT('Ctrl Pts',(11.3815628266237,7.47138113391076,5.37915061696531));
#10418=CARTESIAN_POINT('Ctrl Pts',(12.4597438546224,8.5337838035385,5.30064510658852));
#10419=CARTESIAN_POINT('Ctrl Pts',(13.9406263634098,8.22050154444841,5.22213959621175));
#10420=CARTESIAN_POINT('Ctrl Pts',(14.4961480990414,6.81245059449865,5.14363408583497));
#10421=CARTESIAN_POINT('Ctrl Pts',(13.6280893487935,5.57242652318518,5.06512857545819));
#10422=CARTESIAN_POINT('Ctrl Pts',(12.114953359994,5.61250107006774,4.9866230650814));
#10423=CARTESIAN_POINT('Ctrl Pts',(11.3137525871094,6.89674026032022,4.90811755470463));
#10424=CARTESIAN_POINT('Ctrl Pts',(11.9430249246118,8.2734048549332,4.82961204432785));
#10425=CARTESIAN_POINT('Ctrl Pts',(13.438422953654,8.50787086267816,4.75110653395107));
#10426=CARTESIAN_POINT('Ctrl Pts',(14.4588386991842,7.38986279803045,4.67260102357429));
#10427=CARTESIAN_POINT('Ctrl Pts',(14.089138789564,5.92203728210782,4.59409551319751));
#10428=CARTESIAN_POINT('Ctrl Pts',(12.6608790329086,5.42077492226408,4.51559000282073));
#10429=CARTESIAN_POINT('Ctrl Pts',(11.4549566618161,6.33561982820356,4.43708449244395));
#10430=CARTESIAN_POINT('Ctrl Pts',(11.5528715649649,7.84611728319133,4.35857898206718));
#10431=CARTESIAN_POINT('Ctrl Pts',(12.866811310308,8.59761728835762,4.28007347169039));
#10432=CARTESIAN_POINT('Ctrl Pts',(14.2184035069304,7.91615675834356,4.20156796131362));
#10433=CARTESIAN_POINT('Ctrl Pts',(14.3955081355708,6.41288570493333,4.12306245093683));
#10434=CARTESIAN_POINT('Ctrl Pts',(13.2392935574515,5.43597334303526,4.04455694056006));
#10435=CARTESIAN_POINT('Ctrl Pts',(11.7866804923135,5.86153790575292,3.96605143018328));
#10436=CARTESIAN_POINT('Ctrl Pts',(11.3404068715665,7.30792297465133,3.88754591980649));
#10437=CARTESIAN_POINT('Ctrl Pts',(12.3007014874808,8.47797603528432,3.80904040942972));
#10438=CARTESIAN_POINT('Ctrl Pts',(13.8063492990053,8.3223656849323,3.73053489905293));
#10439=CARTESIAN_POINT('Ctrl Pts',(14.5070495539129,6.98064698778326,3.65202938867616));
#10440=CARTESIAN_POINT('Ctrl Pts',(13.774397605514,5.65610516419107,3.57352387829937));
#10441=CARTESIAN_POINT('Ctrl Pts',(12.2654531387983,5.53662081992381,3.49501836792261));
#10442=CARTESIAN_POINT('Ctrl Pts',(11.333473424849,6.72935033769816,3.41651285754582));
#10443=CARTESIAN_POINT('Ctrl Pts',(11.8142800272541,8.16462556500071,3.33800734716904));
#10444=CARTESIAN_POINT('Ctrl Pts',(13.2766741552822,8.55525748917806,3.25950183679226));
#10445=CARTESIAN_POINT('Ctrl Pts',(14.4091459868836,7.55091824420352,3.18099632641548));
#10446=CARTESIAN_POINT('Ctrl Pts',(14.1960678636143,6.0523228886364,3.1024908160387));
#10447=CARTESIAN_POINT('Ctrl Pts',(12.8285333060196,5.40344785611054,3.02398530566192));
#10448=CARTESIAN_POINT('Ctrl Pts',(11.532979828365,6.18621874682102,2.94547979528514));
#10449=CARTESIAN_POINT('Ctrl Pts',(11.4712905666249,7.69862987189161,2.86697428490836));
#10450=CARTESIAN_POINT('Ctrl Pts',(12.6987899616077,8.58431137515629,2.78846877453158));
#10451=CARTESIAN_POINT('Ctrl Pts',(14.1146272877115,8.0489700286026,2.7099632641548));
#10452=CARTESIAN_POINT('Ctrl Pts',(14.4490461384358,6.57269908169152,2.63145775377802));
#10453=CARTESIAN_POINT('Ctrl Pts',(13.4021314134069,5.4794798277398,2.55295224340124));
#10454=CARTESIAN_POINT('Ctrl Pts',(11.9127817577051,5.74968597983397,2.47444673302447));
#10455=CARTESIAN_POINT('Ctrl Pts',(11.3166801246702,7.14108989203187,2.39594122264769));
#10456=CARTESIAN_POINT('Ctrl Pts',(12.1484270105957,8.40565388052752,2.31743571227091));
#10457=CARTESIAN_POINT('Ctrl Pts',(13.6620874061143,8.40966292539172,2.23893020189413));
#10458=CARTESIAN_POINT('Ctrl Pts',(14.50018372267,7.14879105180269,2.16042469151735));
#10459=CARTESIAN_POINT('Ctrl Pts',(13.9110732062137,5.75523875438955,2.08191918114057));
#10460=CARTESIAN_POINT('Ctrl Pts',(12.4231242372416,5.47600190675972,2.00341367076379));
#10461=CARTESIAN_POINT('Ctrl Pts',(11.3706364753523,6.56705333849439,1.92490816038701));
#10462=CARTESIAN_POINT('Ctrl Pts',(11.5890519000478,7.54739345826345,1.87257115346916));
#10463=CARTESIAN_POINT('Ctrl Pts',(11.8803392318255,7.88559422941047,1.84640265001023));
#10464=CARTESIAN_POINT('Ctrl Pts',(12.582210468251,5.77820168374424,6.06079204996931));
#10465=CARTESIAN_POINT('Ctrl Pts',(12.1804962752348,5.88559693265853,6.03462354651039));
#10466=CARTESIAN_POINT('Ctrl Pts',(11.4978012223669,6.52546453184563,5.98228653959254));
#10467=CARTESIAN_POINT('Ctrl Pts',(11.7351401067796,7.91765296492263,5.90378102921575));
#10468=CARTESIAN_POINT('Ctrl Pts',(13.0269112221994,8.48378102676967,5.82527551883898));
#10469=CARTESIAN_POINT('Ctrl Pts',(14.2118108375208,7.7204679017406,5.74677000846219));
#10470=CARTESIAN_POINT('Ctrl Pts',(14.228618580703,6.31011417831411,5.66826449808542));
#10471=CARTESIAN_POINT('Ctrl Pts',(13.0615290605676,5.51866146003204,5.58975898770863));
#10472=CARTESIAN_POINT('Ctrl Pts',(11.7575924314519,6.0553363355089,5.51125347733186));
#10473=CARTESIAN_POINT('Ctrl Pts',(11.4860162422393,7.4391278564564,5.43274796695508));
#10474=CARTESIAN_POINT('Ctrl Pts',(12.4904562544478,8.42886865391042,5.3542424565783));
#10475=CARTESIAN_POINT('Ctrl Pts',(13.8700554187614,8.13701299333621,5.27573694620152));
#10476=CARTESIAN_POINT('Ctrl Pts',(14.3875828510105,6.82526415280711,5.19723143582474));
#10477=CARTESIAN_POINT('Ctrl Pts',(13.5788940324778,5.67005017576202,5.11872592544796));
#10478=CARTESIAN_POINT('Ctrl Pts',(12.1692473297491,5.70738386770674,5.04022041507118));
#10479=CARTESIAN_POINT('Ctrl Pts',(11.4228438101181,6.90378891884203,4.9617149046944));
#10480=CARTESIAN_POINT('Ctrl Pts',(12.0090777522387,8.18629803958472,4.88320939431762));
#10481=CARTESIAN_POINT('Ctrl Pts',(13.4021996636267,8.40472800038546,4.80470388394084));
#10482=CARTESIAN_POINT('Ctrl Pts',(14.3528251868754,7.3631848782732,4.72619837356406));
#10483=CARTESIAN_POINT('Ctrl Pts',(14.0084104994628,5.99574968803437,4.64769286318728));
#10484=CARTESIAN_POINT('Ctrl Pts',(12.6778350115275,5.52877062072905,4.56918735281051));
#10485=CARTESIAN_POINT('Ctrl Pts',(11.5543903861004,6.38104570684925,4.49068184243372));
#10486=CARTESIAN_POINT('Ctrl Pts',(11.6456085062122,7.78823433540919,4.41217633205695));
#10487=CARTESIAN_POINT('Ctrl Pts',(12.8696827753572,8.48833631713766,4.33367082168016));
#10488=CARTESIAN_POINT('Ctrl Pts',(14.1288342974317,7.85348353702757,4.25516531130339));
#10489=CARTESIAN_POINT('Ctrl Pts',(14.2938260481064,6.45302706818874,4.1766598009266));
#10490=CARTESIAN_POINT('Ctrl Pts',(13.216689505352,5.54292956208355,4.09815429054983));
#10491=CARTESIAN_POINT('Ctrl Pts',(11.8634263269137,5.93938810055836,4.01964878017304));
#10492=CARTESIAN_POINT('Ctrl Pts',(11.4476751038529,7.2868492397691,3.94114326979627));
#10493=CARTESIAN_POINT('Ctrl Pts',(12.3422914165913,8.37687779711468,3.86263775941949));
#10494=CARTESIAN_POINT('Ctrl Pts',(13.7449620877647,8.23191024700163,3.7841322490427));
#10495=CARTESIAN_POINT('Ctrl Pts',(14.3977387127628,6.98195693716987,3.70562673866593));
#10496=CARTESIAN_POINT('Ctrl Pts',(13.7151956955105,5.74800570735726,3.62712122828915));
#10497=CARTESIAN_POINT('Ctrl Pts',(12.3094538402831,5.63669336453363,3.54861571791237));
#10498=CARTESIAN_POINT('Ctrl Pts',(11.4412158626636,6.74784744746018,3.47011020753559));
#10499=CARTESIAN_POINT('Ctrl Pts',(11.8891382217558,8.08495859057715,3.39160469715881));
#10500=CARTESIAN_POINT('Ctrl Pts',(13.2515134979529,8.44887367023499,3.31309918678203));
#10501=CARTESIAN_POINT('Ctrl Pts',(14.306531153449,7.51322511281582,3.23459367640525));
#10502=CARTESIAN_POINT('Ctrl Pts',(14.108026276086,6.11712455256438,3.15608816602847));
#10503=CARTESIAN_POINT('Ctrl Pts',(12.8340227534348,5.51262862037212,3.07758265565169));
#10504=CARTESIAN_POINT('Ctrl Pts',(11.6270772432475,6.24186274952494,2.99907714527491));
#10505=CARTESIAN_POINT('Ctrl Pts',(11.5696071512998,7.65083416478898,2.92057163489813));
#10506=CARTESIAN_POINT('Ctrl Pts',(12.7131530635953,8.47594044736133,2.84206612452135));
#10507=CARTESIAN_POINT('Ctrl Pts',(14.0321557395714,7.97721318848328,2.76356061414458));
#10508=CARTESIAN_POINT('Ctrl Pts',(14.3437023776418,6.60191018329979,2.68505510376779));
#10509=CARTESIAN_POINT('Ctrl Pts',(13.3683902437034,5.58346046820503,2.60654959339102));
#10510=CARTESIAN_POINT('Ctrl Pts',(11.9809030337563,5.83518616515228,2.52804408301424));
#10511=CARTESIAN_POINT('Ctrl Pts',(11.4255711219396,7.13142652392505,2.44953857263746));
#10512=CARTESIAN_POINT('Ctrl Pts',(12.2004315865167,8.30950203727433,2.37103306226068));
#10513=CARTESIAN_POINT('Ctrl Pts',(13.6105668297387,8.31323688788642,2.2925275518839));
#10514=CARTESIAN_POINT('Ctrl Pts',(14.3913424625614,7.13860097127048,2.21402204150712));
#10515=CARTESIAN_POINT('Ctrl Pts',(13.8425235175278,5.84035916374674,2.13551653113034));
#10516=CARTESIAN_POINT('Ctrl Pts',(12.4563411958687,5.58022041583813,2.05701102075356));
#10517=CARTESIAN_POINT('Ctrl Pts',(11.4758371868493,6.59665057455266,1.97850551037678));
#10518=CARTESIAN_POINT('Ctrl Pts',(11.6793143267271,7.50994140076678,1.92616850345893));
#10519=CARTESIAN_POINT('Ctrl Pts',(11.9506793790598,7.82501129893629,1.9));
#10520=CARTESIAN_POINT('Ctrl Pts',(11.9506793790598,7.82501129893629,1.9));
#10521=CARTESIAN_POINT('Ctrl Pts',(11.913479577447,7.79027162808125,1.9));
#10522=CARTESIAN_POINT('Ctrl Pts',(11.8786612356362,7.75322170199954,1.9));
#10523=CARTESIAN_POINT('Ctrl Pts',(11.8462390624412,7.71417436793708,1.9));
#10524=CARTESIAN_POINT('Ctrl Pts',(11.8243782108,7.68784646043419,1.9));
#10525=CARTESIAN_POINT('Ctrl Pts',(11.8036071558221,7.66060942419135,1.9));
#10526=CARTESIAN_POINT('Ctrl Pts',(11.7839372560206,7.63254837993423,1.9));
#10527=CARTESIAN_POINT('Ctrl Pts',(11.774802612502,7.61951691365149,1.9));
#10528=CARTESIAN_POINT('Ctrl Pts',(11.7659055337123,7.60630762832264,1.9));
#10529=CARTESIAN_POINT('Ctrl Pts',(11.7572476215054,7.59292852480084,1.9));
#10530=CARTESIAN_POINT('Ctrl Pts',(11.7500904942113,7.58186858971514,1.9));
#10531=CARTESIAN_POINT('Ctrl Pts',(11.7431010529269,7.57069903850572,1.9));
#10532=CARTESIAN_POINT('Ctrl Pts',(11.7362830299959,7.55943037217772,1.9));
#10533=CARTESIAN_POINT('Ctrl Pts',(11.708454073319,7.51343533370092,1.9));
#10534=CARTESIAN_POINT('Ctrl Pts',(11.6834600527604,7.4657642708643,1.9));
#10535=CARTESIAN_POINT('Ctrl Pts',(11.6613401053205,7.416741277729,1.9));
#10536=CARTESIAN_POINT('Ctrl Pts',(11.6528657396306,7.3979600951708,1.9));
#10537=CARTESIAN_POINT('Ctrl Pts',(11.644813577559,7.37898006441097,1.9));
#10538=CARTESIAN_POINT('Ctrl Pts',(11.6371872730157,7.35981801115257,1.9));
#10539=CARTESIAN_POINT('Ctrl Pts',(11.6316693585309,7.34595355417568,1.9));
#10540=CARTESIAN_POINT('Ctrl Pts',(11.6263744001197,7.33199379200537,1.9));
#10541=CARTESIAN_POINT('Ctrl Pts',(11.6213040713876,7.31794489911488,1.9));
#10542=CARTESIAN_POINT('Ctrl Pts',(11.6174432416484,7.30724729224564,1.9));
#10543=CARTESIAN_POINT('Ctrl Pts',(11.6137127359557,7.29649784806695,1.9));
#10544=CARTESIAN_POINT('Ctrl Pts',(11.6101178247735,7.28571367776275,1.9));
#10545=CARTESIAN_POINT('Ctrl Pts',(11.5922051514109,7.23197846419095,1.9));
#10546=CARTESIAN_POINT('Ctrl Pts',(11.5776237744231,7.17729816768611,1.9));
#10547=CARTESIAN_POINT('Ctrl Pts',(11.5664125235111,7.12203121683639,1.9));
#10548=CARTESIAN_POINT('Ctrl Pts',(11.555360765904,7.06755050373282,1.9));
#10549=CARTESIAN_POINT('Ctrl Pts',(11.5475835357326,7.01249853608711,1.9));
#10550=CARTESIAN_POINT('Ctrl Pts',(11.5431618528768,6.95718871806876,1.9));
#10551=CARTESIAN_POINT('Ctrl Pts',(11.5408539677842,6.92831991208551,1.9));
#10552=CARTESIAN_POINT('Ctrl Pts',(11.5394609943728,6.8993804689382,1.9));
#10553=CARTESIAN_POINT('Ctrl Pts',(11.5389998540262,6.87041325714991,1.9));
#10554=CARTESIAN_POINT('Ctrl Pts',(11.5387519984375,6.85484384236123,1.9));
#10555=CARTESIAN_POINT('Ctrl Pts',(11.5387734058459,6.83926639245358,1.9));
#10556=CARTESIAN_POINT('Ctrl Pts',(11.5390671864948,6.82368751281105,1.9));
#10557=CARTESIAN_POINT('Ctrl Pts',(11.5392555351649,6.81369958040901,1.9));
#10558=CARTESIAN_POINT('Ctrl Pts',(11.5395558456738,6.80371105985274,1.9));
#10559=CARTESIAN_POINT('Ctrl Pts',(11.5399690140962,6.79372369150115,1.9));
#10560=CARTESIAN_POINT('Ctrl Pts',(11.5404075453737,6.78312323617699,1.9));
#10561=CARTESIAN_POINT('Ctrl Pts',(11.5409729649911,6.77253148700522,1.9));
#10562=CARTESIAN_POINT('Ctrl Pts',(11.5416652623703,6.76195743245088,1.9));
#10563=CARTESIAN_POINT('Ctrl Pts',(11.5448205007618,6.71376475704114,1.9));
#10564=CARTESIAN_POINT('Ctrl Pts',(11.5506110591819,6.66589615309159,1.9));
#10565=CARTESIAN_POINT('Ctrl Pts',(11.5590763278529,6.61855196764123,1.9));
#10566=CARTESIAN_POINT('Ctrl Pts',(11.5686798914018,6.56484157623934,1.9));
#10567=CARTESIAN_POINT('Ctrl Pts',(11.5817241206087,6.51180537109157,1.9));
#10568=CARTESIAN_POINT('Ctrl Pts',(11.5979584338653,6.45964170354521,1.9));
#10569=CARTESIAN_POINT('Ctrl Pts',(11.6138297496188,6.40864441001048,1.9));
#10570=CARTESIAN_POINT('Ctrl Pts',(11.6327506651457,6.35848038454276,1.9));
#10571=CARTESIAN_POINT('Ctrl Pts',(11.6545324968112,6.30933868061642,1.9));
#10572=CARTESIAN_POINT('Ctrl Pts',(11.6598554857638,6.29732955525317,1.9));
#10573=CARTESIAN_POINT('Ctrl Pts',(11.6653495240058,6.28538152798079,1.9));
#10574=CARTESIAN_POINT('Ctrl Pts',(11.6710122238469,6.27349746411716,1.9));
#10575=CARTESIAN_POINT('Ctrl Pts',(11.675296277793,6.26450670491751,1.9));
#10576=CARTESIAN_POINT('Ctrl Pts',(11.6796761298757,6.25555429070452,1.9));
#10577=CARTESIAN_POINT('Ctrl Pts',(11.6841452541679,6.24665173557467,1.9));
#10578=CARTESIAN_POINT('Ctrl Pts',(11.7099945758833,6.19515954234067,1.9));
#10579=CARTESIAN_POINT('Ctrl Pts',(11.738871560936,6.14523863238136,1.9));
#10580=CARTESIAN_POINT('Ctrl Pts',(11.7704965126805,6.09710464964958,1.9));
#10581=CARTESIAN_POINT('Ctrl Pts',(11.8028021629322,6.04793462643751,1.9));
#10582=CARTESIAN_POINT('Ctrl Pts',(11.8379757464872,6.00062833100163,1.9));
#10583=CARTESIAN_POINT('Ctrl Pts',(11.8757727860756,5.95542556103461,1.9));
#10584=CARTESIAN_POINT('Ctrl Pts',(11.9139120863481,5.90981346983119,1.9));
#10585=CARTESIAN_POINT('Ctrl Pts',(11.9547231331732,5.86634212596162,1.9));
#10586=CARTESIAN_POINT('Ctrl Pts',(11.9980013339607,5.82528306823417,1.9));
#10587=CARTESIAN_POINT('Ctrl Pts',(12.0078251914355,5.81596294115341,1.9));
#10588=CARTESIAN_POINT('Ctrl Pts',(12.017779288803,5.80676477969916,1.9));
#10589=CARTESIAN_POINT('Ctrl Pts',(12.0278409914418,5.79770993994994,1.9));
#10590=CARTESIAN_POINT('Ctrl Pts',(12.0730703191817,5.75700665847256,1.9));
#10591=CARTESIAN_POINT('Ctrl Pts',(12.1205433997865,5.71912549010976,1.9));
#10592=CARTESIAN_POINT('Ctrl Pts',(12.1699935120762,5.68431034179183,1.9));
#10593=CARTESIAN_POINT('Ctrl Pts',(12.2190096505388,5.64980073096333,1.9));
#10594=CARTESIAN_POINT('Ctrl Pts',(12.2699689952339,5.61830263173603,1.9));
#10595=CARTESIAN_POINT('Ctrl Pts',(12.322653572606,5.59008133909388,1.9));
#10596=CARTESIAN_POINT('Ctrl Pts',(12.3612624988416,5.56939988238976,1.9));
#10597=CARTESIAN_POINT('Ctrl Pts',(12.4007988524284,5.55047871466897,1.9));
#10598=CARTESIAN_POINT('Ctrl Pts',(12.4411879394738,5.53343625548651,1.9));
#10599=CARTESIAN_POINT('Ctrl Pts',(12.4636305494507,5.52396643845281,1.9));
#10600=CARTESIAN_POINT('Ctrl Pts',(12.4863366027442,5.515076935271,1.9));
#10601=CARTESIAN_POINT('Ctrl Pts',(12.5092860023875,5.5067636315643,1.9));
#10602=CARTESIAN_POINT('Ctrl Pts',(11.6451073402513,7.00080931238012,5.45658032638059));
#10603=CARTESIAN_POINT('Ctrl Pts',(11.6441249622675,7.12721805142833,5.44863620657208));
#10604=CARTESIAN_POINT('Ctrl Pts',(11.6616056768855,7.25336164280157,5.44069208676358));
#10605=CARTESIAN_POINT('Ctrl Pts',(11.6986856091428,7.37345273587415,5.43274796695508));
#10606=CARTESIAN_POINT('Ctrl Pts',(11.8208295796421,7.76904145560774,5.40657946349615));
#10607=CARTESIAN_POINT('Ctrl Pts',(12.1556429170449,8.09895505475908,5.38041096003722));
#10608=CARTESIAN_POINT('Ctrl Pts',(12.5529827797986,8.21526924423905,5.3542424565783));
#10609=CARTESIAN_POINT('Ctrl Pts',(12.9503226425523,8.33158343371901,5.32807395311937));
#10610=CARTESIAN_POINT('Ctrl Pts',(13.4101890306569,8.23429821352761,5.30190544966044));
#10611=CARTESIAN_POINT('Ctrl Pts',(13.7263767967507,7.96703079667706,5.27573694620152));
#10612=CARTESIAN_POINT('Ctrl Pts',(14.0425645628445,7.69976337982651,5.24956844274259));
#10613=CARTESIAN_POINT('Ctrl Pts',(14.2150737069275,7.26251376631681,5.22339993928366));
#10614=CARTESIAN_POINT('Ctrl Pts',(14.1665468092135,6.85135329672111,5.19723143582474));
#10615=CARTESIAN_POINT('Ctrl Pts',(14.1180199114996,6.44019282712541,5.17106293236581));
#10616=CARTESIAN_POINT('Ctrl Pts',(13.8484569719887,6.05512150144372,5.14489442890689));
#10617=CARTESIAN_POINT('Ctrl Pts',(13.4787343851118,5.86880812059365,5.11872592544796));
#10618=CARTESIAN_POINT('Ctrl Pts',(13.1090117982349,5.68249473974359,5.09255742198903));
#10619=CARTESIAN_POINT('Ctrl Pts',(12.639129563992,5.69493930372517,5.06638891853011));
#10620=CARTESIAN_POINT('Ctrl Pts',(12.2797878602654,5.90056242757183,5.04022041507118));
#10621=CARTESIAN_POINT('Ctrl Pts',(11.9204461565388,6.1061855514185,5.01405191161225));
#10622=CARTESIAN_POINT('Ctrl Pts',(11.6716449833284,6.50498723513027,4.98788340815332));
#10623=CARTESIAN_POINT('Ctrl Pts',(11.6449500537433,6.91813959710993,4.9617149046944));
#10624=CARTESIAN_POINT('Ctrl Pts',(11.6432040972381,6.94516143478655,4.96000337858979));
#10625=CARTESIAN_POINT('Ctrl Pts',(11.6424082423316,6.9722446602123,4.95829185248519));
#10626=CARTESIAN_POINT('Ctrl Pts',(11.6425379734799,6.99933564068197,4.95658032638058));
#10627=CARTESIAN_POINT('Origin',(12.9087955317821,6.99979999999979,3.9));
#10628=CARTESIAN_POINT('Origin',(12.9087955317821,6.99979999999979,1.9));
#10629=CARTESIAN_POINT('Origin',(87.2087955317822,132.9998,3.9));
#10630=CARTESIAN_POINT('Origin',(87.2087955317822,132.9998,1.9));
#10631=CARTESIAN_POINT('Origin',(12.9087955317821,132.9998,3.9));
#10632=CARTESIAN_POINT('Origin',(12.9087955317821,132.9998,1.9));
#10633=CARTESIAN_POINT('Origin',(87.2087955317822,6.99979999999979,3.9));
#10634=CARTESIAN_POINT('Origin',(87.2087955317822,6.99979999999979,1.9));
#10635=CARTESIAN_POINT('Origin',(26.0363955317821,150.194095264192,2.));
#10636=CARTESIAN_POINT('',(26.0363955317821,150.194095264192,2.));
#10637=CARTESIAN_POINT('',(26.036395531782,148.570297632096,2.));
#10638=CARTESIAN_POINT('',(26.0363955317821,150.194095264192,0.5));
#10639=CARTESIAN_POINT('',(26.0363955317821,150.194095264192,2.));
#10640=CARTESIAN_POINT('',(26.0363955317823,157.899999999999,0.5));
#10641=CARTESIAN_POINT('Origin',(29.7863955317819,157.899999999999,2.));
#10642=CARTESIAN_POINT('',(29.786395531782,150.194095264192,2.));
#10643=CARTESIAN_POINT('',(29.7863955317819,152.423249999999,2.));
#10644=CARTESIAN_POINT('',(29.786395531782,150.194095264192,0.5));
#10645=CARTESIAN_POINT('',(29.786395531782,150.194095264192,0.5));
#10646=CARTESIAN_POINT('',(29.786395531782,150.194095264192,2.));
#10647=CARTESIAN_POINT('Origin',(27.911395531782,154.047047632095,0.5));
#10648=CARTESIAN_POINT('Origin',(27.9113955317821,146.9465,0.5));
#10649=CARTESIAN_POINT('Origin',(38.2363955317966,148.821500000006,2.));
#10650=CARTESIAN_POINT('',(38.2363955317966,148.821500000006,2.));
#10651=CARTESIAN_POINT('',(38.2363955317966,145.071500000001,2.));
#10652=CARTESIAN_POINT('',(38.2363955317966,147.884000000003,2.));
#10653=CARTESIAN_POINT('',(38.2363955317966,148.821500000006,0.5));
#10654=CARTESIAN_POINT('',(38.2363955317966,148.821500000006,2.));
#10655=CARTESIAN_POINT('',(38.2363955317966,145.071500000001,0.5));
#10656=CARTESIAN_POINT('',(38.2363955317966,145.071500000001,0.5));
#10657=CARTESIAN_POINT('',(38.2363955317966,145.071500000001,2.));
#10658=CARTESIAN_POINT('Origin',(31.1589907959737,148.821500000001,2.));
#10659=CARTESIAN_POINT('',(31.1589907959737,148.821500000001,2.));
#10660=CARTESIAN_POINT('',(40.6101931638772,148.821500000008,2.));
#10661=CARTESIAN_POINT('',(31.1589907959737,148.821500000001,0.5));
#10662=CARTESIAN_POINT('',(31.1589907959734,148.821500000001,2.));
#10663=CARTESIAN_POINT('',(38.2363955317966,148.821500000006,0.5));
#10664=CARTESIAN_POINT('Origin',(38.2363955317966,145.071500000001,2.));
#10665=CARTESIAN_POINT('',(31.1589907959737,145.071500000001,2.));
#10666=CARTESIAN_POINT('',(44.1488955317894,145.071500000002,2.));
#10667=CARTESIAN_POINT('',(31.1589907959737,145.071500000001,0.5));
#10668=CARTESIAN_POINT('',(31.1589907959737,145.071500000001,0.5));
#10669=CARTESIAN_POINT('',(31.1589907959741,145.071500000001,2.));
#10670=CARTESIAN_POINT('Origin',(34.697693163885,146.946500000003,0.5));
#10671=CARTESIAN_POINT('',(31.6613955317821,146.9465,0.5));
#10672=CARTESIAN_POINT('Origin',(27.9113955317821,146.9465,0.5));
#10673=CARTESIAN_POINT('Origin',(27.9113955317821,146.9465,0.5));
#10674=CARTESIAN_POINT('Origin',(17.5863955317966,145.071499999999,2.));
#10675=CARTESIAN_POINT('',(17.5863955317966,145.071499999999,2.));
#10676=CARTESIAN_POINT('',(17.5863955317965,148.821499999999,2.));
#10677=CARTESIAN_POINT('',(17.5863955317966,146.008999999999,2.));
#10678=CARTESIAN_POINT('',(17.5863955317966,145.071499999999,0.5));
#10679=CARTESIAN_POINT('',(17.5863955317966,145.071499999999,2.));
#10680=CARTESIAN_POINT('',(17.5863955317965,148.821499999999,0.5));
#10681=CARTESIAN_POINT('',(17.5863955317965,148.821499999999,0.5));
#10682=CARTESIAN_POINT('',(17.5863955317965,148.821499999999,2.));
#10683=CARTESIAN_POINT('Origin',(24.6638002675905,145.071500000001,2.));
#10684=CARTESIAN_POINT('',(24.6638002675905,145.071500000001,2.));
#10685=CARTESIAN_POINT('',(37.3625978996864,145.071500000003,2.));
#10686=CARTESIAN_POINT('',(24.6638002675905,145.071500000001,0.5));
#10687=CARTESIAN_POINT('',(24.6638002675901,145.071500000001,2.));
#10688=CARTESIAN_POINT('',(17.5863955317966,145.071499999999,0.5));
#10689=CARTESIAN_POINT('Origin',(17.5863955317965,148.821499999999,2.));
#10690=CARTESIAN_POINT('',(24.6638002675905,148.821499999994,2.));
#10691=CARTESIAN_POINT('',(33.82389553179,148.821499999987,2.));
#10692=CARTESIAN_POINT('',(24.6638002675905,148.821499999994,0.5));
#10693=CARTESIAN_POINT('',(24.6638002675905,148.821499999994,0.5));
#10694=CARTESIAN_POINT('',(24.663800267587,148.821499999994,2.));
#10695=CARTESIAN_POINT('Origin',(21.1250978996935,146.946499999999,0.5));
#10696=CARTESIAN_POINT('Origin',(27.9113955317821,146.9465,0.5));
#10697=CARTESIAN_POINT('Origin',(29.7863955317821,143.698904735808,2.));
#10698=CARTESIAN_POINT('',(29.7863955317821,143.698904735808,2.));
#10699=CARTESIAN_POINT('',(29.7863955317821,135.993,2.));
#10700=CARTESIAN_POINT('',(29.7863955317821,145.322702367904,2.));
#10701=CARTESIAN_POINT('',(29.7863955317821,143.698904735808,0.5));
#10702=CARTESIAN_POINT('',(29.7863955317821,143.698904735808,2.));
#10703=CARTESIAN_POINT('',(29.7863955317821,135.993,0.5));
#10704=CARTESIAN_POINT('',(29.7863955317821,135.993,0.5));
#10705=CARTESIAN_POINT('',(29.7863955317821,135.993,2.));
#10706=CARTESIAN_POINT('Origin',(26.0363955317821,135.993,2.));
#10707=CARTESIAN_POINT('',(26.0363955317821,135.993,2.));
#10708=CARTESIAN_POINT('',(26.0363955317821,143.698904735808,2.));
#10709=CARTESIAN_POINT('',(26.0363955317821,141.46975,2.));
#10710=CARTESIAN_POINT('',(26.0363955317821,135.993,0.5));
#10711=CARTESIAN_POINT('',(26.0363955317821,135.993,2.));
#10712=CARTESIAN_POINT('',(26.0363955317821,143.698904735808,0.5));
#10713=CARTESIAN_POINT('',(26.0363955317821,143.698904735808,0.5));
#10714=CARTESIAN_POINT('',(26.0363955317821,143.698904735808,2.));
#10715=CARTESIAN_POINT('Origin',(27.9113955317821,139.845952367904,0.5));
#10716=CARTESIAN_POINT('',(26.0363955317821,135.993,0.5));
#10717=CARTESIAN_POINT('Origin',(27.9113955317821,146.9465,0.5));
#10718=CARTESIAN_POINT('Origin',(50.0613955317821,146.9465,2.));
#10719=CARTESIAN_POINT('',(11.8113955317821,135.993,2.));
#10720=CARTESIAN_POINT('',(11.8113955317821,157.9,2.));
#10721=CARTESIAN_POINT('',(11.8113955317821,135.993,2.));
#10722=CARTESIAN_POINT('Origin',(27.9113955317821,146.9465,2.));
#10723=CARTESIAN_POINT('Origin',(27.9113955317821,146.9465,2.));
#10724=CARTESIAN_POINT('Origin',(50.0613955317821,146.9465,2.));
#10725=CARTESIAN_POINT('Origin',(27.9113955317821,146.9465,2.));
#10726=CARTESIAN_POINT('Origin',(27.9113955317821,146.9465,2.));
#10727=CARTESIAN_POINT('',(88.3113955317821,135.993,2.));
#10728=CARTESIAN_POINT('',(11.8113955317821,135.993,2.));
#10729=CARTESIAN_POINT('',(88.3113955317821,135.993,2.));
#10730=CARTESIAN_POINT('Origin',(27.9113955317821,146.9465,2.));
#10731=CARTESIAN_POINT('',(31.6613955317821,146.9465,2.));
#10732=CARTESIAN_POINT('Origin',(35.8,4.,9.6));
#10733=CARTESIAN_POINT('',(35.8,0.,13.3));
#10734=CARTESIAN_POINT('Origin',(35.8,0.,9.6));
#10735=CARTESIAN_POINT('',(35.8,4.,13.3));
#10736=CARTESIAN_POINT('Origin',(44.8,4.,13.3));
#10737=CARTESIAN_POINT('',(44.8,0.,13.3));
#10738=CARTESIAN_POINT('',(46.65,0.,13.3));
#10739=CARTESIAN_POINT('',(44.8,4.,13.3));
#10740=CARTESIAN_POINT('Origin',(44.8,4.,9.6));
#10741=CARTESIAN_POINT('Origin',(44.8,0.,9.6));
#10742=CARTESIAN_POINT('Origin',(88.3113955317821,135.993,5.9));
#10743=CARTESIAN_POINT('',(88.3113955317821,135.993,5.9));
#10744=CARTESIAN_POINT('',(11.8113955317821,135.993,5.9));
#10745=CARTESIAN_POINT('Origin',(88.3113955317821,157.9,5.9));
#10746=CARTESIAN_POINT('Origin',(11.8113955317821,135.993,5.9));
#10747=CARTESIAN_POINT('Origin',(11.8113955317821,130.393,5.9));
#10748=CARTESIAN_POINT('',(88.3113955317821,130.393,5.9));
#10749=CARTESIAN_POINT('',(11.8113955317821,130.393,5.9));
#10750=CARTESIAN_POINT('Origin',(11.8113955317821,9.093,5.9));
#10751=CARTESIAN_POINT('',(11.8113955317821,9.093,5.9));
#10752=CARTESIAN_POINT('Origin',(88.3113955317821,9.093,5.9));
#10753=CARTESIAN_POINT('',(88.3113955317821,9.093,5.9));
#10754=CARTESIAN_POINT('Origin',(88.3113955317821,130.393,5.9));
#10755=CARTESIAN_POINT('Origin',(94.5,4.,5.9));
#10756=CARTESIAN_POINT('',(94.5,4.,21.724368658595));
#10757=CARTESIAN_POINT('Origin',(97.,0.,21.));
#10758=CARTESIAN_POINT('',(97.,0.,21.));
#10759=CARTESIAN_POINT('Origin',(10.7179676972449,0.,46.));
#10760=CARTESIAN_POINT('',(10.7179676972449,0.,46.));
#10761=CARTESIAN_POINT('Origin',(48.5,0.,23.));
#10762=CARTESIAN_POINT('',(0.,0.,0.));
#10763=CARTESIAN_POINT('Origin',(3.563119460198,10.6599604061333,50.4156436979561));
#10764=CARTESIAN_POINT('',(13.5905936637999,1.5,48.2910566727683));
#10765=CARTESIAN_POINT('',(12.9936107934334,2.12141020835027,48.4640309451729));
#10766=CARTESIAN_POINT('',(4.28117175245802,11.1903447262999,50.9884380576538));
#10767=CARTESIAN_POINT('',(11.1354187466857,1.5,47.4407409973069));
#10768=CARTESIAN_POINT('',(12.9936107934334,2.12141020835027,48.4640309451729));
#10769=CARTESIAN_POINT('',(12.5764544643433,-1.38777878078145E-16,47.023204553392));
#10770=CARTESIAN_POINT('',(2.84506716793797,10.1295760859667,49.8428493382583));
#10771=CARTESIAN_POINT('',(13.5905936637999,1.5,48.2910566727683));
#10772=CARTESIAN_POINT('Origin',(12.0645147700596,120.675,47.9523859712399));
#10773=CARTESIAN_POINT('',(12.9936107934334,159.77858979165,48.4640309451729));
#10774=CARTESIAN_POINT('',(12.9936107934334,120.675,48.4640309451729));
#10775=CARTESIAN_POINT('',(11.1354187466857,160.4,47.4407409973069));
#10776=CARTESIAN_POINT('',(12.9936107934334,159.77858979165,48.4640309451729));
#10777=CARTESIAN_POINT('',(11.1354187466857,120.675,47.4407409973069));
#10778=CARTESIAN_POINT('Origin',(4.28363731902653,151.990039593866,50.2068754759987));
#10779=CARTESIAN_POINT('',(13.5905936638,160.4,48.2910566727683));
#10780=CARTESIAN_POINT('',(5.00168961128656,151.4596552737,50.7796698356965));
#10781=CARTESIAN_POINT('',(12.5764544643433,161.9,47.023204553392));
#10782=CARTESIAN_POINT('',(13.5905936638,160.4,48.2910566727683));
#10783=CARTESIAN_POINT('',(3.56558502676649,152.520423914033,49.634081116301));
#10784=CARTESIAN_POINT('Origin',(75.3056684984725,161.15,29.6284220935388));
#10785=CARTESIAN_POINT('',(94.9576810793757,160.4,24.7151494867661));
#10786=CARTESIAN_POINT('',(75.5143940231929,160.4,30.3487925921922));
#10787=CARTESIAN_POINT('',(95.5341974769381,161.874665823035,23.0127851379205));
#10788=CARTESIAN_POINT('',(94.9576810793757,160.4,24.7151494867661));
#10789=CARTESIAN_POINT('',(95.508475340843,161.9,22.9938618666379));
#10790=CARTESIAN_POINT('',(92.6263919400357,164.738613816237,20.8735696074301));
#10791=CARTESIAN_POINT('',(75.096942973752,161.9,28.9080515948854));
#10792=CARTESIAN_POINT('Origin',(104.363109398148,151.968602968351,21.222290396343));
#10793=CARTESIAN_POINT('',(97.0005706019062,160.4,22.5879072445074));
#10794=CARTESIAN_POINT('',(104.749977353375,152.606768461172,20.3425362951199));
#10795=CARTESIAN_POINT('',(95.5907048428982,159.763396332529,24.5317324569895));
#10796=CARTESIAN_POINT('',(103.976241442922,151.330437475529,22.1020444975661));
#10797=CARTESIAN_POINT('',(97.0011102995017,160.363545698772,22.6145881872632));
#10798=CARTESIAN_POINT('',(95.5907048428982,159.763396332529,24.5317324569895));
#10799=CARTESIAN_POINT('',(97.7967839276835,106.619140752439,61.950176677784));
#10800=CARTESIAN_POINT('Origin',(96.2959075712,41.225,23.5731603221263));
#10801=CARTESIAN_POINT('',(97.0011102995017,1.53645430122809,22.6145881872632));
#10802=CARTESIAN_POINT('',(97.0011102995017,41.225,22.6145881872632));
#10803=CARTESIAN_POINT('',(95.5907048428982,2.13660366747118,24.5317324569895));
#10804=CARTESIAN_POINT('',(95.5907048428982,41.225,24.5317324569895));
#10805=CARTESIAN_POINT('',(95.5907048428982,2.13660366747118,24.5317324569895));
#10806=CARTESIAN_POINT('Origin',(103.641077388558,9.20528175474545,21.4314973396429));
#10807=CARTESIAN_POINT('',(95.5341974769381,0.0253341769645654,23.0127851379205));
#10808=CARTESIAN_POINT('',(97.0005706019062,1.5,22.5879072445073));
#10809=CARTESIAN_POINT('',(104.027945343784,8.56711626192354,20.5517432384198));
#10810=CARTESIAN_POINT('',(97.0281394869367,3.36216215860003,23.9508257556799));
#10811=CARTESIAN_POINT('',(94.9576810793757,1.5,24.7151494867661));
#10812=CARTESIAN_POINT('',(103.254209433331,9.84344724756737,22.311251440866));
#10813=CARTESIAN_POINT('',(94.9576810793757,1.5,24.7151494867661));
#10814=CARTESIAN_POINT('Origin',(33.6351702059237,0.749999999999999,41.7023432740029));
#10815=CARTESIAN_POINT('',(95.508475340843,-2.68714591770609E-16,22.9938618666379));
#10816=CARTESIAN_POINT('',(33.4264446812033,-2.77555756156289E-16,40.9819727753494));
#10817=CARTESIAN_POINT('',(87.7878773138565,-7.6041506026087,17.3139692485105));
#10818=CARTESIAN_POINT('',(33.8438957306441,1.5,42.4227137726563));
#10819=CARTESIAN_POINT('Origin',(12.1590034149025,0.,45.5824635560851));
#10820=CARTESIAN_POINT('',(12.1590034149025,0.,45.5824635560851));
#10821=CARTESIAN_POINT('',(12.1590034149025,0.,45.5824635560851));
#10822=CARTESIAN_POINT('',(95.4770696781329,0.,21.4412651977538));
#10823=CARTESIAN_POINT('',(12.1590034149025,0.,45.5824635560851));
#10824=CARTESIAN_POINT('',(95.6989100871863,-1.11022302462516E-15,32.4083536270042));
#10825=CARTESIAN_POINT('Origin',(10.7179676972449,1.5,46.));
#10826=CARTESIAN_POINT('',(10.7179676972449,1.5,46.));
#10827=CARTESIAN_POINT('',(10.7179676972449,1.5,46.));
#10828=CARTESIAN_POINT('',(10.7179676972449,1.5,46.));
#10829=CARTESIAN_POINT('Origin',(10.7179676972449,160.4,46.));
#10830=CARTESIAN_POINT('',(10.7179676972449,160.4,46.));
#10831=CARTESIAN_POINT('',(10.7179676972449,160.4,46.));
#10832=CARTESIAN_POINT('',(10.7179676972449,160.4,46.));
#10833=CARTESIAN_POINT('Origin',(12.1590034149025,161.9,45.5824635560851));
#10834=CARTESIAN_POINT('',(12.1590034149025,161.9,45.5824635560851));
#10835=CARTESIAN_POINT('',(12.1590034149025,161.9,45.5824635560851));
#10836=CARTESIAN_POINT('',(12.1590034149025,161.9,45.5824635560851));
#10837=CARTESIAN_POINT('Origin',(95.5,161.9,21.434621195157));
#10838=CARTESIAN_POINT('',(95.477069678133,161.9,21.4412651977538));
#10839=CARTESIAN_POINT('',(95.471823883493,161.9,21.1819296964214));
#10840=CARTESIAN_POINT('',(95.5,161.9,21.434621195157));
#10841=CARTESIAN_POINT('Origin',(54.6938859475041,80.95,36.3814819946137));
#10842=CARTESIAN_POINT('Origin',(84.6099898592635,157.6,21.4665812502659));
#10843=CARTESIAN_POINT('',(84.3316891596363,157.6,20.5060872520613));
#10844=CARTESIAN_POINT('',(84.8882905588907,157.6,22.4270752484705));
#10845=CARTESIAN_POINT('Origin',(84.6099898592635,157.6,21.4665812502659));
#10846=CARTESIAN_POINT('',(76.6477371739997,157.6,22.732492849079));
#10847=CARTESIAN_POINT('',(84.3316891596363,157.6,20.5060872520613));
#10848=CARTESIAN_POINT('',(77.2043385732541,157.6,24.6534808454882));
#10849=CARTESIAN_POINT('Origin',(76.9260378736269,157.6,23.6929868472836));
#10850=CARTESIAN_POINT('',(84.8882905588907,157.6,22.4270752484705));
#10851=CARTESIAN_POINT('Origin',(84.6099898592635,157.6,21.4665812502659));
#10852=CARTESIAN_POINT('',(84.6099898592635,157.6,21.4665812502659));
#10853=CARTESIAN_POINT('',(85.0274409087043,157.6,22.9073222475727));
#10854=CARTESIAN_POINT('',(84.3316891596363,156.6,20.5060872520614));
#10855=CARTESIAN_POINT('',(84.5404146843567,157.35,21.2264577507148));
#10856=CARTESIAN_POINT('',(84.3316891596363,157.6,20.5060872520613));
#10857=CARTESIAN_POINT('Origin',(76.9260378736269,157.6,23.6929868472836));
#10858=CARTESIAN_POINT('',(76.9260378736269,157.6,23.6929868472836));
#10859=CARTESIAN_POINT('',(77.3434889230678,157.6,25.1337278445904));
#10860=CARTESIAN_POINT('',(76.6477371739997,156.6,22.7324928490791));
#10861=CARTESIAN_POINT('',(76.6477371739997,157.6,22.732492849079));
#10862=CARTESIAN_POINT('',(76.8564626987202,157.35,23.4528633477325));
#10863=CARTESIAN_POINT('Origin',(32.6347920710411,157.1,36.0056975110951));
#10864=CARTESIAN_POINT('',(94.1490404751186,157.6,18.7026655307151));
#10865=CARTESIAN_POINT('',(32.7739424208547,157.6,36.4859445101974));
#10866=CARTESIAN_POINT('',(94.1483270604475,157.565925826289,18.6673965649827));
#10867=CARTESIAN_POINT('',(94.2467492206481,162.266773621287,23.533076983279));
#10868=CARTESIAN_POINT('',(93.1676093684407,156.6,17.9459017844196));
#10869=CARTESIAN_POINT('',(93.1676093684407,156.6,17.9459017844196));
#10870=CARTESIAN_POINT('',(32.4956417212275,156.6,35.5254505119928));
#10871=CARTESIAN_POINT('Origin',(26.9803499669892,157.6,38.1646232278985));
#10872=CARTESIAN_POINT('',(26.702049267362,157.6,37.204129229694));
#10873=CARTESIAN_POINT('',(27.2586506666164,157.6,39.1251172261031));
#10874=CARTESIAN_POINT('Origin',(26.9803499669892,157.6,38.1646232278985));
#10875=CARTESIAN_POINT('',(34.942602652253,157.6,36.8987116290854));
#10876=CARTESIAN_POINT('',(27.2586506666164,157.6,39.1251172261031));
#10877=CARTESIAN_POINT('',(34.3860012529986,157.6,34.9777236326763));
#10878=CARTESIAN_POINT('Origin',(34.6643019526258,157.6,35.9382176308809));
#10879=CARTESIAN_POINT('',(26.702049267362,157.6,37.204129229694));
#10880=CARTESIAN_POINT('Origin',(26.9803499669892,157.6,38.1646232278985));
#10881=CARTESIAN_POINT('',(26.9803499669892,157.6,38.1646232278985));
#10882=CARTESIAN_POINT('',(27.39780101643,157.6,39.6053642252054));
#10883=CARTESIAN_POINT('',(26.702049267362,156.6,37.204129229694));
#10884=CARTESIAN_POINT('',(26.702049267362,157.6,37.204129229694));
#10885=CARTESIAN_POINT('',(26.9107747920824,157.35,37.9244997283474));
#10886=CARTESIAN_POINT('Origin',(34.6643019526258,157.6,35.9382176308809));
#10887=CARTESIAN_POINT('',(34.6643019526258,157.6,35.9382176308809));
#10888=CARTESIAN_POINT('',(35.0817530020666,157.6,37.3789586281877));
#10889=CARTESIAN_POINT('',(34.3860012529986,156.6,34.9777236326763));
#10890=CARTESIAN_POINT('',(34.5947267777189,157.35,35.6980941313297));
#10891=CARTESIAN_POINT('',(34.3860012529985,157.6,34.9777236326763));
#10892=CARTESIAN_POINT('Origin',(32.6347920710411,157.1,36.0056975110951));
#10893=CARTESIAN_POINT('',(32.4956417212275,156.6,35.5254505119928));
#10894=CARTESIAN_POINT('',(32.7739424208547,157.6,36.4859445101974));
#10895=CARTESIAN_POINT('Origin',(84.6099898592635,4.29999999999998,21.4665812502659));
#10896=CARTESIAN_POINT('',(84.3316891596363,4.29999999999998,20.5060872520613));
#10897=CARTESIAN_POINT('',(84.8882905588907,4.29999999999999,22.4270752484705));
#10898=CARTESIAN_POINT('Origin',(84.6099898592635,4.29999999999998,21.4665812502659));
#10899=CARTESIAN_POINT('',(77.2043385732541,4.30000000000004,24.6534808454882));
#10900=CARTESIAN_POINT('',(84.8882905588907,4.3,22.4270752484705));
#10901=CARTESIAN_POINT('',(76.6477371739997,4.30000000000003,22.732492849079));
#10902=CARTESIAN_POINT('Origin',(76.9260378736269,4.30000000000003,23.6929868472836));
#10903=CARTESIAN_POINT('',(84.3316891596363,4.29999999999998,20.5060872520613));
#10904=CARTESIAN_POINT('Origin',(84.6099898592635,4.29999999999999,21.4665812502659));
#10905=CARTESIAN_POINT('',(84.6099898592635,4.29999999999998,21.4665812502659));
#10906=CARTESIAN_POINT('',(85.0274409087043,4.3,22.9073222475728));
#10907=CARTESIAN_POINT('',(84.3316891596363,5.29999999999998,20.5060872520614));
#10908=CARTESIAN_POINT('',(84.3316891596363,4.29999999999998,20.5060872520613));
#10909=CARTESIAN_POINT('',(84.5404146843567,4.54999999999998,21.2264577507148));
#10910=CARTESIAN_POINT('Origin',(76.9260378736269,4.30000000000003,23.6929868472836));
#10911=CARTESIAN_POINT('',(76.9260378736269,4.30000000000003,23.6929868472836));
#10912=CARTESIAN_POINT('',(77.3434889230678,4.3,25.1337278445905));
#10913=CARTESIAN_POINT('',(76.6477371739997,5.30000000000003,22.7324928490791));
#10914=CARTESIAN_POINT('',(76.8564626987201,4.55,23.4528633477325));
#10915=CARTESIAN_POINT('',(76.6477371739997,4.30000000000003,22.732492849079));
#10916=CARTESIAN_POINT('Origin',(73.0367969249093,4.8,24.2993190868765));
#10917=CARTESIAN_POINT('',(34.6643019526258,4.30000000000004,35.9382176308809));
#10918=CARTESIAN_POINT('',(73.1759472747229,4.3,24.7795660859788));
#10919=CARTESIAN_POINT('',(34.3860012529985,5.30000000000005,34.9777236326763));
#10920=CARTESIAN_POINT('',(34.5947267777189,4.54999999999996,35.6980941313298));
#10921=CARTESIAN_POINT('',(72.8976465750957,5.3,23.8190720877742));
#10922=CARTESIAN_POINT('Origin',(26.9803499669892,4.3,38.1646232278985));
#10923=CARTESIAN_POINT('',(26.702049267362,4.3,37.204129229694));
#10924=CARTESIAN_POINT('',(27.2586506666164,4.3,39.1251172261031));
#10925=CARTESIAN_POINT('Origin',(26.9803499669892,4.3,38.1646232278985));
#10926=CARTESIAN_POINT('',(34.3860012529985,4.30000000000004,34.9777236326763));
#10927=CARTESIAN_POINT('',(26.702049267362,4.3,37.204129229694));
#10928=CARTESIAN_POINT('',(34.942602652253,4.30000000000005,36.8987116290854));
#10929=CARTESIAN_POINT('Origin',(34.6643019526257,4.30000000000004,35.9382176308809));
#10930=CARTESIAN_POINT('',(27.2586506666164,4.3,39.1251172261031));
#10931=CARTESIAN_POINT('Origin',(26.9803499669892,4.3,38.1646232278985));
#10932=CARTESIAN_POINT('',(26.9803499669892,4.3,38.1646232278985));
#10933=CARTESIAN_POINT('',(27.39780101643,4.3,39.6053642252053));
#10934=CARTESIAN_POINT('',(26.702049267362,5.3,37.204129229694));
#10935=CARTESIAN_POINT('',(26.9107747920824,4.54999999999995,37.9244997283474));
#10936=CARTESIAN_POINT('',(26.702049267362,4.3,37.204129229694));
#10937=CARTESIAN_POINT('Origin',(34.6643019526257,4.30000000000005,35.9382176308809));
#10938=CARTESIAN_POINT('',(35.0817530020665,4.3,37.3789586281877));
#10939=CARTESIAN_POINT('',(34.3860012529985,4.30000000000004,34.9777236326763));
#10940=CARTESIAN_POINT('Origin',(73.0367969249093,4.8,24.2993190868765));
#10941=CARTESIAN_POINT('',(12.5729399939206,4.3,42.3391337223067));
#10942=CARTESIAN_POINT('',(73.1759472747229,4.3,24.7795660859788));
#10943=CARTESIAN_POINT('',(13.2551332924979,5.3,41.1003390244749));
#10944=CARTESIAN_POINT('',(13.2551332924979,5.3,41.1003390244749));
#10945=CARTESIAN_POINT('',(72.8976465750957,5.3,23.8190720877742));
#10946=CARTESIAN_POINT('Origin',(12.9140366432093,42.625,41.7197363733908));
#10947=CARTESIAN_POINT('',(13.255133292498,156.6,41.1003390244749));
#10948=CARTESIAN_POINT('',(13.2551332924979,42.625,41.1003390244749));
#10949=CARTESIAN_POINT('',(12.5729399939206,157.6,42.3391337223067));
#10950=CARTESIAN_POINT('',(12.5729399939206,42.625,42.3391337223067));
#10951=CARTESIAN_POINT('',(13.255133292498,156.6,41.1003390244749));
#10952=CARTESIAN_POINT('Origin',(73.0367969249093,4.8,24.2993190868765));
#10953=CARTESIAN_POINT('',(93.1676093684407,5.29999999999999,17.9459017844196));
#10954=CARTESIAN_POINT('',(72.8976465750957,5.3,23.8190720877742));
#10955=CARTESIAN_POINT('',(94.1483270604475,4.33407417371093,18.6673965649827));
#10956=CARTESIAN_POINT('',(93.1676093684407,5.29999999999999,17.9459017844196));
#10957=CARTESIAN_POINT('',(94.1490404751186,4.29999999999999,18.7026655307151));
#10958=CARTESIAN_POINT('',(93.4151908396624,39.3501902586081,-17.5765402287957));
#10959=CARTESIAN_POINT('',(73.1759472747229,4.3,24.7795660859788));
#10960=CARTESIAN_POINT('Origin',(93.6579682144441,119.275,18.3066491747012));
#10961=CARTESIAN_POINT('',(93.1676093684407,119.275,17.9459017844196));
#10962=CARTESIAN_POINT('',(94.1483270604475,119.275,18.6673965649827));
#10963=CARTESIAN_POINT('Origin',(32.6347920710411,157.1,36.0056975110951));
#10964=CARTESIAN_POINT('',(32.4956417212275,156.6,35.5254505119928));
#10965=CARTESIAN_POINT('',(32.7739424208547,157.6,36.4859445101974));
#10966=CARTESIAN_POINT('Origin',(13.4078420928022,157.6,45.2206157169204));
#10967=CARTESIAN_POINT('',(13.4078420928022,157.6,45.2206157169204));
#10968=CARTESIAN_POINT('',(13.4078420928022,157.6,45.2206157169204));
#10969=CARTESIAN_POINT('',(94.2118518005387,157.6,21.8078588684832));
#10970=CARTESIAN_POINT('',(13.4078420928022,157.6,45.2206157169204));
#10971=CARTESIAN_POINT('',(94.4320252632952,157.6,32.6925387432159));
#10972=CARTESIAN_POINT('Origin',(13.4078420928022,4.3,45.2206157169204));
#10973=CARTESIAN_POINT('',(13.4078420928022,4.3,45.2206157169204));
#10974=CARTESIAN_POINT('',(13.4078420928022,4.3,45.2206157169204));
#10975=CARTESIAN_POINT('',(13.4078420928022,4.3,45.2206157169204));
#10976=CARTESIAN_POINT('Origin',(52.6966441481616,80.95,29.6722612998835));
#10977=CARTESIAN_POINT('',(14.8879730894457,154.9,40.6272278351087));
#10978=CARTESIAN_POINT('',(14.8879730894457,7.,40.6272278351087));
#10979=CARTESIAN_POINT('',(14.8879730894457,7.,40.6272278351086));
#10980=CARTESIAN_POINT('',(91.5347695714929,7.00000000000001,18.4190129737859));
#10981=CARTESIAN_POINT('',(90.5053152068774,7.00000000000001,18.7172947646584));
#10982=CARTESIAN_POINT('',(91.5347695714929,154.9,18.4190129737859));
#10983=CARTESIAN_POINT('',(91.5347695714929,43.975,18.4190129737859));
#10984=CARTESIAN_POINT('',(14.8879730894457,154.9,40.6272278351086));
#10985=CARTESIAN_POINT('Origin',(96.2216704936358,161.15,21.1667619260697));
#10986=CARTESIAN_POINT('',(96.968634514785,160.4,21.0090880697805));
#10987=CARTESIAN_POINT('',(96.9715171037785,160.4,21.151594155718));
#10988=CARTESIAN_POINT('',(104.514956474773,152.811001746736,18.8225604235874));
#10989=CARTESIAN_POINT('Origin',(96.9663962694812,1.5,20.898436298635));
#10990=CARTESIAN_POINT('',(96.968634514785,1.5,21.0090880697805));
#10991=CARTESIAN_POINT('',(97.1986033074718,1.5,32.3780180863008));
#10992=CARTESIAN_POINT('',(96.968634514785,41.225,21.0090880697805));
#10993=CARTESIAN_POINT('Origin',(96.4487566973291,0.749999999999999,32.3931858566525));
#10994=CARTESIAN_POINT('',(103.792924465182,8.36288297635962,19.0317673668874));
#10995=CARTESIAN_POINT('Origin',(53.8589838486225,80.95,33.5));
#10996=CARTESIAN_POINT('',(94.2118518005387,4.3,21.8078588684832));
#10997=CARTESIAN_POINT('',(94.2118518005387,4.3,21.8078588684832));
#10998=CARTESIAN_POINT('',(94.2118518005387,157.6,21.8078588684832));
#10999=CARTESIAN_POINT('Origin',(53.8589838486225,80.95,33.5));
#11000=CARTESIAN_POINT('',(16.0011758879546,154.9,44.4692038279269));
#11001=CARTESIAN_POINT('',(91.6185180053863,154.9,22.5592707574767));
#11002=CARTESIAN_POINT('',(16.0011758879546,154.9,44.4692038279269));
#11003=CARTESIAN_POINT('',(91.6185180053863,7.00000000000001,22.5592707574767));
#11004=CARTESIAN_POINT('',(91.6185180053863,154.9,22.5592707574767));
#11005=CARTESIAN_POINT('',(16.0011758879546,7.,44.4692038279269));
#11006=CARTESIAN_POINT('',(91.6185180053863,7.00000000000001,22.5592707574767));
#11007=CARTESIAN_POINT('',(16.0011758879546,7.,44.4692038279269));
#11008=CARTESIAN_POINT('Origin',(91.6185180053863,154.9,22.5592707574767));
#11009=CARTESIAN_POINT('',(16.0011758879546,154.9,44.4692038279269));
#11010=CARTESIAN_POINT('',(91.6185180053863,154.9,22.5592707574767));
#11011=CARTESIAN_POINT('Origin',(91.6185180053863,7.00000000000001,22.5592707574767));
#11012=CARTESIAN_POINT('',(91.8245589199233,7.00000000000001,32.7452821312115));
#11013=CARTESIAN_POINT('Origin',(16.0011758879546,7.,44.4692038279269));
#11014=CARTESIAN_POINT('',(16.0011758879546,7.,44.4692038279269));
#11015=CARTESIAN_POINT('Origin',(16.0011758879546,154.9,44.4692038279269));
#11016=CARTESIAN_POINT('Origin',(94.2118518005387,4.3,21.8078588684832));
#11017=CARTESIAN_POINT('',(94.2118518005386,4.29999999999999,21.8078588684832));
#11018=CARTESIAN_POINT('Origin',(94.2118518005387,157.6,21.8078588684832));
#11019=CARTESIAN_POINT('',(0.,0.,0.));
#11020=CARTESIAN_POINT('',(0.,0.,0.));
#11021=UNCERTAINTY_MEASURE_WITH_UNIT(LENGTH_MEASURE(0.01),#11029,
'DISTANCE_ACCURACY_VALUE',
'Maximum model space distance between geometric entities at asserted c
onnectivities');
#11022=UNCERTAINTY_MEASURE_WITH_UNIT(LENGTH_MEASURE(0.01),#11029,
'DISTANCE_ACCURACY_VALUE',
'Maximum model space distance between geometric entities at asserted c
onnectivities');
#11023=UNCERTAINTY_MEASURE_WITH_UNIT(LENGTH_MEASURE(0.01),#11029,
'DISTANCE_ACCURACY_VALUE',
'Maximum model space distance between geometric entities at asserted c
onnectivities');
#11024=UNCERTAINTY_MEASURE_WITH_UNIT(LENGTH_MEASURE(0.01),#11029,
'DISTANCE_ACCURACY_VALUE',
'Maximum model space distance between geometric entities at asserted c
onnectivities');
#11025=(
GEOMETRIC_REPRESENTATION_CONTEXT(3)
GLOBAL_UNCERTAINTY_ASSIGNED_CONTEXT((#11021))
GLOBAL_UNIT_ASSIGNED_CONTEXT((#11029,#11031,#11032))
REPRESENTATION_CONTEXT('','3D')
);
#11026=(
GEOMETRIC_REPRESENTATION_CONTEXT(3)
GLOBAL_UNCERTAINTY_ASSIGNED_CONTEXT((#11022))
GLOBAL_UNIT_ASSIGNED_CONTEXT((#11029,#11031,#11032))
REPRESENTATION_CONTEXT('','3D')
);
#11027=(
GEOMETRIC_REPRESENTATION_CONTEXT(3)
GLOBAL_UNCERTAINTY_ASSIGNED_CONTEXT((#11023))
GLOBAL_UNIT_ASSIGNED_CONTEXT((#11029,#11031,#11032))
REPRESENTATION_CONTEXT('','3D')
);
#11028=(
GEOMETRIC_REPRESENTATION_CONTEXT(3)
GLOBAL_UNCERTAINTY_ASSIGNED_CONTEXT((#11024))
GLOBAL_UNIT_ASSIGNED_CONTEXT((#11029,#11031,#11032))
REPRESENTATION_CONTEXT('','3D')
);
#11029=(
LENGTH_UNIT()
NAMED_UNIT(*)
SI_UNIT(.MILLI.,.METRE.)
);
#11030=(
LENGTH_UNIT()
NAMED_UNIT(*)
SI_UNIT($,.METRE.)
);
#11031=(
NAMED_UNIT(*)
PLANE_ANGLE_UNIT()
SI_UNIT($,.RADIAN.)
);
#11032=(
NAMED_UNIT(*)
SI_UNIT($,.STERADIAN.)
SOLID_ANGLE_UNIT()
);
#11033=SHAPE_DEFINITION_REPRESENTATION(#11036,#11041);
#11034=SHAPE_DEFINITION_REPRESENTATION(#11037,#11042);
#11035=SHAPE_DEFINITION_REPRESENTATION(#11038,#11043);
#11036=PRODUCT_DEFINITION_SHAPE('',$,#11045);
#11037=PRODUCT_DEFINITION_SHAPE('',$,#11046);
#11038=PRODUCT_DEFINITION_SHAPE('',$,#11047);
#11039=PRODUCT_DEFINITION_SHAPE($,$,#17);
#11040=PRODUCT_DEFINITION_SHAPE($,$,#18);
#11041=SHAPE_REPRESENTATION('',(#3768,#4009,#4010),#11025);
#11042=SHAPE_REPRESENTATION('',(#3769),#11026);
#11043=SHAPE_REPRESENTATION('',(#3952),#11027);
#11044=PRODUCT_DEFINITION_CONTEXT('part definition',#11055,'design');
#11045=PRODUCT_DEFINITION('ScopeBuddyEnclosure',
'ScopeBuddyEnclosure v7',#11048,#11044);
#11046=PRODUCT_DEFINITION('Front','Front',#11049,#11044);
#11047=PRODUCT_DEFINITION('Back','Back',#11050,#11044);
#11048=PRODUCT_DEFINITION_FORMATION('',$,#11057);
#11049=PRODUCT_DEFINITION_FORMATION('',$,#11058);
#11050=PRODUCT_DEFINITION_FORMATION('',$,#11059);
#11051=PRODUCT_RELATED_PRODUCT_CATEGORY('ScopeBuddyEnclosure v7',
'ScopeBuddyEnclosure v7',(#11057));
#11052=PRODUCT_RELATED_PRODUCT_CATEGORY('Front','Front',(#11058));
#11053=PRODUCT_RELATED_PRODUCT_CATEGORY('Back','Back',(#11059));
#11054=APPLICATION_PROTOCOL_DEFINITION('international standard',
'automotive_design',2009,#11055);
#11055=APPLICATION_CONTEXT(
'Core Data for Automotive Mechanical Design Process');
#11056=PRODUCT_CONTEXT('part definition',#11055,'mechanical');
#11057=PRODUCT('ScopeBuddyEnclosure','ScopeBuddyEnclosure v7',$,(#11056));
#11058=PRODUCT('Front','Front',$,(#11056));
#11059=PRODUCT('Back','Back',$,(#11056));
#11060=PRESENTATION_STYLE_ASSIGNMENT((#11061));
#11061=SURFACE_STYLE_USAGE(.BOTH.,#11062);
#11062=SURFACE_SIDE_STYLE('',(#11063));
#11063=SURFACE_STYLE_FILL_AREA(#11064);
#11064=FILL_AREA_STYLE('Steel - Satin',(#11065));
#11065=FILL_AREA_STYLE_COLOUR('Steel - Satin',#11066);
#11066=COLOUR_RGB('Steel - Satin',0.627450980392157,0.627450980392157,0.627450980392157);
ENDSEC;
END-ISO-10303-21;
